[
  {
    "BankWithdrawalId": "1",
    "OnDate": "2019-12-01T07:49:01.0000000",
    "BankAccountId": "9",
    "ChequeNo": "",
    "InNameOf": "Bandhan_CurrentAcc",
    "Amount": "15000.0000",
    "PayMode": "1",
    "Details": "ATM WITHDRAWAL",
    "SignedBy": "Amit Kumar",
    "ApprovedBy": "Amit Kumar",
    "Remarks": "testing",
    "StoreId": "1"
  },
  {
    "BankWithdrawalId": "2",
    "OnDate": "2020-01-10T07:54:17.0000000",
    "BankAccountId": "2",
    "ChequeNo": "",
    "InNameOf": "ICICI_Sav_2791",
    "Amount": "15000.0000",
    "PayMode": "6",
    "Details": "MUKESH MANDAL",
    "SignedBy": "Amit Kumar",
    "ApprovedBy": "Alok Kumar",
    "Remarks": "002104",
    "StoreId": "1"
  },
  {
    "BankWithdrawalId": "3",
    "OnDate": "2020-01-24T07:58:28.0000000",
    "BankAccountId": "2",
    "ChequeNo": "",
    "InNameOf": "ICICI_Sav_2791",
    "Amount": "20000.0000",
    "PayMode": "6",
    "Details": "MUKESH MANDAL",
    "SignedBy": "Amit Kumar",
    "ApprovedBy": "Alok Kumar",
    "Remarks": "002106",
    "StoreId": "1"
  },
  {
    "BankWithdrawalId": "4",
    "OnDate": "2020-07-31T08:01:24.0000000",
    "BankAccountId": "9",
    "ChequeNo": "",
    "InNameOf": "Bandhan_CurrentAcc",
    "Amount": "70000.0000",
    "PayMode": "6",
    "Details": "SELF",
    "SignedBy": "Alok Kumar",
    "ApprovedBy": "Alok Kumar",
    "Remarks": "211",
    "StoreId": "1"
  },
  {
    "BankWithdrawalId": "5",
    "OnDate": "2020-08-21T08:03:48.0000000",
    "BankAccountId": "2",
    "ChequeNo": "",
    "InNameOf": "ICICI_Sav_2791",
    "Amount": "72000.0000",
    "PayMode": "0",
    "Details": "Alok for Bhakat Brothers",
    "SignedBy": "Alok Kumar",
    "ApprovedBy": "Alok Kumar",
    "Remarks": "ATM withdrawl",
    "StoreId": "1"
  },
  {
    "BankWithdrawalId": "6",
    "OnDate": "2020-08-21T08:03:48.0000000",
    "BankAccountId": "2",
    "ChequeNo": "",
    "InNameOf": "ICICI_Sav_2791",
    "Amount": "20000.0000",
    "PayMode": "0",
    "Details": "Alok for ANUP SHARMA",
    "SignedBy": "Alok Kumar",
    "ApprovedBy": "Alok Kumar",
    "Remarks": "ATM withdrawl",
    "StoreId": "1"
  },
  {
    "BankWithdrawalId": "7",
    "OnDate": "2020-08-26T08:07:32.0000000",
    "BankAccountId": "2",
    "ChequeNo": "",
    "InNameOf": "ICICI_Sav_2791",
    "Amount": "10000.0000",
    "PayMode": "0",
    "Details": "Alok Kumar",
    "SignedBy": "Alok Kumar",
    "ApprovedBy": "Alok Kumar",
    "Remarks": "ATM WITHDRAWL",
    "StoreId": "1"
  },
  {
    "BankWithdrawalId": "8",
    "OnDate": "2020-09-25T02:37:32.0000000",
    "BankAccountId": "2",
    "ChequeNo": "",
    "InNameOf": "ICICI_Sav_2791",
    "Amount": "10000.0000",
    "PayMode": "0",
    "Details": "FOR CASH",
    "SignedBy": "Alok Kumar",
    "ApprovedBy": "Alok Kumar",
    "Remarks": "ATM WITHDRAWL",
    "StoreId": "1"
  },
  {
    "BankWithdrawalId": "9",
    "OnDate": "2020-09-30T08:13:29.0000000",
    "BankAccountId": "6",
    "ChequeNo": "",
    "InNameOf": "AprajitaRetails_ICICI",
    "Amount": "700000.0000",
    "PayMode": "0",
    "Details": "SELF",
    "SignedBy": "Amit Kumar",
    "ApprovedBy": "Amit Kumar",
    "Remarks": "ch.num:-002179",
    "StoreId": "1"
  },
  {
    "BankWithdrawalId": "10",
    "OnDate": "2020-11-13T08:18:40.0000000",
    "BankAccountId": "3",
    "ChequeNo": "",
    "InNameOf": "ATM CASH ",
    "Amount": "10000.0000",
    "PayMode": "1",
    "Details": "FOR CASH",
    "SignedBy": "Alok Kumar",
    "ApprovedBy": "Alok Kumar",
    "Remarks": "ATM WITHDRAWL",
    "StoreId": "1"
  },
  {
    "BankWithdrawalId": "12",
    "OnDate": "2021-06-02T08:20:36.0000000",
    "BankAccountId": "6",
    "ChequeNo": "",
    "InNameOf": "AprajitaRetails_ICICI",
    "Amount": "35000.0000",
    "PayMode": "0",
    "Details": "self for cash",
    "SignedBy": "Amit Kumar",
    "ApprovedBy": "Alok Kumar",
    "Remarks": "22148",
    "StoreId": "1"
  }
]