[
  {
    "BankDepositId": "3",
    "OnDate": "2019-12-12T07:04:49.0000000",
    "BankAccountId": "7",
    "ChequeNo": "na",
    "InNameOf": "Shalini_ICICI",
    "Amount": "10000.0000",
    "PayMode": "1",
    "Details": "",
    "Remarks": "Testing",
    "IsInHouse": "True",
    "StoreId": "1"
  },
  {
    "BankDepositId": "6",
    "OnDate": "2019-12-19T07:08:58.0000000",
    "BankAccountId": "9",
    "ChequeNo": "na",
    "InNameOf": "Bandhan_CurrentAcc",
    "Amount": "28000.0000",
    "PayMode": "1",
    "Details": "CASH DEPOSIT Edit, Match with original data",
    "Remarks": "Testing",
    "IsInHouse": "True",
    "StoreId": "1"
  },
  {
    "BankDepositId": "7",
    "OnDate": "2020-01-22T07:11:51.0000000",
    "BankAccountId": "3",
    "ChequeNo": "na",
    "InNameOf": "AmitKumar_BOB",
    "Amount": "8000.0000",
    "PayMode": "1",
    "Details": "",
    "Remarks": "Testing",
    "IsInHouse": "True",
    "StoreId": "1"
  },
  {
    "BankDepositId": "8",
    "OnDate": "2020-02-18T07:13:24.0000000",
    "BankAccountId": "6",
    "ChequeNo": "na",
    "InNameOf": "AprajitaRetails_ICICI",
    "Amount": "197500.0000",
    "PayMode": "1",
    "Details": "",
    "Remarks": "Testing",
    "IsInHouse": "True",
    "StoreId": "1"
  },
  {
    "BankDepositId": "9",
    "OnDate": "2020-02-19T07:14:57.0000000",
    "BankAccountId": "6",
    "ChequeNo": "na",
    "InNameOf": "AprajitaRetails_ICICI",
    "Amount": "4000.0000",
    "PayMode": "1",
    "Details": "cash deposit",
    "Remarks": "Testing",
    "IsInHouse": "True",
    "StoreId": "1"
  },
  {
    "BankDepositId": "10",
    "OnDate": "2020-05-14T07:16:18.0000000",
    "BankAccountId": "2",
    "ChequeNo": "na",
    "InNameOf": "ICICI_Sav_2791",
    "Amount": "11000.0000",
    "PayMode": "1",
    "Details": "",
    "Remarks": "Testing",
    "IsInHouse": "True",
    "StoreId": "1"
  },
  {
    "BankDepositId": "11",
    "OnDate": "2020-06-09T07:17:52.0000000",
    "BankAccountId": "2",
    "ChequeNo": "NA",
    "InNameOf": "ICICI_Sav_2791",
    "Amount": "37000.0000",
    "PayMode": "1",
    "Details": "",
    "Remarks": "Testing",
    "IsInHouse": "True",
    "StoreId": "1"
  },
  {
    "BankDepositId": "12",
    "OnDate": "2020-06-18T07:20:24.0000000",
    "BankAccountId": "5",
    "ChequeNo": "NA",
    "InNameOf": "AmitKumar_PNB",
    "Amount": "20000.0000",
    "PayMode": "1",
    "Details": "",
    "Remarks": "Testing",
    "IsInHouse": "True",
    "StoreId": "1"
  },
  {
    "BankDepositId": "13",
    "OnDate": "2020-06-18T07:20:24.0000000",
    "BankAccountId": "11",
    "ChequeNo": "NA",
    "InNameOf": "SBI_OD",
    "Amount": "20000.0000",
    "PayMode": "1",
    "Details": "",
    "Remarks": "Testing",
    "IsInHouse": "True",
    "StoreId": "1"
  },
  {
    "BankDepositId": "14",
    "OnDate": "2020-06-29T07:23:04.0000000",
    "BankAccountId": "9",
    "ChequeNo": "NA",
    "InNameOf": "Bandhan_CurrentAcc",
    "Amount": "22000.0000",
    "PayMode": "1",
    "Details": "",
    "Remarks": "Testing",
    "IsInHouse": "True",
    "StoreId": "1"
  },
  {
    "BankDepositId": "15",
    "OnDate": "2020-07-09T07:24:20.0000000",
    "BankAccountId": "9",
    "ChequeNo": "NA",
    "InNameOf": "Bandhan_CurrentAcc",
    "Amount": "7500.0000",
    "PayMode": "1",
    "Details": "CASH DEPOSIT",
    "Remarks": "Testing",
    "IsInHouse": "True",
    "StoreId": "1"
  },
  {
    "BankDepositId": "16",
    "OnDate": "2020-09-30T07:26:20.0000000",
    "BankAccountId": "6",
    "ChequeNo": "NA",
    "InNameOf": "AprajitaRetails_ICICI",
    "Amount": "500.0000",
    "PayMode": "1",
    "Details": "",
    "Remarks": "Testing",
    "IsInHouse": "True",
    "StoreId": "1"
  },
  {
    "BankDepositId": "17",
    "OnDate": "2020-10-03T07:28:40.0000000",
    "BankAccountId": "9",
    "ChequeNo": "NA",
    "InNameOf": "Bandhan_CurrentAcc",
    "Amount": "2000.0000",
    "PayMode": "1",
    "Details": "CASH DEPOSIT",
    "Remarks": "Testing",
    "IsInHouse": "True",
    "StoreId": "1"
  },
  {
    "BankDepositId": "18",
    "OnDate": "2020-10-06T07:30:38.0000000",
    "BankAccountId": "6",
    "ChequeNo": "NA",
    "InNameOf": "GOPI CHOURASIA",
    "Amount": "110000.0000",
    "PayMode": "1",
    "Details": "CASH DEPOSIT",
    "Remarks": "RECEIVED GOPI CHOURASIA",
    "IsInHouse": "True",
    "StoreId": "1"
  },
  {
    "BankDepositId": "19",
    "OnDate": "2020-09-10T07:33:26.0000000",
    "BankAccountId": "7",
    "ChequeNo": "NA",
    "InNameOf": "Shalini_ICICI",
    "Amount": "15000.0000",
    "PayMode": "1",
    "Details": "CASH DEPOSIT",
    "Remarks": "CASH DEPOSIT",
    "IsInHouse": "True",
    "StoreId": "1"
  },
  {
    "BankDepositId": "20",
    "OnDate": "2020-10-11T07:36:55.0000000",
    "BankAccountId": "6",
    "ChequeNo": "NA",
    "InNameOf": "AprajitaRetails_ICICI",
    "Amount": "1443.0000",
    "PayMode": "1",
    "Details": "fund transfer",
    "Remarks": "fund transfer num:-9726",
    "IsInHouse": "True",
    "StoreId": "1"
  },
  {
    "BankDepositId": "21",
    "OnDate": "2020-10-19T07:39:41.0000000",
    "BankAccountId": "6",
    "ChequeNo": "NA",
    "InNameOf": "AprajitaRetails_ICICI",
    "Amount": "50000.0000",
    "PayMode": "1",
    "Details": "CASH DEPOSIT",
    "Remarks": "Cash Deposit",
    "IsInHouse": "True",
    "StoreId": "1"
  },
  {
    "BankDepositId": "22",
    "OnDate": "2020-12-28T07:41:43.0000000",
    "BankAccountId": "6",
    "ChequeNo": "NA",
    "InNameOf": "AprajitaRetails_ICICI",
    "Amount": "500000.0000",
    "PayMode": "1",
    "Details": "",
    "Remarks": "cash by sushil kumar jhunjhunwala ",
    "IsInHouse": "True",
    "StoreId": "1"
  },
  {
    "BankDepositId": "23",
    "OnDate": "2021-03-25T07:22:50.0000000",
    "BankAccountId": "2",
    "ChequeNo": "NA",
    "InNameOf": "ICICI Saving-2791",
    "Amount": "6198.0000",
    "PayMode": "1",
    "Details": "A/C 2791 by Google Pay",
    "Remarks": "A/C 2791 by Google Pay",
    "IsInHouse": "True",
    "StoreId": "1"
  },
  {
    "BankDepositId": "25",
    "OnDate": "2021-03-01T07:29:43.0000000",
    "BankAccountId": "9",
    "ChequeNo": "NA",
    "InNameOf": "Bandhan_CurrentAcc",
    "Amount": "40000.0000",
    "PayMode": "1",
    "Details": "Bandhan_CurrentAcc",
    "Remarks": "Bank Deposit",
    "IsInHouse": "True",
    "StoreId": "1"
  },
  {
    "BankDepositId": "26",
    "OnDate": "2021-02-24T07:31:56.0000000",
    "BankAccountId": "9",
    "ChequeNo": "NA",
    "InNameOf": "Bandhan_CurrentAcc",
    "Amount": "35000.0000",
    "PayMode": "1",
    "Details": "Bandhan_CurrentAcc",
    "Remarks": "Bank Deposit",
    "IsInHouse": "True",
    "StoreId": "1"
  },
  {
    "BankDepositId": "27",
    "OnDate": "2021-02-19T07:34:07.0000000",
    "BankAccountId": "9",
    "ChequeNo": "NA",
    "InNameOf": "Bandhan_CurrentAcc",
    "Amount": "50000.0000",
    "PayMode": "1",
    "Details": "Bandhan_CurrentAcc",
    "Remarks": "Bank Deposit",
    "IsInHouse": "True",
    "StoreId": "1"
  },
  {
    "BankDepositId": "28",
    "OnDate": "2021-02-19T07:35:22.0000000",
    "BankAccountId": "1",
    "ChequeNo": "NA",
    "InNameOf": "SBI_CC-7464",
    "Amount": "25000.0000",
    "PayMode": "1",
    "Details": "SBI_CC-7464",
    "Remarks": "Bank Deposit",
    "IsInHouse": "True",
    "StoreId": "1"
  }
]