[
  {
    "BankId": "1",
    "BankName": "State Bank of India"
  },
  {
    "BankId": "2",
    "BankName": "ICICI Bank"
  },
  {
    "BankId": "3",
    "BankName": "Bandhan Bank"
  },
  {
    "BankId": "4",
    "BankName": "Punjab National Bank"
  },
  {
    "BankId": "5",
    "BankName": "Bank of Baroda"
  },
  {
    "BankId": "6",
    "BankName": "Axis Bank"
  },
  {
    "BankId": "7",
    "BankName": "HDFC Bank"
  },
  {
    "BankId": "8",
    "BankName": "Andhara Bank"
  },
  {
    "BankId": "9",
    "BankName": "Citi Bank"
  },
  {
    "BankId": "10",
    "BankName": "Dena Bank"
  },
  {
    "BankId": "11",
    "BankName": "JP Morgan Bank"
  },
  {
    "BankId": "12",
    "BankName": "Yes Bank"
  },
  {
    "BankId": "13",
    "BankName": "BankOfIndia"
  },
  {
    "BankId": "14",
    "BankName": "IDBI Bank"
  },
  {
    "BankId": "15",
    "BankName": "Vijiya Bank"
  },
  {
    "BankId": "16",
    "BankName": "Kotak Mahindra Bank"
  }
]