[
  {
    "EBillPaymentId": "2",
    "EletricityBillId": "2",
    "PaymentDate": "2019-02-25T00:00:00.0000000",
    "Amount": "7461.0000",
    "Mode": "0",
    "PaymentDetails": "electricity bill",
    "Remarks": "Electricity bill",
    "IsPartialPayment": "True",
    "IsBillCleared": "False",
    "UserId": "GeetanjaliKumariVerma",
    "EntryStatus": "0",
    "IsReadOnly": "False",
    "StoreId": "1"
  },
  {
    "EBillPaymentId": "3",
    "EletricityBillId": "4",
    "PaymentDate": "2019-04-29T00:00:00.0000000",
    "Amount": "13000.0000",
    "Mode": "0",
    "PaymentDetails": "electricity bill",
    "Remarks": "Electricity bill",
    "IsPartialPayment": "True",
    "IsBillCleared": "False",
    "UserId": "GeetanjaliKumariVerma",
    "EntryStatus": "0",
    "IsReadOnly": "False",
    "StoreId": "1"
  },
  {
    "EBillPaymentId": "4",
    "EletricityBillId": "22",
    "PaymentDate": "2021-01-18T00:00:00.0000000",
    "Amount": "30000.0000",
    "Mode": "0",
    "PaymentDetails": "electricity bill",
    "Remarks": "Electricity bill",
    "IsPartialPayment": "True",
    "IsBillCleared": "False",
    "UserId": "GeetanjaliKumariVerma",
    "EntryStatus": "0",
    "IsReadOnly": "False",
    "StoreId": "1"
  },
  {
    "EBillPaymentId": "5",
    "EletricityBillId": "23",
    "PaymentDate": "2021-02-02T00:00:00.0000000",
    "Amount": "12000.0000",
    "Mode": "0",
    "PaymentDetails": "electricity bill",
    "Remarks": "Electricity bill",
    "IsPartialPayment": "True",
    "IsBillCleared": "False",
    "UserId": "GeetanjaliKumariVerma",
    "EntryStatus": "0",
    "IsReadOnly": "False",
    "StoreId": "1"
  },
  {
    "EBillPaymentId": "6",
    "EletricityBillId": "25",
    "PaymentDate": "2019-02-25T00:00:00.0000000",
    "Amount": "8833.0000",
    "Mode": "0",
    "PaymentDetails": "home electricity bill",
    "Remarks": "Home electricity bill",
    "IsPartialPayment": "True",
    "IsBillCleared": "False",
    "UserId": "GeetanjaliKumariVerma",
    "EntryStatus": "0",
    "IsReadOnly": "False",
    "StoreId": "1"
  },
  {
    "EBillPaymentId": "7",
    "EletricityBillId": "27",
    "PaymentDate": "2019-04-29T00:00:00.0000000",
    "Amount": "4500.0000",
    "Mode": "0",
    "PaymentDetails": "home electricity bill",
    "Remarks": "Home electricity bill",
    "IsPartialPayment": "True",
    "IsBillCleared": "False",
    "UserId": "GeetanjaliKumariVerma",
    "EntryStatus": "0",
    "IsReadOnly": "False",
    "StoreId": "1"
  },
  {
    "EBillPaymentId": "8",
    "EletricityBillId": "43",
    "PaymentDate": "2021-01-18T00:00:00.0000000",
    "Amount": "30000.0000",
    "Mode": "0",
    "PaymentDetails": "home electricity bill",
    "Remarks": "Home electricity bill",
    "IsPartialPayment": "True",
    "IsBillCleared": "False",
    "UserId": "GeetanjaliKumariVerma",
    "EntryStatus": "0",
    "IsReadOnly": "False",
    "StoreId": "1"
  },
  {
    "EBillPaymentId": "9",
    "EletricityBillId": "44",
    "PaymentDate": "2021-02-02T00:00:00.0000000",
    "Amount": "6000.0000",
    "Mode": "0",
    "PaymentDetails": "home electricity bill",
    "Remarks": "Home electricity bill",
    "IsPartialPayment": "True",
    "IsBillCleared": "False",
    "UserId": "GeetanjaliKumariVerma",
    "EntryStatus": "0",
    "IsReadOnly": "False",
    "StoreId": "1"
  },
  {
    "EBillPaymentId": "10",
    "EletricityBillId": "19",
    "PaymentDate": "2020-11-26T00:00:00.0000000",
    "Amount": "30000.0000",
    "Mode": "0",
    "PaymentDetails": "electricity bill",
    "Remarks": "Electricity bill",
    "IsPartialPayment": "True",
    "IsBillCleared": "False",
    "UserId": "GeetanjaliKumariVerma",
    "EntryStatus": "0",
    "IsReadOnly": "False",
    "StoreId": "1"
  },
  {
    "EBillPaymentId": "11",
    "EletricityBillId": "4",
    "PaymentDate": "2019-04-29T00:00:00.0000000",
    "Amount": "13000.0000",
    "Mode": "0",
    "PaymentDetails": "electricity bill",
    "Remarks": "Electricity bill",
    "IsPartialPayment": "False",
    "IsBillCleared": "True",
    "UserId": "GeetanjaliKumariVerma",
    "EntryStatus": "0",
    "IsReadOnly": "False",
    "StoreId": "1"
  },
  {
    "EBillPaymentId": "12",
    "EletricityBillId": "11",
    "PaymentDate": "2019-11-29T00:00:00.0000000",
    "Amount": "20000.0000",
    "Mode": "0",
    "PaymentDetails": "electricity bill",
    "Remarks": "Electricity bill",
    "IsPartialPayment": "True",
    "IsBillCleared": "False",
    "UserId": "GeetanjaliKumariVerma",
    "EntryStatus": "0",
    "IsReadOnly": "False",
    "StoreId": "1"
  },
  {
    "EBillPaymentId": "13",
    "EletricityBillId": "48",
    "PaymentDate": "2021-03-26T00:00:00.0000000",
    "Amount": "10000.0000",
    "Mode": "0",
    "PaymentDetails": "electricity bill",
    "Remarks": "Electricity bill edited",
    "IsPartialPayment": "True",
    "IsBillCleared": "False",
    "UserId": "Admin",
    "EntryStatus": "0",
    "IsReadOnly": "False",
    "StoreId": "1"
  },
  {
    "EBillPaymentId": "14",
    "EletricityBillId": "47",
    "PaymentDate": "2021-03-26T00:00:00.0000000",
    "Amount": "3200.0000",
    "Mode": "0",
    "PaymentDetails": "home electricity bill",
    "Remarks": "Home electricity bill",
    "IsPartialPayment": "True",
    "IsBillCleared": "False",
    "UserId": "Admin",
    "EntryStatus": "0",
    "IsReadOnly": "False",
    "StoreId": "1"
  }
]