[
  {
    "CashReceiptId": "1",
    "InwardDate": "2020-12-22T00:00:00.0000000",
    "TranscationModeId": "6",
    "ReceiptFrom": "sushil kumar jhunjhunwala",
    "Amount": "1000000.0000",
    "SlipNo": "ardr0046",
    "Remarks": "Imported",
    "UserId": "AmitKumar",
    "EntryStatus": "0",
    "IsReadOnly": "True",
    "StoreId": "1"
  },
  {
    "CashReceiptId": "2",
    "InwardDate": "2020-12-12T00:00:00.0000000",
    "TranscationModeId": "6",
    "ReceiptFrom": "pankaj verma",
    "Amount": "99000.0000",
    "SlipNo": "",
    "Remarks": "Imported",
    "UserId": "AmitKumar",
    "EntryStatus": "0",
    "IsReadOnly": "True",
    "StoreId": "1"
  },
  {
    "CashReceiptId": "3",
    "InwardDate": "2020-10-06T00:00:00.0000000",
    "TranscationModeId": "6",
    "ReceiptFrom": "GOPI CHOUASIA",
    "Amount": "110000.0000",
    "SlipNo": "ARDR0030",
    "Remarks": "Imported",
    "UserId": "AmitKumar",
    "EntryStatus": "0",
    "IsReadOnly": "True",
    "StoreId": "1"
  },
  {
    "CashReceiptId": "4",
    "InwardDate": "2020-10-02T00:00:00.0000000",
    "TranscationModeId": "6",
    "ReceiptFrom": "colour mistry for Bamboo",
    "Amount": "150.0000",
    "SlipNo": "",
    "Remarks": "Imported",
    "UserId": "AmitKumar",
    "EntryStatus": "0",
    "IsReadOnly": "True",
    "StoreId": "1"
  },
  {
    "CashReceiptId": "5",
    "InwardDate": "2020-09-09T00:00:00.0000000",
    "TranscationModeId": "6",
    "ReceiptFrom": "AMIT JEE(OLD LOAN OF MUKESH MANDAL)",
    "Amount": "5000.0000",
    "SlipNo": "",
    "Remarks": "Imported",
    "UserId": "AmitKumar",
    "EntryStatus": "0",
    "IsReadOnly": "True",
    "StoreId": "1"
  },
  {
    "CashReceiptId": "6",
    "InwardDate": "2020-08-22T00:00:00.0000000",
    "TranscationModeId": "7",
    "ReceiptFrom": "ELECTRIC MISTRY(PAMENT DT:-21.08.2020",
    "Amount": "100.0000",
    "SlipNo": "",
    "Remarks": "Imported",
    "UserId": "AmitKumar",
    "EntryStatus": "0",
    "IsReadOnly": "True",
    "StoreId": "1"
  },
  {
    "CashReceiptId": "7",
    "InwardDate": "2020-07-20T00:00:00.0000000",
    "TranscationModeId": "6",
    "ReceiptFrom": "amit jee",
    "Amount": "5000.0000",
    "SlipNo": "withdrowl from atm",
    "Remarks": "Imported",
    "UserId": "AmitKumar",
    "EntryStatus": "0",
    "IsReadOnly": "True",
    "StoreId": "1"
  },
  {
    "CashReceiptId": "8",
    "InwardDate": "2020-07-19T00:00:00.0000000",
    "TranscationModeId": "6",
    "ReceiptFrom": "amit kumar(on line transfer a/c of alok kumar)",
    "Amount": "5000.0000",
    "SlipNo": "",
    "Remarks": "Imported",
    "UserId": "AmitKumar",
    "EntryStatus": "0",
    "IsReadOnly": "True",
    "StoreId": "1"
  },
  {
    "CashReceiptId": "9",
    "InwardDate": "2020-07-11T00:00:00.0000000",
    "TranscationModeId": "6",
    "ReceiptFrom": "amit jee",
    "Amount": "10000.0000",
    "SlipNo": "received through atm withdrowl",
    "Remarks": "Imported",
    "UserId": "AmitKumar",
    "EntryStatus": "0",
    "IsReadOnly": "True",
    "StoreId": "1"
  }
]