[
  {
    "ContactId": "1",
    "FirstName": "AJAM",
    "LastName": "MASTER",
    "MobileNo": "9973599123",
    "PhoneNo": null,
    "EMailAddress": null,
    "Remarks": "Tailor Master"
  },
  {
    "ContactId": "2",
    "FirstName": "Rajshree ",
    "LastName": "Himopt",
    "MobileNo": "",
    "PhoneNo": "",
    "EMailAddress": "",
    "Remarks": ""
  },
  {
    "ContactId": "3",
    "FirstName": "Raju ",
    "LastName": "Dangal",
    "MobileNo": "",
    "PhoneNo": "",
    "EMailAddress": "",
    "Remarks": ""
  },
  {
    "ContactId": "4",
    "FirstName": "Rajuji Jitendar",
    "LastName": "Gupta",
    "MobileNo": "993-404-0524",
    "PhoneNo": "",
    "EMailAddress": "",
    "Remarks": ""
  },
  {
    "ContactId": "5",
    "FirstName": "Rakesh ",
    "LastName": "Electrician",
    "MobileNo": "948-021-2596",
    "PhoneNo": "",
    "EMailAddress": "",
    "Remarks": ""
  },
  {
    "ContactId": "6",
    "FirstName": "Rakesh singhania",
    "LastName": "Dumka",
    "MobileNo": "",
    "PhoneNo": "",
    "EMailAddress": "",
    "Remarks": ""
  },
  {
    "ContactId": "7",
    "FirstName": "Ram Avatar Uncle ",
    "LastName": "",
    "MobileNo": "94313 10434",
    "PhoneNo": "",
    "EMailAddress": "",
    "Remarks": ""
  },
  {
    "ContactId": "8",
    "FirstName": "Ramanad Radha Guest",
    "LastName": "House",
    "MobileNo": "969-344-0845",
    "PhoneNo": "",
    "EMailAddress": "",
    "Remarks": ""
  },
  {
    "ContactId": "9",
    "FirstName": "Ramchandar ",
    "LastName": "Seo",
    "MobileNo": "917352369758",
    "PhoneNo": "",
    "EMailAddress": "",
    "Remarks": ""
  },
  {
    "ContactId": "10",
    "FirstName": "Rames ",
    "LastName": "Gup",
    "MobileNo": "",
    "PhoneNo": "",
    "EMailAddress": "",
    "Remarks": ""
  },
  {
    "ContactId": "11",
    "FirstName": "Ramprasad Chennai",
    "LastName": "Transacar",
    "MobileNo": "7299011991",
    "PhoneNo": "",
    "EMailAddress": "",
    "Remarks": ""
  },
  {
    "ContactId": "12",
    "FirstName": "RajKumar 6th",
    "LastName": "Gear",
    "MobileNo": "",
    "PhoneNo": "",
    "EMailAddress": "",
    "Remarks": ""
  },
  {
    "ContactId": "13",
    "FirstName": "Randheer Maa",
    "LastName": "Guest",
    "MobileNo": "773-911-2939",
    "PhoneNo": "",
    "EMailAddress": "",
    "Remarks": ""
  },
  {
    "ContactId": "14",
    "FirstName": "Ranjeet ",
    "LastName": "New",
    "MobileNo": "917070643567",
    "PhoneNo": "",
    "EMailAddress": "kirankumar.p@hdfs.com",
    "Remarks": ""
  },
  {
    "ContactId": "15",
    "FirstName": "Ranjeet ",
    "LastName": "Sis",
    "MobileNo": "706-309-3243",
    "PhoneNo": "",
    "EMailAddress": "",
    "Remarks": ""
  },
  {
    "ContactId": "16",
    "FirstName": "Ranjeet New",
    "LastName": "Latest",
    "MobileNo": "8757461991",
    "PhoneNo": "",
    "EMailAddress": "",
    "Remarks": ""
  },
  {
    "ContactId": "17",
    "FirstName": "Ranu Singh",
    "LastName": "Madhupur",
    "MobileNo": "919934379373",
    "PhoneNo": "",
    "EMailAddress": "sumit.agarwal@franchiseindia.in",
    "Remarks": ""
  },
  {
    "ContactId": "18",
    "FirstName": "Ranu Singh ",
    "LastName": "Carmel",
    "MobileNo": "",
    "PhoneNo": "",
    "EMailAddress": "",
    "Remarks": ""
  },
  {
    "ContactId": "19",
    "FirstName": "Ratan ",
    "LastName": "",
    "MobileNo": "",
    "PhoneNo": "",
    "EMailAddress": "",
    "Remarks": ""
  },
  {
    "ContactId": "20",
    "FirstName": "Ravi ",
    "LastName": "Icici",
    "MobileNo": "+91 95990 86208",
    "PhoneNo": "",
    "EMailAddress": "",
    "Remarks": ""
  },
  {
    "ContactId": "21",
    "FirstName": "Ravi Sony",
    "LastName": "Eletronic",
    "MobileNo": "977-147-7735",
    "PhoneNo": "",
    "EMailAddress": "",
    "Remarks": ""
  },
  {
    "ContactId": "22",
    "FirstName": "Ravindra Arvind",
    "LastName": "Store",
    "MobileNo": "919899977505",
    "PhoneNo": "",
    "EMailAddress": "",
    "Remarks": ""
  },
  {
    "ContactId": "23",
    "FirstName": "Ravindra Ele",
    "LastName": "mistry",
    "MobileNo": "",
    "PhoneNo": "",
    "EMailAddress": "",
    "Remarks": ""
  },
  {
    "ContactId": "24",
    "FirstName": "Ranjedra ",
    "LastName": "Gupta",
    "MobileNo": "+91 96613 42107",
    "PhoneNo": "",
    "EMailAddress": "",
    "Remarks": ""
  },
  {
    "ContactId": "25",
    "FirstName": "Ritesh Nair Arvind",
    "LastName": "Limited",
    "MobileNo": "+91 99091 05838",
    "PhoneNo": "",
    "EMailAddress": "",
    "Remarks": ""
  },
  {
    "ContactId": "26",
    "FirstName": "Rajiv Narayan ",
    "LastName": "Gupta",
    "MobileNo": "+91 98312 32945",
    "PhoneNo": "",
    "EMailAddress": "",
    "Remarks": ""
  },
  {
    "ContactId": "27",
    "FirstName": "Rajesh Modi Marble Shop ",
    "LastName": "",
    "MobileNo": "",
    "PhoneNo": "",
    "EMailAddress": "",
    "Remarks": ""
  },
  {
    "ContactId": "28",
    "FirstName": "Piles ",
    "LastName": "Free",
    "MobileNo": "093-100-06356",
    "PhoneNo": "",
    "EMailAddress": "",
    "Remarks": ""
  },
  {
    "ContactId": "29",
    "FirstName": "Pink ",
    "LastName": "Thailand",
    "MobileNo": "+66 84 215 7595",
    "PhoneNo": "",
    "EMailAddress": "",
    "Remarks": ""
  },
  {
    "ContactId": "30",
    "FirstName": "Pinku ",
    "LastName": "Pareshar",
    "MobileNo": "+91 94313 84852",
    "PhoneNo": "",
    "EMailAddress": "",
    "Remarks": ""
  },
  {
    "ContactId": "31",
    "FirstName": "Pk ",
    "LastName": "Dutta",
    "MobileNo": "919431160287",
    "PhoneNo": "",
    "EMailAddress": "",
    "Remarks": ""
  },
  {
    "ContactId": "32",
    "FirstName": "PNB Durgapur  ",
    "LastName": "",
    "MobileNo": "+91 70444 81471",
    "PhoneNo": "",
    "EMailAddress": "",
    "Remarks": ""
  },
  {
    "ContactId": "33",
    "FirstName": "Police ",
    "LastName": "",
    "MobileNo": "100",
    "PhoneNo": "",
    "EMailAddress": "",
    "Remarks": ""
  },
  {
    "ContactId": "34",
    "FirstName": "Pradeep Sbi",
    "LastName": "Lic",
    "MobileNo": "776-503-3717",
    "PhoneNo": "",
    "EMailAddress": "",
    "Remarks": ""
  },
  {
    "ContactId": "35",
    "FirstName": "Pradeep Title Jai Mata",
    "LastName": "Di",
    "MobileNo": "919973472046",
    "PhoneNo": "",
    "EMailAddress": "help@uidai.gov.in",
    "Remarks": ""
  },
  {
    "ContactId": "36",
    "FirstName": "Prakash charan",
    "LastName": "Yadav",
    "MobileNo": "919771492807",
    "PhoneNo": "",
    "EMailAddress": "",
    "Remarks": ""
  },
  {
    "ContactId": "37",
    "FirstName": "Pratik ",
    "LastName": "Arvind",
    "MobileNo": "918335855210",
    "PhoneNo": "9123333273",
    "EMailAddress": "",
    "Remarks": ""
  },
  {
    "ContactId": "38",
    "FirstName": "Rajiv ",
    "LastName": "Ranjan",
    "MobileNo": "943-119-4093",
    "PhoneNo": "",
    "EMailAddress": "",
    "Remarks": ""
  },
  {
    "ContactId": "39",
    "FirstName": "Prince Broker ",
    "LastName": "",
    "MobileNo": "93046 98511",
    "PhoneNo": "",
    "EMailAddress": "",
    "Remarks": ""
  },
  {
    "ContactId": "40",
    "FirstName": "Raj Kishore. Kk Shastry",
    "LastName": "Friend",
    "MobileNo": "",
    "PhoneNo": "",
    "EMailAddress": "",
    "Remarks": ""
  },
  {
    "ContactId": "41",
    "FirstName": "Raj Nandi ",
    "LastName": "Hdfc Bm",
    "MobileNo": "",
    "PhoneNo": "",
    "EMailAddress": "",
    "Remarks": ""
  },
  {
    "ContactId": "42",
    "FirstName": "Rajak Ass.",
    "LastName": "Eng",
    "MobileNo": "",
    "PhoneNo": "",
    "EMailAddress": "",
    "Remarks": ""
  },
  {
    "ContactId": "43",
    "FirstName": "Rajeev ",
    "LastName": "Mahindra",
    "MobileNo": "773-912-5555",
    "PhoneNo": "",
    "EMailAddress": "",
    "Remarks": ""
  },
  {
    "ContactId": "44",
    "FirstName": "Rajeev ",
    "LastName": "Spiada",
    "MobileNo": "84095 46069",
    "PhoneNo": "",
    "EMailAddress": "",
    "Remarks": ""
  },
  {
    "ContactId": "45",
    "FirstName": "Rajesh ",
    "LastName": "Hyderbad",
    "MobileNo": "984-906-7052",
    "PhoneNo": "",
    "EMailAddress": "",
    "Remarks": ""
  },
  {
    "ContactId": "46",
    "FirstName": "Rajesh  Tax Consultant",
    "LastName": "Blr",
    "MobileNo": "",
    "PhoneNo": "",
    "EMailAddress": "",
    "Remarks": ""
  },
  {
    "ContactId": "47",
    "FirstName": "Rajesh Andand",
    "LastName": "Dto",
    "MobileNo": "923-435-2668",
    "PhoneNo": "",
    "EMailAddress": "",
    "Remarks": ""
  },
  {
    "ContactId": "48",
    "FirstName": "Rajesh Kumar",
    "LastName": "Chacha",
    "MobileNo": "099-990-07088",
    "PhoneNo": "",
    "EMailAddress": "",
    "Remarks": ""
  },
  {
    "ContactId": "49",
    "FirstName": "Rajesh Kumar",
    "LastName": "Chourasia",
    "MobileNo": "919431156010",
    "PhoneNo": "",
    "EMailAddress": "campco9431156010@gmail.com",
    "Remarks": ""
  },
  {
    "ContactId": "50",
    "FirstName": "Pritam Block Dumka  ",
    "LastName": "",
    "MobileNo": "87893 16177",
    "PhoneNo": "",
    "EMailAddress": "",
    "Remarks": ""
  },
  {
    "ContactId": "51",
    "FirstName": "Pick ",
    "LastName": "It",
    "MobileNo": "",
    "PhoneNo": "",
    "EMailAddress": "",
    "Remarks": ""
  },
  {
    "ContactId": "52",
    "FirstName": "Rockey Jio",
    "LastName": "Dumka",
    "MobileNo": "917004439107",
    "PhoneNo": "",
    "EMailAddress": "",
    "Remarks": ""
  },
  {
    "ContactId": "53",
    "FirstName": "S Mishra ",
    "LastName": "",
    "MobileNo": "+91 70910 73434",
    "PhoneNo": "",
    "EMailAddress": "",
    "Remarks": ""
  },
  {
    "ContactId": "54",
    "FirstName": "Sapan ",
    "LastName": "Das",
    "MobileNo": "954-677-5306",
    "PhoneNo": "",
    "EMailAddress": "",
    "Remarks": ""
  },
  {
    "ContactId": "55",
    "FirstName": "Sarvesh Anand",
    "LastName": "America",
    "MobileNo": "17048318865",
    "PhoneNo": "",
    "EMailAddress": "",
    "Remarks": ""
  },
  {
    "ContactId": "56",
    "FirstName": "Sashi ",
    "LastName": "Singh",
    "MobileNo": "+91 62999 28328",
    "PhoneNo": "",
    "EMailAddress": "",
    "Remarks": ""
  },
  {
    "ContactId": "57",
    "FirstName": "Sashi Kant",
    "LastName": "Siwan",
    "MobileNo": "+91 99814 14101",
    "PhoneNo": "",
    "EMailAddress": "",
    "Remarks": ""
  },
  {
    "ContactId": "58",
    "FirstName": "Sasidhar ",
    "LastName": "Manda",
    "MobileNo": "",
    "PhoneNo": "",
    "EMailAddress": "",
    "Remarks": ""
  },
  {
    "ContactId": "59",
    "FirstName": "Shiv Tas",
    "LastName": "J",
    "MobileNo": "7004478715",
    "PhoneNo": "",
    "EMailAddress": "",
    "Remarks": ""
  },
  {
    "ContactId": "60",
    "FirstName": "Somnath Tas",
    "LastName": "J",
    "MobileNo": "7908829165",
    "PhoneNo": "",
    "EMailAddress": "",
    "Remarks": ""
  },
  {
    "ContactId": "61",
    "FirstName": "Staff Santosh ",
    "LastName": "",
    "MobileNo": "+91 99348 20819",
    "PhoneNo": "",
    "EMailAddress": "",
    "Remarks": ""
  },
  {
    "ContactId": "62",
    "FirstName": "Sujit Chota",
    "LastName": "Thakur",
    "MobileNo": "918084679474",
    "PhoneNo": "",
    "EMailAddress": "",
    "Remarks": ""
  },
  {
    "ContactId": "63",
    "FirstName": "Sujit Thakur ",
    "LastName": "",
    "MobileNo": "+91 89867 02276",
    "PhoneNo": "",
    "EMailAddress": "",
    "Remarks": ""
  },
  {
    "ContactId": "64",
    "FirstName": "Santosh Singh",
    "LastName": "Gridhid",
    "MobileNo": "94314 38827",
    "PhoneNo": "",
    "EMailAddress": "",
    "Remarks": ""
  },
  {
    "ContactId": "65",
    "FirstName": "Sukhen ",
    "LastName": "",
    "MobileNo": "+91 98310 67082",
    "PhoneNo": "",
    "EMailAddress": "",
    "Remarks": ""
  },
  {
    "ContactId": "66",
    "FirstName": "Sunil Pipe Mistry ",
    "LastName": "",
    "MobileNo": "88735 23295",
    "PhoneNo": "",
    "EMailAddress": "",
    "Remarks": ""
  },
  {
    "ContactId": "67",
    "FirstName": "Sunil Tiwari ",
    "LastName": "",
    "MobileNo": "919831213336",
    "PhoneNo": "",
    "EMailAddress": "",
    "Remarks": ""
  },
  {
    "ContactId": "68",
    "FirstName": "Suresh ",
    "LastName": "Paswan",
    "MobileNo": "943-115-8207",
    "PhoneNo": "",
    "EMailAddress": "",
    "Remarks": ""
  },
  {
    "ContactId": "69",
    "FirstName": "Tailor ",
    "LastName": "From Mdp",
    "MobileNo": "919431165043",
    "PhoneNo": "",
    "EMailAddress": "",
    "Remarks": ""
  },
  {
    "ContactId": "70",
    "FirstName": "Tailor Zafar",
    "LastName": "Patna",
    "MobileNo": "918434450309",
    "PhoneNo": "",
    "EMailAddress": "",
    "Remarks": ""
  },
  {
    "ContactId": "71",
    "FirstName": "Tarak Hyduni",
    "LastName": "Dgp",
    "MobileNo": "",
    "PhoneNo": "",
    "EMailAddress": "",
    "Remarks": ""
  },
  {
    "ContactId": "72",
    "FirstName": "Tarun ",
    "LastName": "",
    "MobileNo": "995-538-3382",
    "PhoneNo": "",
    "EMailAddress": "",
    "Remarks": ""
  },
  {
    "ContactId": "73",
    "FirstName": "Tarun Arvind IT",
    "LastName": "team",
    "MobileNo": "982-440-5430",
    "PhoneNo": "",
    "EMailAddress": "",
    "Remarks": ""
  },
  {
    "ContactId": "74",
    "FirstName": "Taufik Jamin",
    "LastName": "Dumka",
    "MobileNo": "+91 99555 27930",
    "PhoneNo": "",
    "EMailAddress": "",
    "Remarks": ""
  },
  {
    "ContactId": "75",
    "FirstName": "TCI express gridhi ",
    "LastName": "",
    "MobileNo": "917739139200",
    "PhoneNo": "",
    "EMailAddress": "",
    "Remarks": ""
  },
  {
    "ContactId": "76",
    "FirstName": "Sunil Master",
    "LastName": "Dumka",
    "MobileNo": "900-681-1951",
    "PhoneNo": "",
    "EMailAddress": "",
    "Remarks": ""
  },
  {
    "ContactId": "77",
    "FirstName": "s ",
    "LastName": "panjlkar",
    "MobileNo": "",
    "PhoneNo": "",
    "EMailAddress": "",
    "Remarks": ""
  },
  {
    "ContactId": "78",
    "FirstName": "Santosh Ji ",
    "LastName": "Deoghar",
    "MobileNo": "",
    "PhoneNo": "",
    "EMailAddress": "",
    "Remarks": ""
  },
  {
    "ContactId": "79",
    "FirstName": "Santosh ",
    "LastName": "Gridhi",
    "MobileNo": "917004842327",
    "PhoneNo": "",
    "EMailAddress": "",
    "Remarks": ""
  },
  {
    "ContactId": "80",
    "FirstName": "Sachin ",
    "LastName": "Suhasaria",
    "MobileNo": "990-305-7085",
    "PhoneNo": "",
    "EMailAddress": "",
    "Remarks": ""
  },
  {
    "ContactId": "81",
    "FirstName": "Sachin Charan",
    "LastName": "Mishra",
    "MobileNo": "917979916899",
    "PhoneNo": "",
    "EMailAddress": "sachinmishra.munnababu1985@gmail.com",
    "Remarks": ""
  },
  {
    "ContactId": "82",
    "FirstName": "Saikat Airbnb",
    "LastName": "Kol",
    "MobileNo": "+91 98300 74596",
    "PhoneNo": "",
    "EMailAddress": "",
    "Remarks": ""
  },
  {
    "ContactId": "83",
    "FirstName": "Sajeev Mishra Staff",
    "LastName": "Ar",
    "MobileNo": "918936876694",
    "PhoneNo": "",
    "EMailAddress": "",
    "Remarks": ""
  },
  {
    "ContactId": "84",
    "FirstName": "Saksh ",
    "LastName": "",
    "MobileNo": "919379127572",
    "PhoneNo": "",
    "EMailAddress": "",
    "Remarks": ""
  },
  {
    "ContactId": "85",
    "FirstName": "Sambhu ",
    "LastName": "deo",
    "MobileNo": "",
    "PhoneNo": "",
    "EMailAddress": "",
    "Remarks": ""
  },
  {
    "ContactId": "86",
    "FirstName": "Samir ",
    "LastName": "Kumar Milkman",
    "MobileNo": "+91 79034 58233",
    "PhoneNo": "",
    "EMailAddress": "",
    "Remarks": ""
  },
  {
    "ContactId": "87",
    "FirstName": "Samir Goria",
    "LastName": "Da",
    "MobileNo": "77630 99800",
    "PhoneNo": "",
    "EMailAddress": "",
    "Remarks": ""
  },
  {
    "ContactId": "88",
    "FirstName": "Samrat Siromani",
    "LastName": "Tecnocrat",
    "MobileNo": "919304119550",
    "PhoneNo": "",
    "EMailAddress": "",
    "Remarks": ""
  },
  {
    "ContactId": "89",
    "FirstName": "Sanaul ",
    "LastName": "Mistry",
    "MobileNo": "",
    "PhoneNo": "",
    "EMailAddress": "",
    "Remarks": ""
  },
  {
    "ContactId": "90",
    "FirstName": "Santosh ",
    "LastName": "Raymond",
    "MobileNo": "919122398536",
    "PhoneNo": "",
    "EMailAddress": "",
    "Remarks": ""
  },
  {
    "ContactId": "91",
    "FirstName": "Sanjay ",
    "LastName": "Jagdis",
    "MobileNo": "",
    "PhoneNo": "",
    "EMailAddress": "",
    "Remarks": ""
  },
  {
    "ContactId": "92",
    "FirstName": "Sanjay Modi",
    "LastName": "Sareeniketan",
    "MobileNo": "919431945152",
    "PhoneNo": "",
    "EMailAddress": "",
    "Remarks": ""
  },
  {
    "ContactId": "93",
    "FirstName": "Sanjay Ranchi  ",
    "LastName": "Sheshank Person",
    "MobileNo": "+91 82103 62180",
    "PhoneNo": "",
    "EMailAddress": "",
    "Remarks": ""
  },
  {
    "ContactId": "94",
    "FirstName": "Sanjeev ",
    "LastName": "Jaiswal",
    "MobileNo": "+91 80022 77120",
    "PhoneNo": "",
    "EMailAddress": "",
    "Remarks": ""
  },
  {
    "ContactId": "95",
    "FirstName": "Sanjeev Kumar",
    "LastName": "Patna",
    "MobileNo": "080-025-93227",
    "PhoneNo": "",
    "EMailAddress": "",
    "Remarks": ""
  },
  {
    "ContactId": "96",
    "FirstName": "Sanjeev Mariqueen",
    "LastName": "Delhi",
    "MobileNo": "919810037560",
    "PhoneNo": "",
    "EMailAddress": "",
    "Remarks": ""
  },
  {
    "ContactId": "97",
    "FirstName": "Sanjeev Mishra",
    "LastName": "staff",
    "MobileNo": "918271599052",
    "PhoneNo": "",
    "EMailAddress": "",
    "Remarks": ""
  },
  {
    "ContactId": "98",
    "FirstName": "sanjeev zuari",
    "LastName": "furniture",
    "MobileNo": "094-313-68410",
    "PhoneNo": "",
    "EMailAddress": "",
    "Remarks": ""
  },
  {
    "ContactId": "99",
    "FirstName": "Sanjiv Mishra Staff",
    "LastName": "Ok",
    "MobileNo": "917903665080",
    "PhoneNo": "",
    "EMailAddress": "",
    "Remarks": ""
  },
  {
    "ContactId": "100",
    "FirstName": "Sanju ",
    "LastName": "Nurse",
    "MobileNo": "095-055-35366",
    "PhoneNo": "",
    "EMailAddress": "",
    "Remarks": ""
  },
  {
    "ContactId": "101",
    "FirstName": "Sanoj ",
    "LastName": "ICICI home loan",
    "MobileNo": "977-143-0731",
    "PhoneNo": "",
    "EMailAddress": "",
    "Remarks": ""
  },
  {
    "ContactId": "102",
    "FirstName": "Sanjay Kumar",
    "LastName": "Bhalotia",
    "MobileNo": "+91 70042 49395",
    "PhoneNo": "",
    "EMailAddress": "",
    "Remarks": ""
  },
  {
    "ContactId": "103",
    "FirstName": "Phralad ",
    "LastName": "Sah",
    "MobileNo": "",
    "PhoneNo": "",
    "EMailAddress": "",
    "Remarks": ""
  },
  {
    "ContactId": "104",
    "FirstName": "Persent ",
    "LastName": "Rajm",
    "MobileNo": "",
    "PhoneNo": "",
    "EMailAddress": "",
    "Remarks": ""
  },
  {
    "ContactId": "105",
    "FirstName": "Pawan ",
    "LastName": "Sighania",
    "MobileNo": "098-310-29399",
    "PhoneNo": "",
    "EMailAddress": "",
    "Remarks": ""
  },
  {
    "ContactId": "106",
    "FirstName": "Dtdc ",
    "LastName": "dumka",
    "MobileNo": "993-408-0075",
    "PhoneNo": "",
    "EMailAddress": "",
    "Remarks": ""
  },
  {
    "ContactId": "107",
    "FirstName": "Dumka icici branch manager ",
    "LastName": "Mehria",
    "MobileNo": "",
    "PhoneNo": "",
    "EMailAddress": "",
    "Remarks": ""
  },
  {
    "ContactId": "108",
    "FirstName": "Ebiz ",
    "LastName": "",
    "MobileNo": "+91 73590 29994",
    "PhoneNo": "",
    "EMailAddress": "",
    "Remarks": ""
  },
  {
    "ContactId": "109",
    "FirstName": "Emergency ",
    "LastName": "Care",
    "MobileNo": "1-057-11",
    "PhoneNo": "",
    "EMailAddress": "",
    "Remarks": ""
  },
  {
    "ContactId": "110",
    "FirstName": "Fasttag ",
    "LastName": "Jamshedpur",
    "MobileNo": "",
    "PhoneNo": "",
    "EMailAddress": "",
    "Remarks": ""
  },
  {
    "ContactId": "111",
    "FirstName": "Fire ",
    "LastName": "",
    "MobileNo": "101",
    "PhoneNo": "",
    "EMailAddress": "",
    "Remarks": ""
  },
  {
    "ContactId": "112",
    "FirstName": "Ganesh ",
    "LastName": "Lp",
    "MobileNo": "996-408-0106",
    "PhoneNo": "",
    "EMailAddress": "",
    "Remarks": ""
  },
  {
    "ContactId": "113",
    "FirstName": "Ganesh ",
    "LastName": "Pune",
    "MobileNo": "",
    "PhoneNo": "",
    "EMailAddress": "",
    "Remarks": ""
  },
  {
    "ContactId": "114",
    "FirstName": "Gaurav ",
    "LastName": "Sharma",
    "MobileNo": "919748537865",
    "PhoneNo": "",
    "EMailAddress": "",
    "Remarks": ""
  },
  {
    "ContactId": "115",
    "FirstName": "Gautam Ril",
    "LastName": "Fin",
    "MobileNo": "918709547563",
    "PhoneNo": "",
    "EMailAddress": "",
    "Remarks": ""
  },
  {
    "ContactId": "116",
    "FirstName": "Dr john ",
    "LastName": "Mukherjee",
    "MobileNo": "",
    "PhoneNo": "",
    "EMailAddress": "",
    "Remarks": ""
  },
  {
    "ContactId": "117",
    "FirstName": "Gautam Security Guard Mainaak ",
    "LastName": "",
    "MobileNo": "+91 97480 86956",
    "PhoneNo": "",
    "EMailAddress": "",
    "Remarks": ""
  },
  {
    "ContactId": "118",
    "FirstName": "Ghar ka",
    "LastName": "khana",
    "MobileNo": "",
    "PhoneNo": "",
    "EMailAddress": "",
    "Remarks": ""
  },
  {
    "ContactId": "119",
    "FirstName": "Glub C",
    "LastName": "Bhagat",
    "MobileNo": "",
    "PhoneNo": "",
    "EMailAddress": "",
    "Remarks": ""
  },
  {
    "ContactId": "120",
    "FirstName": "GM Dumka Industry",
    "LastName": "Dept",
    "MobileNo": "916434236209",
    "PhoneNo": "",
    "EMailAddress": "",
    "Remarks": ""
  },
  {
    "ContactId": "121",
    "FirstName": "Gopal ",
    "LastName": "Vaia",
    "MobileNo": "",
    "PhoneNo": "",
    "EMailAddress": "",
    "Remarks": ""
  },
  {
    "ContactId": "122",
    "FirstName": "Gopal Nath ",
    "LastName": "",
    "MobileNo": "919431395797",
    "PhoneNo": "",
    "EMailAddress": "",
    "Remarks": ""
  },
  {
    "ContactId": "123",
    "FirstName": "Gopal Twiari Shaibgang ",
    "LastName": "",
    "MobileNo": "62016 25554",
    "PhoneNo": "",
    "EMailAddress": "",
    "Remarks": ""
  },
  {
    "ContactId": "124",
    "FirstName": "gopal yadav son in law pc",
    "LastName": "yadav",
    "MobileNo": "886-289-5000",
    "PhoneNo": "",
    "EMailAddress": "",
    "Remarks": ""
  },
  {
    "ContactId": "125",
    "FirstName": "GOPI",
    "LastName": "CHOURASIA",
    "MobileNo": "9934080104",
    "PhoneNo": "9334247706",
    "EMailAddress": "",
    "Remarks": ""
  },
  {
    "ContactId": "126",
    "FirstName": "Harinandan ",
    "LastName": "",
    "MobileNo": "",
    "PhoneNo": "",
    "EMailAddress": "",
    "Remarks": ""
  },
  {
    "ContactId": "127",
    "FirstName": "Himalaya Optical Kolkata  ",
    "LastName": "",
    "MobileNo": "",
    "PhoneNo": "",
    "EMailAddress": "",
    "Remarks": ""
  },
  {
    "ContactId": "128",
    "FirstName": "Ghansyam ",
    "LastName": "",
    "MobileNo": "",
    "PhoneNo": "",
    "EMailAddress": "",
    "Remarks": ""
  },
  {
    "ContactId": "129",
    "FirstName": "Illys Nakum Arvind  ",
    "LastName": "",
    "MobileNo": "095101 01067",
    "PhoneNo": "",
    "EMailAddress": "",
    "Remarks": ""
  },
  {
    "ContactId": "130",
    "FirstName": "Door Computers Pvt",
    "LastName": "Ltd",
    "MobileNo": "9434014491",
    "PhoneNo": "",
    "EMailAddress": "",
    "Remarks": ""
  },
  {
    "ContactId": "131",
    "FirstName": "Dinesh Bhaiya Bgp",
    "LastName": "Road",
    "MobileNo": "",
    "PhoneNo": "",
    "EMailAddress": "",
    "Remarks": ""
  },
  {
    "ContactId": "132",
    "FirstName": "ALOK",
    "LastName": "KUMAR",
    "MobileNo": "9386601284",
    "PhoneNo": "",
    "EMailAddress": "",
    "Remarks": ""
  },
  {
    "ContactId": "133",
    "FirstName": "Amit",
    "LastName": "Kumar",
    "MobileNo": "09831213339",
    "PhoneNo": "7779997556",
    "EMailAddress": "amitnarayansah@gmail.com",
    "Remarks": ""
  },
  {
    "ContactId": "134",
    "FirstName": "Amit Bandhan",
    "LastName": "Bank",
    "MobileNo": "+91 87099 52812",
    "PhoneNo": "          ",
    "EMailAddress": "",
    "Remarks": ""
  },
  {
    "ContactId": "135",
    "FirstName": "Anil Jha",
    "LastName": "Landlord Aryan Comp",
    "MobileNo": "8877097815",
    "PhoneNo": "",
    "EMailAddress": "",
    "Remarks": "land lord of aryan computer building"
  },
  {
    "ContactId": "136",
    "FirstName": "Ankush Rajhajan ",
    "LastName": "",
    "MobileNo": "72177 07848",
    "PhoneNo": "",
    "EMailAddress": "",
    "Remarks": ""
  },
  {
    "ContactId": "137",
    "FirstName": "Arinban ",
    "LastName": "",
    "MobileNo": "+91 79798 10766",
    "PhoneNo": "",
    "EMailAddress": "",
    "Remarks": ""
  },
  {
    "ContactId": "138",
    "FirstName": "Attamram ",
    "LastName": "",
    "MobileNo": "9470105175",
    "PhoneNo": "",
    "EMailAddress": "",
    "Remarks": ""
  },
  {
    "ContactId": "139",
    "FirstName": "Augustin ",
    "LastName": "Harly",
    "MobileNo": "+91 90070 67429",
    "PhoneNo": "",
    "EMailAddress": "",
    "Remarks": ""
  },
  {
    "ContactId": "140",
    "FirstName": "Automecha ",
    "LastName": "Manjot",
    "MobileNo": "+91 98307 91911",
    "PhoneNo": "",
    "EMailAddress": "",
    "Remarks": ""
  },
  {
    "ContactId": "141",
    "FirstName": "Avinash ",
    "LastName": "Azad",
    "MobileNo": "+91 98209 53719",
    "PhoneNo": "",
    "EMailAddress": "",
    "Remarks": ""
  },
  {
    "ContactId": "142",
    "FirstName": "Divyanshu Block Dumka  Broker ",
    "LastName": "",
    "MobileNo": "88252 80104",
    "PhoneNo": "",
    "EMailAddress": "",
    "Remarks": ""
  },
  {
    "ContactId": "143",
    "FirstName": "Avinash Singh ",
    "LastName": "",
    "MobileNo": "+91 94313 67599",
    "PhoneNo": "",
    "EMailAddress": "",
    "Remarks": ""
  },
  {
    "ContactId": "144",
    "FirstName": "B ",
    "LastName": "Patwari",
    "MobileNo": "89866 71806",
    "PhoneNo": "",
    "EMailAddress": "",
    "Remarks": ""
  },
  {
    "ContactId": "145",
    "FirstName": "B Rai ",
    "LastName": "",
    "MobileNo": "92042 04090",
    "PhoneNo": "",
    "EMailAddress": "",
    "Remarks": ""
  },
  {
    "ContactId": "146",
    "FirstName": "B Shridhar ",
    "LastName": "",
    "MobileNo": "998-633-1585",
    "PhoneNo": "",
    "EMailAddress": "",
    "Remarks": ""
  },
  {
    "ContactId": "147",
    "FirstName": "Bablu ",
    "LastName": "Phatak",
    "MobileNo": "9431185292",
    "PhoneNo": "",
    "EMailAddress": "",
    "Remarks": ""
  },
  {
    "ContactId": "148",
    "FirstName": "Badari Rai Adv ",
    "LastName": "",
    "MobileNo": "+91 92042 04690",
    "PhoneNo": "",
    "EMailAddress": "",
    "Remarks": ""
  },
  {
    "ContactId": "149",
    "FirstName": "Basant Phariya",
    "LastName": "Koriya",
    "MobileNo": "919934142847",
    "PhoneNo": "",
    "EMailAddress": "",
    "Remarks": ""
  },
  {
    "ContactId": "150",
    "FirstName": "Basant Rolick ",
    "LastName": "",
    "MobileNo": "+91 78705 46505",
    "PhoneNo": "",
    "EMailAddress": "",
    "Remarks": ""
  },
  {
    "ContactId": "151",
    "FirstName": "C A Bikas",
    "LastName": "Patwari",
    "MobileNo": "763-113-9955",
    "PhoneNo": "",
    "EMailAddress": "",
    "Remarks": ""
  },
  {
    "ContactId": "152",
    "FirstName": "Dilip ",
    "LastName": "Sharma",
    "MobileNo": "919431310413",
    "PhoneNo": "",
    "EMailAddress": "",
    "Remarks": ""
  },
  {
    "ContactId": "153",
    "FirstName": "Dinesh ",
    "LastName": "Mamaji",
    "MobileNo": "+91 98309 16617",
    "PhoneNo": "",
    "EMailAddress": "",
    "Remarks": ""
  },
  {
    "ContactId": "154",
    "FirstName": "Aziz Ji",
    "LastName": "Arvind",
    "MobileNo": "+91 97237 09902",
    "PhoneNo": "",
    "EMailAddress": "",
    "Remarks": ""
  },
  {
    "ContactId": "155",
    "FirstName": "Indu ",
    "LastName": "Gupta",
    "MobileNo": "",
    "PhoneNo": "",
    "EMailAddress": "",
    "Remarks": ""
  },
  {
    "ContactId": "156",
    "FirstName": "Indu Bhushan Singh",
    "LastName": "Singh",
    "MobileNo": "+91 96611 20021",
    "PhoneNo": "",
    "EMailAddress": "indu07bhushan@gmail.com",
    "Remarks": ""
  },
  {
    "ContactId": "157",
    "FirstName": "Jamshedpur Cc Camera ",
    "LastName": "",
    "MobileNo": "+91 94313 29838",
    "PhoneNo": "",
    "EMailAddress": "",
    "Remarks": ""
  },
  {
    "ContactId": "158",
    "FirstName": "KITES",
    "LastName": "AQ UA",
    "MobileNo": "9931843289",
    "PhoneNo": "",
    "EMailAddress": "",
    "Remarks": ""
  },
  {
    "ContactId": "159",
    "FirstName": "Kk Pal  ",
    "LastName": "Spl",
    "MobileNo": "83350978897",
    "PhoneNo": "",
    "EMailAddress": "",
    "Remarks": ""
  },
  {
    "ContactId": "160",
    "FirstName": "Kulkarni ",
    "LastName": "Bmw Navnit Motors",
    "MobileNo": "",
    "PhoneNo": "",
    "EMailAddress": "",
    "Remarks": ""
  },
  {
    "ContactId": "161",
    "FirstName": "Lala ",
    "LastName": "Bhai",
    "MobileNo": "887-651-5412",
    "PhoneNo": "",
    "EMailAddress": "",
    "Remarks": ""
  },
  {
    "ContactId": "162",
    "FirstName": "Lalan ",
    "LastName": "",
    "MobileNo": "",
    "PhoneNo": "",
    "EMailAddress": "",
    "Remarks": ""
  },
  {
    "ContactId": "163",
    "FirstName": "Laloo Dumka",
    "LastName": "Swankar",
    "MobileNo": "918409239766",
    "PhoneNo": "",
    "EMailAddress": "",
    "Remarks": ""
  },
  {
    "ContactId": "164",
    "FirstName": "Land Near Parmondi Hasda ",
    "LastName": "",
    "MobileNo": "+91 84093 88384",
    "PhoneNo": "",
    "EMailAddress": "",
    "Remarks": ""
  },
  {
    "ContactId": "165",
    "FirstName": "Latest ",
    "LastName": "Scheme",
    "MobileNo": "1213",
    "PhoneNo": "",
    "EMailAddress": "",
    "Remarks": ""
  },
  {
    "ContactId": "166",
    "FirstName": "Laxman ",
    "LastName": "new",
    "MobileNo": "+91 77590 84408",
    "PhoneNo": "",
    "EMailAddress": "",
    "Remarks": ""
  },
  {
    "ContactId": "167",
    "FirstName": "LAYMANS",
    "LastName": "BRODBAND",
    "MobileNo": "7908201267",
    "PhoneNo": "7484065443",
    "EMailAddress": "",
    "Remarks": ""
  },
  {
    "ContactId": "168",
    "FirstName": "Kishor ",
    "LastName": "Phralad",
    "MobileNo": "919701387741",
    "PhoneNo": "",
    "EMailAddress": "",
    "Remarks": ""
  },
  {
    "ContactId": "169",
    "FirstName": "Manj ",
    "LastName": "Pande",
    "MobileNo": "",
    "PhoneNo": "",
    "EMailAddress": "",
    "Remarks": ""
  },
  {
    "ContactId": "170",
    "FirstName": "Mukesh ",
    "LastName": "Pansari",
    "MobileNo": "988-327-0932",
    "PhoneNo": "",
    "EMailAddress": "",
    "Remarks": ""
  },
  {
    "ContactId": "171",
    "FirstName": "Mukesh Hyundai Showroom",
    "LastName": "Kol",
    "MobileNo": "",
    "PhoneNo": "",
    "EMailAddress": "",
    "Remarks": ""
  },
  {
    "ContactId": "172",
    "FirstName": "Nishant Singh",
    "LastName": "Deoghar",
    "MobileNo": "090-978-17388",
    "PhoneNo": "",
    "EMailAddress": "",
    "Remarks": ""
  },
  {
    "ContactId": "173",
    "FirstName": "Nishant Singh Deoghar ",
    "LastName": "Jio",
    "MobileNo": "+91 94709 99900",
    "PhoneNo": "",
    "EMailAddress": "",
    "Remarks": ""
  },
  {
    "ContactId": "174",
    "FirstName": "P ",
    "LastName": "Chowbey",
    "MobileNo": "",
    "PhoneNo": "",
    "EMailAddress": "",
    "Remarks": ""
  },
  {
    "ContactId": "175",
    "FirstName": "P ",
    "LastName": "Kitkit",
    "MobileNo": "084-345-25187",
    "PhoneNo": "",
    "EMailAddress": "",
    "Remarks": ""
  },
  {
    "ContactId": "176",
    "FirstName": "Pankaj ",
    "LastName": "Arvind",
    "MobileNo": "918697973887",
    "PhoneNo": "",
    "EMailAddress": "",
    "Remarks": ""
  },
  {
    "ContactId": "177",
    "FirstName": "Pankaj ",
    "LastName": "Verma",
    "MobileNo": "+91 79038 34240",
    "PhoneNo": "",
    "EMailAddress": "pankaj68099@gmail.com",
    "Remarks": ""
  },
  {
    "ContactId": "178",
    "FirstName": "Pankaj Sharma Maharaja",
    "LastName": "Sweet",
    "MobileNo": "99559 13380",
    "PhoneNo": "",
    "EMailAddress": "",
    "Remarks": ""
  },
  {
    "ContactId": "179",
    "FirstName": "Pappu ",
    "LastName": "Gurao",
    "MobileNo": "099-532-99143",
    "PhoneNo": "",
    "EMailAddress": "",
    "Remarks": ""
  },
  {
    "ContactId": "180",
    "FirstName": "Manmeet ",
    "LastName": "HimOpt Deoghar ",
    "MobileNo": "",
    "PhoneNo": "",
    "EMailAddress": "",
    "Remarks": ""
  },
  {
    "ContactId": "181",
    "FirstName": "Kishan  ",
    "LastName": "Kumar",
    "MobileNo": "",
    "PhoneNo": "",
    "EMailAddress": "",
    "Remarks": ""
  },
  {
    "ContactId": "182",
    "FirstName": "Kaveri Fishing",
    "LastName": "Camp",
    "MobileNo": "082-124-44444",
    "PhoneNo": "",
    "EMailAddress": "",
    "Remarks": ""
  },
  {
    "ContactId": "183",
    "FirstName": "Kaushal ",
    "LastName": "Mamma",
    "MobileNo": "728-300-0327",
    "PhoneNo": "",
    "EMailAddress": "",
    "Remarks": ""
  },
  {
    "ContactId": "184",
    "FirstName": "Jauari ",
    "LastName": "Furniture",
    "MobileNo": "957-010-0187",
    "PhoneNo": "",
    "EMailAddress": "",
    "Remarks": ""
  },
  {
    "ContactId": "185",
    "FirstName": "JAYKRISHNA",
    "LastName": "ICICI",
    "MobileNo": "932125473",
    "PhoneNo": "",
    "EMailAddress": "",
    "Remarks": ""
  },
  {
    "ContactId": "186",
    "FirstName": "Jayprakas ",
    "LastName": "Jrmd",
    "MobileNo": "",
    "PhoneNo": "",
    "EMailAddress": "",
    "Remarks": ""
  },
  {
    "ContactId": "187",
    "FirstName": "Jayprakash Kitkit",
    "LastName": "Mama",
    "MobileNo": "993-970-4989",
    "PhoneNo": "",
    "EMailAddress": "",
    "Remarks": ""
  },
  {
    "ContactId": "188",
    "FirstName": "Jaywardhan ",
    "LastName": "Ready",
    "MobileNo": "900-092-9320",
    "PhoneNo": "",
    "EMailAddress": "",
    "Remarks": ""
  },
  {
    "ContactId": "189",
    "FirstName": "Jharsurguda TAS ",
    "LastName": "Orissa",
    "MobileNo": "919861440155",
    "PhoneNo": "",
    "EMailAddress": "",
    "Remarks": ""
  },
  {
    "ContactId": "190",
    "FirstName": "Jio ",
    "LastName": "Gopi",
    "MobileNo": "99340 80104",
    "PhoneNo": "",
    "EMailAddress": "",
    "Remarks": ""
  },
  {
    "ContactId": "191",
    "FirstName": "Jio-Complaint ",
    "LastName": "Helpline",
    "MobileNo": "198",
    "PhoneNo": "",
    "EMailAddress": "",
    "Remarks": ""
  },
  {
    "ContactId": "192",
    "FirstName": "Jio-General ",
    "LastName": "Helpline",
    "MobileNo": "199",
    "PhoneNo": "",
    "EMailAddress": "",
    "Remarks": ""
  },
  {
    "ContactId": "193",
    "FirstName": "Jio-Tele-verification ",
    "LastName": "Helpline",
    "MobileNo": "1977",
    "PhoneNo": "",
    "EMailAddress": "",
    "Remarks": ""
  },
  {
    "ContactId": "194",
    "FirstName": "Jitedar Deo",
    "LastName": "S",
    "MobileNo": "",
    "PhoneNo": "",
    "EMailAddress": "",
    "Remarks": ""
  },
  {
    "ContactId": "195",
    "FirstName": "Jitendar ",
    "LastName": "Gupta",
    "MobileNo": "954-664-0411",
    "PhoneNo": "",
    "EMailAddress": "",
    "Remarks": ""
  },
  {
    "ContactId": "196",
    "FirstName": "Jitendr ",
    "LastName": "Dhanba",
    "MobileNo": "",
    "PhoneNo": "",
    "EMailAddress": "",
    "Remarks": ""
  },
  {
    "ContactId": "197",
    "FirstName": "Jithendra ",
    "LastName": "Bn",
    "MobileNo": "",
    "PhoneNo": "",
    "EMailAddress": "",
    "Remarks": "Name: Belur & Co,  ac no 34970804222, State Bank of India, girinagar branch, IFSC: SBIN0016222"
  },
  {
    "ContactId": "198",
    "FirstName": "Jonshon Titles  ",
    "LastName": "Dumka ",
    "MobileNo": "072-928-21824",
    "PhoneNo": "",
    "EMailAddress": "",
    "Remarks": ""
  },
  {
    "ContactId": "199",
    "FirstName": "Joy ",
    "LastName": "Chakarborty",
    "MobileNo": "993-436-0837",
    "PhoneNo": "",
    "EMailAddress": "",
    "Remarks": ""
  },
  {
    "ContactId": "200",
    "FirstName": "Joydeep ",
    "LastName": "Advace Power",
    "MobileNo": "919163673609",
    "PhoneNo": "",
    "EMailAddress": "",
    "Remarks": ""
  },
  {
    "ContactId": "201",
    "FirstName": "Jyoti ",
    "LastName": "Adv",
    "MobileNo": "",
    "PhoneNo": "",
    "EMailAddress": "",
    "Remarks": ""
  },
  {
    "ContactId": "202",
    "FirstName": "Kalyan Adv ",
    "LastName": "",
    "MobileNo": "977-170-5939",
    "PhoneNo": "",
    "EMailAddress": "",
    "Remarks": ""
  },
  {
    "ContactId": "203",
    "FirstName": "Kamalkanta ",
    "LastName": "Shastry",
    "MobileNo": "+91 98008 32500",
    "PhoneNo": "",
    "EMailAddress": "",
    "Remarks": ""
  },
  {
    "ContactId": "204",
    "FirstName": "Kamalkanta Office ",
    "LastName": "",
    "MobileNo": "",
    "PhoneNo": "",
    "EMailAddress": "",
    "Remarks": ""
  },
  {
    "ContactId": "205",
    "FirstName": "Karan ",
    "LastName": "Agarwal",
    "MobileNo": "983-006-9112",
    "PhoneNo": "",
    "EMailAddress": "",
    "Remarks": ""
  },
  {
    "ContactId": "206",
    "FirstName": "Karunesh Ji",
    "LastName": "Arvind",
    "MobileNo": "90739 29595",
    "PhoneNo": "",
    "EMailAddress": "",
    "Remarks": ""
  },
  {
    "ContactId": "207",
    "FirstName": "Tirpuari Balav Nirmal Kr Jha  ",
    "LastName": "",
    "MobileNo": "+91 80843 66632",
    "PhoneNo": "",
    "EMailAddress": "",
    "Remarks": ""
  },
  {
    "ContactId": "208",
    "FirstName": "Udit Narayan ",
    "LastName": "Sah",
    "MobileNo": "+91 99551 04272",
    "PhoneNo": "",
    "EMailAddress": "",
    "Remarks": ""
  }
]