[
  {
    "ElectricityConnectionId": "1",
    "LocationName": " BHAGALPUR ROAD DUMKA(U) DUMKA",
    "ConnectioName": "Amit Kumar",
    "City": "Dumka",
    "State": "Jharkhand",
    "PinCode": "814101",
    "ConsumerNumber": "BGPCS07624E ",
    "ConusumerId": "4273682 ",
    "Connection": "0",
    "ConnectinDate": "2021-02-18T00:00:00.0000000",
    "DisconnectionDate": null,
    "KVLoad": "10",
    "OwnedMetter": "True",
    "TotalConnectionCharges": "10.0000",
    "SecurityDeposit": "10.0000",
    "Remarks": "The Arvind Store CS",
    "UserId": "GeetanjaliKumariVerma",
    "IsReadOnly": "False",
    "StoreId": "1"
  },
  {
    "ElectricityConnectionId": "2",
    "LocationName": "DS COURT ROAD POLICE LINE ROAD",
    "ConnectioName": "Amit Kumar",
    "City": "Dumka",
    "State": "Jharkhand",
    "PinCode": "814101",
    "ConsumerNumber": "CRDDS10339",
    "ConusumerId": "4238264",
    "Connection": "1",
    "ConnectinDate": "2021-02-18T00:00:00.0000000",
    "DisconnectionDate": null,
    "KVLoad": "1",
    "OwnedMetter": "True",
    "TotalConnectionCharges": "10.0000",
    "SecurityDeposit": "10.0000",
    "Remarks": "Home electricity bill",
    "UserId": "GeetanjaliKumariVerma",
    "IsReadOnly": "False",
    "StoreId": "1"
  }
]