[
  {
    "EletricityBillId": "1",
    "ElectricityConnectionId": "1",
    "BillNumber": "42736820119",
    "BillDate": "2018-12-27T00:00:00.0000000",
    "MeterReadingDate": "2019-01-25T00:00:00.0000000",
    "CurrentMeterReading": "38696",
    "TotalUnit": "536",
    "CurrentAmount": "3586.8100",
    "ArrearAmount": "0.4700",
    "NetDemand": "3587.0000",
    "UserId": "GeetanjaliKumariVerma",
    "IsReadOnly": "False",
    "StoreId": "1"
  },
  {
    "EletricityBillId": "2",
    "ElectricityConnectionId": "1",
    "BillNumber": "42736820219",
    "BillDate": "2019-01-25T00:00:00.0000000",
    "MeterReadingDate": "2019-02-23T00:00:00.0000000",
    "CurrentMeterReading": "39272",
    "TotalUnit": "576",
    "CurrentAmount": "3892.6100",
    "ArrearAmount": "3587.2800",
    "NetDemand": "7480.0000",
    "UserId": "GeetanjaliKumariVerma",
    "IsReadOnly": "False",
    "StoreId": "1"
  },
  {
    "EletricityBillId": "3",
    "ElectricityConnectionId": "1",
    "BillNumber": "42736820319",
    "BillDate": "2019-02-23T00:00:00.0000000",
    "MeterReadingDate": "2019-03-28T00:00:00.0000000",
    "CurrentMeterReading": "40103",
    "TotalUnit": "831",
    "CurrentAmount": "5445.3000",
    "ArrearAmount": "-0.5700",
    "NetDemand": "5445.0000",
    "UserId": "GeetanjaliKumariVerma",
    "IsReadOnly": "False",
    "StoreId": "1"
  },
  {
    "EletricityBillId": "4",
    "ElectricityConnectionId": "1",
    "BillNumber": "42736820419",
    "BillDate": "2019-03-28T00:00:00.0000000",
    "MeterReadingDate": "2019-04-26T00:00:00.0000000",
    "CurrentMeterReading": "41256",
    "TotalUnit": "1153",
    "CurrentAmount": "7555.5700",
    "ArrearAmount": "5444.7300",
    "NetDemand": "13000.0000",
    "UserId": "GeetanjaliKumariVerma",
    "IsReadOnly": "False",
    "StoreId": "1"
  },
  {
    "EletricityBillId": "5",
    "ElectricityConnectionId": "1",
    "BillNumber": "42736820519",
    "BillDate": "2019-04-26T00:00:00.0000000",
    "MeterReadingDate": "2019-05-25T00:00:00.0000000",
    "CurrentMeterReading": "42508",
    "TotalUnit": "1252",
    "CurrentAmount": "8335.6000",
    "ArrearAmount": "-37.4800",
    "NetDemand": "8298.0000",
    "UserId": "GeetanjaliKumariVerma",
    "IsReadOnly": "False",
    "StoreId": "1"
  },
  {
    "EletricityBillId": "6",
    "ElectricityConnectionId": "1",
    "BillNumber": "42736820619",
    "BillDate": "2019-05-25T00:00:00.0000000",
    "MeterReadingDate": "2019-06-27T00:00:00.0000000",
    "CurrentMeterReading": "43927",
    "TotalUnit": "1419",
    "CurrentAmount": "9553.9200",
    "ArrearAmount": "8298.1200",
    "NetDemand": "17852.0000",
    "UserId": "GeetanjaliKumariVerma",
    "IsReadOnly": "False",
    "StoreId": "1"
  },
  {
    "EletricityBillId": "7",
    "ElectricityConnectionId": "1",
    "BillNumber": "42736820719",
    "BillDate": "2019-06-27T00:00:00.0000000",
    "MeterReadingDate": "2019-07-27T00:00:00.0000000",
    "CurrentMeterReading": "45068",
    "TotalUnit": "1141",
    "CurrentAmount": "7874.4600",
    "ArrearAmount": "17852.0400",
    "NetDemand": "25727.0000",
    "UserId": "GeetanjaliKumariVerma",
    "IsReadOnly": "False",
    "StoreId": "1"
  },
  {
    "EletricityBillId": "8",
    "ElectricityConnectionId": "1",
    "BillNumber": "42736820819",
    "BillDate": "2019-07-27T00:00:00.0000000",
    "MeterReadingDate": "2019-08-31T00:00:00.0000000",
    "CurrentMeterReading": "46376",
    "TotalUnit": "1308",
    "CurrentAmount": "9082.4400",
    "ArrearAmount": "25726.5000",
    "NetDemand": "34809.0000",
    "UserId": "GeetanjaliKumariVerma",
    "IsReadOnly": "False",
    "StoreId": "1"
  },
  {
    "EletricityBillId": "9",
    "ElectricityConnectionId": "1",
    "BillNumber": "42736820919",
    "BillDate": "2019-08-31T00:00:00.0000000",
    "MeterReadingDate": "2019-09-25T00:00:00.0000000",
    "CurrentMeterReading": "47409",
    "TotalUnit": "1033",
    "CurrentAmount": "7411.7300",
    "ArrearAmount": "34808.9400",
    "NetDemand": "42221.0000",
    "UserId": "GeetanjaliKumariVerma",
    "IsReadOnly": "False",
    "StoreId": "1"
  },
  {
    "EletricityBillId": "10",
    "ElectricityConnectionId": "1",
    "BillNumber": "42736821019",
    "BillDate": "2019-09-25T00:00:00.0000000",
    "MeterReadingDate": "2019-10-29T00:00:00.0000000",
    "CurrentMeterReading": "48502",
    "TotalUnit": "1093",
    "CurrentAmount": "7908.2500",
    "ArrearAmount": "42220.6700",
    "NetDemand": "50129.0000",
    "UserId": "GeetanjaliKumariVerma",
    "IsReadOnly": "False",
    "StoreId": "1"
  },
  {
    "EletricityBillId": "11",
    "ElectricityConnectionId": "1",
    "BillNumber": "42736821119",
    "BillDate": "2019-10-29T00:00:00.0000000",
    "MeterReadingDate": "2019-11-29T00:00:00.0000000",
    "CurrentMeterReading": "49145",
    "TotalUnit": "643",
    "CurrentAmount": "5070.1600",
    "ArrearAmount": "50128.9200",
    "NetDemand": "55199.0000",
    "UserId": "GeetanjaliKumariVerma",
    "IsReadOnly": "False",
    "StoreId": "1"
  },
  {
    "EletricityBillId": "12",
    "ElectricityConnectionId": "1",
    "BillNumber": "42736821219",
    "BillDate": "2019-11-29T00:00:00.0000000",
    "MeterReadingDate": "2019-12-28T00:00:00.0000000",
    "CurrentMeterReading": "49649",
    "TotalUnit": "504",
    "CurrentAmount": "3964.1900",
    "ArrearAmount": "35199.0800",
    "NetDemand": "39163.0000",
    "UserId": "GeetanjaliKumariVerma",
    "IsReadOnly": "False",
    "StoreId": "1"
  },
  {
    "EletricityBillId": "13",
    "ElectricityConnectionId": "1",
    "BillNumber": "42736820120",
    "BillDate": "2019-12-28T00:00:00.0000000",
    "MeterReadingDate": "2020-01-29T00:00:00.0000000",
    "CurrentMeterReading": "50146",
    "TotalUnit": "497",
    "CurrentAmount": "3969.8800",
    "ArrearAmount": "39163.2700",
    "NetDemand": "43133.0000",
    "UserId": "GeetanjaliKumariVerma",
    "IsReadOnly": "False",
    "StoreId": "1"
  },
  {
    "EletricityBillId": "14",
    "ElectricityConnectionId": "1",
    "BillNumber": "42736820220",
    "BillDate": "2020-01-29T00:00:00.0000000",
    "MeterReadingDate": "2020-02-28T00:00:00.0000000",
    "CurrentMeterReading": "50627",
    "TotalUnit": "481",
    "CurrentAmount": "3915.9300",
    "ArrearAmount": "43133.1500",
    "NetDemand": "47049.0000",
    "UserId": "GeetanjaliKumariVerma",
    "IsReadOnly": "False",
    "StoreId": "1"
  },
  {
    "EletricityBillId": "15",
    "ElectricityConnectionId": "1",
    "BillNumber": "42736820420",
    "BillDate": "2020-02-28T00:00:00.0000000",
    "MeterReadingDate": "2020-04-30T00:00:00.0000000",
    "CurrentMeterReading": "50627",
    "TotalUnit": "988",
    "CurrentAmount": "7421.0700",
    "ArrearAmount": "47049.0800",
    "NetDemand": "54470.0000",
    "UserId": "GeetanjaliKumariVerma",
    "IsReadOnly": "False",
    "StoreId": "1"
  },
  {
    "EletricityBillId": "16",
    "ElectricityConnectionId": "1",
    "BillNumber": "42736820620",
    "BillDate": "2020-04-30T00:00:00.0000000",
    "MeterReadingDate": "2020-06-26T00:00:00.0000000",
    "CurrentMeterReading": "51791",
    "TotalUnit": "1164",
    "CurrentAmount": "8578.3700",
    "ArrearAmount": "48028.7500",
    "NetDemand": "56607.0000",
    "UserId": "GeetanjaliKumariVerma",
    "IsReadOnly": "False",
    "StoreId": "1"
  },
  {
    "EletricityBillId": "17",
    "ElectricityConnectionId": "1",
    "BillNumber": "42736820720",
    "BillDate": "2020-06-26T00:00:00.0000000",
    "MeterReadingDate": "2020-07-31T00:00:00.0000000",
    "CurrentMeterReading": "52918",
    "TotalUnit": "1127",
    "CurrentAmount": "8140.9600",
    "ArrearAmount": "41607.1200",
    "NetDemand": "49748.0000",
    "UserId": "GeetanjaliKumariVerma",
    "IsReadOnly": "False",
    "StoreId": "1"
  },
  {
    "EletricityBillId": "18",
    "ElectricityConnectionId": "1",
    "BillNumber": "42736820820",
    "BillDate": "2020-07-31T00:00:00.0000000",
    "MeterReadingDate": "2020-08-28T00:00:00.0000000",
    "CurrentMeterReading": "53750",
    "TotalUnit": "832",
    "CurrentAmount": "6321.4600",
    "ArrearAmount": "49748.0800",
    "NetDemand": "56070.0000",
    "UserId": "GeetanjaliKumariVerma",
    "IsReadOnly": "False",
    "StoreId": "1"
  },
  {
    "EletricityBillId": "19",
    "ElectricityConnectionId": "1",
    "BillNumber": "42736820920",
    "BillDate": "2020-08-28T00:00:00.0000000",
    "MeterReadingDate": "2020-09-26T00:00:00.0000000",
    "CurrentMeterReading": "54669",
    "TotalUnit": "919",
    "CurrentAmount": "6975.0800",
    "ArrearAmount": "56069.5400",
    "NetDemand": "63045.0000",
    "UserId": "GeetanjaliKumariVerma",
    "IsReadOnly": "False",
    "StoreId": "1"
  },
  {
    "EletricityBillId": "20",
    "ElectricityConnectionId": "1",
    "BillNumber": "42736821020",
    "BillDate": "2020-09-26T00:00:00.0000000",
    "MeterReadingDate": "2020-10-30T00:00:00.0000000",
    "CurrentMeterReading": "55771",
    "TotalUnit": "1102",
    "CurrentAmount": "8266.0500",
    "ArrearAmount": "63044.6200",
    "NetDemand": "40639.0000",
    "UserId": "GeetanjaliKumariVerma",
    "IsReadOnly": "False",
    "StoreId": "1"
  },
  {
    "EletricityBillId": "21",
    "ElectricityConnectionId": "1",
    "BillNumber": "42736821120",
    "BillDate": "2020-10-30T00:00:00.0000000",
    "MeterReadingDate": "2020-11-26T00:00:00.0000000",
    "CurrentMeterReading": "56427",
    "TotalUnit": "656",
    "CurrentAmount": "5543.4900",
    "ArrearAmount": "40639.1400",
    "NetDemand": "46183.0000",
    "UserId": "GeetanjaliKumariVerma",
    "IsReadOnly": "False",
    "StoreId": "1"
  },
  {
    "EletricityBillId": "22",
    "ElectricityConnectionId": "1",
    "BillNumber": "42736821220",
    "BillDate": "2020-11-26T00:00:00.0000000",
    "MeterReadingDate": "2020-12-26T00:00:00.0000000",
    "CurrentMeterReading": "56947",
    "TotalUnit": "520",
    "CurrentAmount": "4718.5700",
    "ArrearAmount": "46182.6300",
    "NetDemand": "20901.0000",
    "UserId": "GeetanjaliKumariVerma",
    "IsReadOnly": "False",
    "StoreId": "1"
  },
  {
    "EletricityBillId": "23",
    "ElectricityConnectionId": "1",
    "BillNumber": "42736820121",
    "BillDate": "2020-12-26T00:00:00.0000000",
    "MeterReadingDate": "2021-01-28T00:00:00.0000000",
    "CurrentMeterReading": "57047",
    "TotalUnit": "100",
    "CurrentAmount": "1873.8900",
    "ArrearAmount": "20901.2000",
    "NetDemand": "10775.0000",
    "UserId": "GeetanjaliKumariVerma",
    "IsReadOnly": "False",
    "StoreId": "1"
  },
  {
    "EletricityBillId": "24",
    "ElectricityConnectionId": "1",
    "BillNumber": "42382640119",
    "BillDate": "2018-12-10T00:00:00.0000000",
    "MeterReadingDate": "2019-01-07T00:00:00.0000000",
    "CurrentMeterReading": "7570",
    "TotalUnit": "683",
    "CurrentAmount": "4010.1600",
    "ArrearAmount": "1649.3500",
    "NetDemand": "4531.0000",
    "UserId": "GeetanjaliKumariVerma",
    "IsReadOnly": "False",
    "StoreId": "1"
  },
  {
    "EletricityBillId": "25",
    "ElectricityConnectionId": "1",
    "BillNumber": "42382640219",
    "BillDate": "2019-01-07T00:00:00.0000000",
    "MeterReadingDate": "2019-02-17T00:00:00.0000000",
    "CurrentMeterReading": "8537",
    "TotalUnit": "967",
    "CurrentAmount": "5683.1700",
    "ArrearAmount": "4530.7600",
    "NetDemand": "8855.0000",
    "UserId": "GeetanjaliKumariVerma",
    "IsReadOnly": "False",
    "StoreId": "1"
  },
  {
    "EletricityBillId": "26",
    "ElectricityConnectionId": "1",
    "BillNumber": "42382640319",
    "BillDate": "2019-02-17T00:00:00.0000000",
    "MeterReadingDate": "2019-03-20T00:00:00.0000000",
    "CurrentMeterReading": "9060",
    "TotalUnit": "523",
    "CurrentAmount": "3067.3600",
    "ArrearAmount": "22.4300",
    "NetDemand": "2161.0000",
    "UserId": "GeetanjaliKumariVerma",
    "IsReadOnly": "False",
    "StoreId": "1"
  },
  {
    "EletricityBillId": "27",
    "ElectricityConnectionId": "1",
    "BillNumber": "42382640419",
    "BillDate": "2019-03-20T00:00:00.0000000",
    "MeterReadingDate": "2019-04-20T00:00:00.0000000",
    "CurrentMeterReading": "9672",
    "TotalUnit": "612",
    "CurrentAmount": "3610.2900",
    "ArrearAmount": "2161.0400",
    "NetDemand": "4731.0000",
    "UserId": "GeetanjaliKumariVerma",
    "IsReadOnly": "False",
    "StoreId": "1"
  },
  {
    "EletricityBillId": "28",
    "ElectricityConnectionId": "1",
    "BillNumber": "42382640519",
    "BillDate": "2019-04-20T00:00:00.0000000",
    "MeterReadingDate": "2019-05-23T00:00:00.0000000",
    "CurrentMeterReading": "10404",
    "TotalUnit": "732",
    "CurrentAmount": "4819.1500",
    "ArrearAmount": "231.3300",
    "NetDemand": "3456.0000",
    "UserId": "GeetanjaliKumariVerma",
    "IsReadOnly": "False",
    "StoreId": "1"
  },
  {
    "EletricityBillId": "29",
    "ElectricityConnectionId": "1",
    "BillNumber": "42382640619",
    "BillDate": "2019-05-23T00:00:00.0000000",
    "MeterReadingDate": "2019-06-24T00:00:00.0000000",
    "CurrentMeterReading": "11212",
    "TotalUnit": "808",
    "CurrentAmount": "5360.7100",
    "ArrearAmount": "3456.2800",
    "NetDemand": "7089.0000",
    "UserId": "GeetanjaliKumariVerma",
    "IsReadOnly": "False",
    "StoreId": "1"
  },
  {
    "EletricityBillId": "30",
    "ElectricityConnectionId": "1",
    "BillNumber": "42382640719",
    "BillDate": "2019-06-24T00:00:00.0000000",
    "MeterReadingDate": "2019-07-17T00:00:00.0000000",
    "CurrentMeterReading": "11765",
    "TotalUnit": "553",
    "CurrentAmount": "3759.4800",
    "ArrearAmount": "7088.9900",
    "NetDemand": "9585.0000",
    "UserId": "GeetanjaliKumariVerma",
    "IsReadOnly": "False",
    "StoreId": "1"
  },
  {
    "EletricityBillId": "31",
    "ElectricityConnectionId": "1",
    "BillNumber": "42382640819",
    "BillDate": "2019-07-17T00:00:00.0000000",
    "MeterReadingDate": "2019-08-24T00:00:00.0000000",
    "CurrentMeterReading": "12623",
    "TotalUnit": "858",
    "CurrentAmount": "5774.7900",
    "ArrearAmount": "9585.4200",
    "NetDemand": "13582.0000",
    "UserId": "GeetanjaliKumariVerma",
    "IsReadOnly": "False",
    "StoreId": "1"
  },
  {
    "EletricityBillId": "32",
    "ElectricityConnectionId": "1",
    "BillNumber": "42382640919",
    "BillDate": "2019-08-24T00:00:00.0000000",
    "MeterReadingDate": "2019-09-22T00:00:00.0000000",
    "CurrentMeterReading": "13385",
    "TotalUnit": "762",
    "CurrentAmount": "5209.5800",
    "ArrearAmount": "13582.2100",
    "NetDemand": "17142.0000",
    "UserId": "GeetanjaliKumariVerma",
    "IsReadOnly": "False",
    "StoreId": "1"
  },
  {
    "EletricityBillId": "33",
    "ElectricityConnectionId": "1",
    "BillNumber": "42382641019",
    "BillDate": "2019-09-22T00:00:00.0000000",
    "MeterReadingDate": "2019-10-28T00:00:00.0000000",
    "CurrentMeterReading": "14117",
    "TotalUnit": "732",
    "CurrentAmount": "5065.2900",
    "ArrearAmount": "17142.0900",
    "NetDemand": "20613.0000",
    "UserId": "GeetanjaliKumariVerma",
    "IsReadOnly": "False",
    "StoreId": "1"
  },
  {
    "EletricityBillId": "34",
    "ElectricityConnectionId": "1",
    "BillNumber": "42382641119",
    "BillDate": "2019-10-28T00:00:00.0000000",
    "MeterReadingDate": "2019-11-24T00:00:00.0000000",
    "CurrentMeterReading": "14584",
    "TotalUnit": "467",
    "CurrentAmount": "3393.7600",
    "ArrearAmount": "20613.1800",
    "NetDemand": "22910.0000",
    "UserId": "GeetanjaliKumariVerma",
    "IsReadOnly": "False",
    "StoreId": "1"
  },
  {
    "EletricityBillId": "35",
    "ElectricityConnectionId": "1",
    "BillNumber": "42382641219",
    "BillDate": "2019-11-24T00:00:00.0000000",
    "MeterReadingDate": "2019-12-22T00:00:00.0000000",
    "CurrentMeterReading": "15195",
    "TotalUnit": "611",
    "CurrentAmount": "4358.3000",
    "ArrearAmount": "22909.5900",
    "NetDemand": "25898.0000",
    "UserId": "GeetanjaliKumariVerma",
    "IsReadOnly": "False",
    "StoreId": "1"
  },
  {
    "EletricityBillId": "36",
    "ElectricityConnectionId": "1",
    "BillNumber": "42382640120",
    "BillDate": "2019-12-22T00:00:00.0000000",
    "MeterReadingDate": "2020-01-24T00:00:00.0000000",
    "CurrentMeterReading": "16181",
    "TotalUnit": "986",
    "CurrentAmount": "6831.9500",
    "ArrearAmount": "25897.5400",
    "NetDemand": "30823.0000",
    "UserId": "GeetanjaliKumariVerma",
    "IsReadOnly": "False",
    "StoreId": "1"
  },
  {
    "EletricityBillId": "37",
    "ElectricityConnectionId": "1",
    "BillNumber": "42382640220",
    "BillDate": "2020-01-24T00:00:00.0000000",
    "MeterReadingDate": "2020-02-24T00:00:00.0000000",
    "CurrentMeterReading": "16994",
    "TotalUnit": "813",
    "CurrentAmount": "5777.5500",
    "ArrearAmount": "30823.4900",
    "NetDemand": "34868.0000",
    "UserId": "GeetanjaliKumariVerma",
    "IsReadOnly": "False",
    "StoreId": "1"
  },
  {
    "EletricityBillId": "38",
    "ElectricityConnectionId": "1",
    "BillNumber": "42382640620",
    "BillDate": "2020-02-24T00:00:00.0000000",
    "MeterReadingDate": "2020-06-11T00:00:00.0000000",
    "CurrentMeterReading": "19506",
    "TotalUnit": "2512",
    "CurrentAmount": "17053.1900",
    "ArrearAmount": "34868.0400",
    "NetDemand": "46314.0000",
    "UserId": "GeetanjaliKumariVerma",
    "IsReadOnly": "False",
    "StoreId": "1"
  },
  {
    "EletricityBillId": "39",
    "ElectricityConnectionId": "1",
    "BillNumber": "42382640720",
    "BillDate": "2020-06-11T00:00:00.0000000",
    "MeterReadingDate": "2020-07-26T00:00:00.0000000",
    "CurrentMeterReading": "20565",
    "TotalUnit": "1059",
    "CurrentAmount": "7592.5500",
    "ArrearAmount": "46314.0300",
    "NetDemand": "51928.0000",
    "UserId": "GeetanjaliKumariVerma",
    "IsReadOnly": "False",
    "StoreId": "1"
  },
  {
    "EletricityBillId": "40",
    "ElectricityConnectionId": "1",
    "BillNumber": "42382640820",
    "BillDate": "2020-07-26T00:00:00.0000000",
    "MeterReadingDate": "2020-08-27T00:00:00.0000000",
    "CurrentMeterReading": "20565",
    "TotalUnit": "110",
    "CurrentAmount": "1510.3000",
    "ArrearAmount": "51927.5800",
    "NetDemand": "53137.0000",
    "UserId": "GeetanjaliKumariVerma",
    "IsReadOnly": "False",
    "StoreId": "1"
  },
  {
    "EletricityBillId": "41",
    "ElectricityConnectionId": "1",
    "BillNumber": "42382641020",
    "BillDate": "2020-08-27T00:00:00.0000000",
    "MeterReadingDate": "2020-10-18T00:00:00.0000000",
    "CurrentMeterReading": "22502",
    "TotalUnit": "1827",
    "CurrentAmount": "12723.4600",
    "ArrearAmount": "53136.7600",
    "NetDemand": "61967.0000",
    "UserId": "GeetanjaliKumariVerma",
    "IsReadOnly": "False",
    "StoreId": "1"
  },
  {
    "EletricityBillId": "42",
    "ElectricityConnectionId": "1",
    "BillNumber": "42382641120",
    "BillDate": "2020-10-18T00:00:00.0000000",
    "MeterReadingDate": "2020-11-26T00:00:00.0000000",
    "CurrentMeterReading": "23161",
    "TotalUnit": "659",
    "CurrentAmount": "659.0000",
    "ArrearAmount": "5085.1900",
    "NetDemand": "30593.0000",
    "UserId": "GeetanjaliKumariVerma",
    "IsReadOnly": "False",
    "StoreId": "1"
  },
  {
    "EletricityBillId": "43",
    "ElectricityConnectionId": "1",
    "BillNumber": "42382641220",
    "BillDate": "2020-11-26T00:00:00.0000000",
    "MeterReadingDate": "2020-12-20T00:00:00.0000000",
    "CurrentMeterReading": "23574",
    "TotalUnit": "413",
    "CurrentAmount": "2990.1100",
    "ArrearAmount": "30592.6500",
    "NetDemand": "2596.0000",
    "UserId": "GeetanjaliKumariVerma",
    "IsReadOnly": "False",
    "StoreId": "1"
  },
  {
    "EletricityBillId": "44",
    "ElectricityConnectionId": "1",
    "BillNumber": "42382640121",
    "BillDate": "2020-12-20T00:00:00.0000000",
    "MeterReadingDate": "2021-01-29T00:00:00.0000000",
    "CurrentMeterReading": "24378",
    "TotalUnit": "804",
    "CurrentAmount": "5397.4900",
    "ArrearAmount": "2596.1100",
    "NetDemand": "270.0000",
    "UserId": "GeetanjaliKumariVerma",
    "IsReadOnly": "False",
    "StoreId": "1"
  },
  {
    "EletricityBillId": "45",
    "ElectricityConnectionId": "1",
    "BillNumber": "42736820221",
    "BillDate": "2021-02-24T00:00:00.0000000",
    "MeterReadingDate": "2021-01-28T00:00:00.0000000",
    "CurrentMeterReading": "58043",
    "TotalUnit": "996",
    "CurrentAmount": "7356.7800",
    "ArrearAmount": "10775.0900",
    "NetDemand": "18132.0000",
    "UserId": "Admin",
    "IsReadOnly": "False",
    "StoreId": "1"
  },
  {
    "EletricityBillId": "46",
    "ElectricityConnectionId": "1",
    "BillNumber": "42382640221",
    "BillDate": "2021-02-28T00:00:00.0000000",
    "MeterReadingDate": "2021-01-29T00:00:00.0000000",
    "CurrentMeterReading": "24777",
    "TotalUnit": "399",
    "CurrentAmount": "2657.2100",
    "ArrearAmount": "269.6000",
    "NetDemand": "1969.0000",
    "UserId": "Admin",
    "IsReadOnly": "False",
    "StoreId": "1"
  },
  {
    "EletricityBillId": "47",
    "ElectricityConnectionId": "1",
    "BillNumber": "924402014229034895",
    "BillDate": "2021-02-28T00:00:00.0000000",
    "MeterReadingDate": "2021-03-21T00:00:00.0000000",
    "CurrentMeterReading": "25079",
    "TotalUnit": "302",
    "CurrentAmount": "3249.0000",
    "ArrearAmount": "1969.0000",
    "NetDemand": "3249.0000",
    "UserId": "Admin",
    "IsReadOnly": "False",
    "StoreId": "1"
  },
  {
    "EletricityBillId": "48",
    "ElectricityConnectionId": "1",
    "BillNumber": "42736820221",
    "BillDate": "2021-01-28T00:00:00.0000000",
    "MeterReadingDate": "2021-02-24T00:00:00.0000000",
    "CurrentMeterReading": "58043",
    "TotalUnit": "996",
    "CurrentAmount": "7356.7800",
    "ArrearAmount": "775.0900",
    "NetDemand": "18132.0000",
    "UserId": "Admin",
    "IsReadOnly": "False",
    "StoreId": "1"
  }
]