[
  {
    "EndOfDayId": "1",
    "EOD_Date": "2020-12-29T00:00:00.0000000",
    "Shirting": "0",
    "Suiting": "0",
    "USPA": "0",
    "FM_Arrow": "0",
    "RWT": "0",
    "Access": "0",
    "CashInHand": "34077.0000",
    "UserId": "Admin",
    "EntryStatus": "0",
    "IsReadOnly": "True",
    "StoreId": "1"
  },
  {
    "EndOfDayId": "2",
    "EOD_Date": "2020-03-09T00:00:00.0000000",
    "Shirting": "0",
    "Suiting": "0",
    "USPA": "0",
    "FM_Arrow": "0",
    "RWT": "0",
    "Access": "0",
    "CashInHand": "19152.0000",
    "UserId": "Admin",
    "EntryStatus": "0",
    "IsReadOnly": "True",
    "StoreId": "1"
  },
  {
    "EndOfDayId": "3",
    "EOD_Date": "2020-03-07T00:00:00.0000000",
    "Shirting": "3.4",
    "Suiting": "4.2",
    "USPA": "0",
    "FM_Arrow": "0",
    "RWT": "2",
    "Access": "0",
    "CashInHand": "11003.0000",
    "UserId": "Admin",
    "EntryStatus": "0",
    "IsReadOnly": "True",
    "StoreId": "1"
  },
  {
    "EndOfDayId": "4",
    "EOD_Date": "2020-03-06T00:00:00.0000000",
    "Shirting": "0",
    "Suiting": "0",
    "USPA": "0",
    "FM_Arrow": "0",
    "RWT": "0",
    "Access": "0",
    "CashInHand": "11520.0000",
    "UserId": "Admin",
    "EntryStatus": "0",
    "IsReadOnly": "True",
    "StoreId": "1"
  },
  {
    "EndOfDayId": "5",
    "EOD_Date": "2020-03-05T00:00:00.0000000",
    "Shirting": "3.2",
    "Suiting": "0",
    "USPA": "3",
    "FM_Arrow": "0",
    "RWT": "0",
    "Access": "0",
    "CashInHand": "11900.0000",
    "UserId": "Admin",
    "EntryStatus": "0",
    "IsReadOnly": "True",
    "StoreId": "1"
  },
  {
    "EndOfDayId": "6",
    "EOD_Date": "2020-03-03T00:00:00.0000000",
    "Shirting": "6.7",
    "Suiting": "0",
    "USPA": "0",
    "FM_Arrow": "0",
    "RWT": "1",
    "Access": "0",
    "CashInHand": "13346.0000",
    "UserId": "Admin",
    "EntryStatus": "0",
    "IsReadOnly": "True",
    "StoreId": "1"
  },
  {
    "EndOfDayId": "7",
    "EOD_Date": "2020-03-02T00:00:00.0000000",
    "Shirting": "1.65",
    "Suiting": "0",
    "USPA": "2",
    "FM_Arrow": "0",
    "RWT": "0",
    "Access": "0",
    "CashInHand": "43547.0000",
    "UserId": "Admin",
    "EntryStatus": "0",
    "IsReadOnly": "True",
    "StoreId": "1"
  },
  {
    "EndOfDayId": "8",
    "EOD_Date": "2020-02-29T00:00:00.0000000",
    "Shirting": "3.2",
    "Suiting": "0",
    "USPA": "1",
    "FM_Arrow": "0",
    "RWT": "0",
    "Access": "1",
    "CashInHand": "32325.0000",
    "UserId": "Admin",
    "EntryStatus": "0",
    "IsReadOnly": "True",
    "StoreId": "1"
  },
  {
    "EndOfDayId": "9",
    "EOD_Date": "2020-02-28T00:00:00.0000000",
    "Shirting": "1.6",
    "Suiting": "0",
    "USPA": "0",
    "FM_Arrow": "0",
    "RWT": "0",
    "Access": "0",
    "CashInHand": "31777.0000",
    "UserId": "Admin",
    "EntryStatus": "0",
    "IsReadOnly": "True",
    "StoreId": "1"
  },
  {
    "EndOfDayId": "10",
    "EOD_Date": "2020-02-25T00:00:00.0000000",
    "Shirting": "0",
    "Suiting": "3",
    "USPA": "0",
    "FM_Arrow": "0",
    "RWT": "0",
    "Access": "0",
    "CashInHand": "14542.0000",
    "UserId": "Admin",
    "EntryStatus": "0",
    "IsReadOnly": "True",
    "StoreId": "1"
  },
  {
    "EndOfDayId": "11",
    "EOD_Date": "2020-01-27T00:00:00.0000000",
    "Shirting": "0",
    "Suiting": "0",
    "USPA": "0",
    "FM_Arrow": "0",
    "RWT": "0",
    "Access": "0",
    "CashInHand": "10892.0000",
    "UserId": "Admin",
    "EntryStatus": "0",
    "IsReadOnly": "True",
    "StoreId": "1"
  },
  {
    "EndOfDayId": "12",
    "EOD_Date": "2020-01-26T00:00:00.0000000",
    "Shirting": "0",
    "Suiting": "0",
    "USPA": "0",
    "FM_Arrow": "0",
    "RWT": "0",
    "Access": "0",
    "CashInHand": "11915.0000",
    "UserId": "Admin",
    "EntryStatus": "0",
    "IsReadOnly": "True",
    "StoreId": "1"
  },
  {
    "EndOfDayId": "13",
    "EOD_Date": "2020-01-25T00:00:00.0000000",
    "Shirting": "0",
    "Suiting": "0",
    "USPA": "0",
    "FM_Arrow": "0",
    "RWT": "0",
    "Access": "0",
    "CashInHand": "16975.0000",
    "UserId": "Admin",
    "EntryStatus": "0",
    "IsReadOnly": "True",
    "StoreId": "1"
  },
  {
    "EndOfDayId": "14",
    "EOD_Date": "2020-01-24T00:00:00.0000000",
    "Shirting": "0",
    "Suiting": "0",
    "USPA": "0",
    "FM_Arrow": "0",
    "RWT": "0",
    "Access": "0",
    "CashInHand": "20472.0000",
    "UserId": "Admin",
    "EntryStatus": "0",
    "IsReadOnly": "True",
    "StoreId": "1"
  },
  {
    "EndOfDayId": "15",
    "EOD_Date": "2020-01-23T00:00:00.0000000",
    "Shirting": "0",
    "Suiting": "0",
    "USPA": "0",
    "FM_Arrow": "0",
    "RWT": "0",
    "Access": "0",
    "CashInHand": "11751.0000",
    "UserId": "Admin",
    "EntryStatus": "0",
    "IsReadOnly": "True",
    "StoreId": "1"
  },
  {
    "EndOfDayId": "16",
    "EOD_Date": "2020-01-22T00:00:00.0000000",
    "Shirting": "0",
    "Suiting": "0",
    "USPA": "0",
    "FM_Arrow": "0",
    "RWT": "0",
    "Access": "0",
    "CashInHand": "8155.0000",
    "UserId": "Admin",
    "EntryStatus": "0",
    "IsReadOnly": "True",
    "StoreId": "1"
  },
  {
    "EndOfDayId": "17",
    "EOD_Date": "2020-01-21T00:00:00.0000000",
    "Shirting": "0",
    "Suiting": "0",
    "USPA": "0",
    "FM_Arrow": "0",
    "RWT": "0",
    "Access": "0",
    "CashInHand": "16993.0000",
    "UserId": "Admin",
    "EntryStatus": "0",
    "IsReadOnly": "True",
    "StoreId": "1"
  },
  {
    "EndOfDayId": "18",
    "EOD_Date": "2020-01-20T00:00:00.0000000",
    "Shirting": "1.6",
    "Suiting": "1.2",
    "USPA": "0",
    "FM_Arrow": "0",
    "RWT": "2",
    "Access": "0",
    "CashInHand": "18243.0000",
    "UserId": "Admin",
    "EntryStatus": "0",
    "IsReadOnly": "True",
    "StoreId": "1"
  },
  {
    "EndOfDayId": "19",
    "EOD_Date": "2020-01-19T00:00:00.0000000",
    "Shirting": "0",
    "Suiting": "0",
    "USPA": "0",
    "FM_Arrow": "0",
    "RWT": "0",
    "Access": "0",
    "CashInHand": "9327.0000",
    "UserId": "Admin",
    "EntryStatus": "0",
    "IsReadOnly": "True",
    "StoreId": "1"
  },
  {
    "EndOfDayId": "20",
    "EOD_Date": "2020-01-18T00:00:00.0000000",
    "Shirting": "0",
    "Suiting": "1.2",
    "USPA": "0",
    "FM_Arrow": "0",
    "RWT": "0",
    "Access": "0",
    "CashInHand": "20177.0000",
    "UserId": "Admin",
    "EntryStatus": "0",
    "IsReadOnly": "True",
    "StoreId": "1"
  },
  {
    "EndOfDayId": "21",
    "EOD_Date": "2020-01-16T00:00:00.0000000",
    "Shirting": "0",
    "Suiting": "0",
    "USPA": "0",
    "FM_Arrow": "0",
    "RWT": "0",
    "Access": "0",
    "CashInHand": "15578.0000",
    "UserId": "Admin",
    "EntryStatus": "0",
    "IsReadOnly": "True",
    "StoreId": "1"
  },
  {
    "EndOfDayId": "22",
    "EOD_Date": "2020-01-15T00:00:00.0000000",
    "Shirting": "0",
    "Suiting": "0",
    "USPA": "0",
    "FM_Arrow": "0",
    "RWT": "0",
    "Access": "0",
    "CashInHand": "15638.0000",
    "UserId": "Admin",
    "EntryStatus": "0",
    "IsReadOnly": "True",
    "StoreId": "1"
  },
  {
    "EndOfDayId": "23",
    "EOD_Date": "2020-01-14T00:00:00.0000000",
    "Shirting": "0",
    "Suiting": "0",
    "USPA": "0",
    "FM_Arrow": "0",
    "RWT": "0",
    "Access": "0",
    "CashInHand": "16208.0000",
    "UserId": "Admin",
    "EntryStatus": "0",
    "IsReadOnly": "True",
    "StoreId": "1"
  },
  {
    "EndOfDayId": "24",
    "EOD_Date": "2020-01-13T00:00:00.0000000",
    "Shirting": "0",
    "Suiting": "0",
    "USPA": "0",
    "FM_Arrow": "0",
    "RWT": "0",
    "Access": "0",
    "CashInHand": "8133.0000",
    "UserId": "Admin",
    "EntryStatus": "0",
    "IsReadOnly": "True",
    "StoreId": "1"
  },
  {
    "EndOfDayId": "25",
    "EOD_Date": "2020-01-12T00:00:00.0000000",
    "Shirting": "0",
    "Suiting": "1.2",
    "USPA": "0",
    "FM_Arrow": "1",
    "RWT": "1",
    "Access": "0",
    "CashInHand": "29155.0000",
    "UserId": "Admin",
    "EntryStatus": "0",
    "IsReadOnly": "True",
    "StoreId": "1"
  },
  {
    "EndOfDayId": "26",
    "EOD_Date": "2020-01-11T00:00:00.0000000",
    "Shirting": "0",
    "Suiting": "3.6",
    "USPA": "0",
    "FM_Arrow": "0",
    "RWT": "0",
    "Access": "0",
    "CashInHand": "0.0000",
    "UserId": "Admin",
    "EntryStatus": "0",
    "IsReadOnly": "True",
    "StoreId": "1"
  },
  {
    "EndOfDayId": "27",
    "EOD_Date": "2020-01-10T00:00:00.0000000",
    "Shirting": "0",
    "Suiting": "0",
    "USPA": "0",
    "FM_Arrow": "2",
    "RWT": "3",
    "Access": "0",
    "CashInHand": "13213.0000",
    "UserId": "Admin",
    "EntryStatus": "0",
    "IsReadOnly": "True",
    "StoreId": "1"
  },
  {
    "EndOfDayId": "28",
    "EOD_Date": "2020-01-09T00:00:00.0000000",
    "Shirting": "0",
    "Suiting": "0",
    "USPA": "0",
    "FM_Arrow": "0",
    "RWT": "0",
    "Access": "0",
    "CashInHand": "11490.0000",
    "UserId": "Admin",
    "EntryStatus": "0",
    "IsReadOnly": "True",
    "StoreId": "1"
  },
  {
    "EndOfDayId": "29",
    "EOD_Date": "2020-03-12T00:00:00.0000000",
    "Shirting": "0",
    "Suiting": "3",
    "USPA": "0",
    "FM_Arrow": "0",
    "RWT": "0",
    "Access": "0",
    "CashInHand": "26570.0000",
    "UserId": "Admin",
    "EntryStatus": "0",
    "IsReadOnly": "True",
    "StoreId": "1"
  },
  {
    "EndOfDayId": "30",
    "EOD_Date": "2020-01-07T00:00:00.0000000",
    "Shirting": "0",
    "Suiting": "0",
    "USPA": "0",
    "FM_Arrow": "0",
    "RWT": "0",
    "Access": "0",
    "CashInHand": "11570.0000",
    "UserId": "Admin",
    "EntryStatus": "0",
    "IsReadOnly": "True",
    "StoreId": "1"
  },
  {
    "EndOfDayId": "31",
    "EOD_Date": "2020-03-13T00:00:00.0000000",
    "Shirting": "1.6",
    "Suiting": "1.2",
    "USPA": "6",
    "FM_Arrow": "1",
    "RWT": "0",
    "Access": "0",
    "CashInHand": "37483.0000",
    "UserId": "Admin",
    "EntryStatus": "0",
    "IsReadOnly": "True",
    "StoreId": "1"
  },
  {
    "EndOfDayId": "32",
    "EOD_Date": "2020-03-15T00:00:00.0000000",
    "Shirting": "0",
    "Suiting": "0",
    "USPA": "0",
    "FM_Arrow": "0",
    "RWT": "0",
    "Access": "0",
    "CashInHand": "31373.0000",
    "UserId": "Admin",
    "EntryStatus": "0",
    "IsReadOnly": "True",
    "StoreId": "1"
  },
  {
    "EndOfDayId": "33",
    "EOD_Date": "2020-07-24T00:00:00.0000000",
    "Shirting": "1.6",
    "Suiting": "3.25",
    "USPA": "0",
    "FM_Arrow": "4",
    "RWT": "0",
    "Access": "0",
    "CashInHand": "25739.0000",
    "UserId": "Admin",
    "EntryStatus": "0",
    "IsReadOnly": "True",
    "StoreId": "1"
  },
  {
    "EndOfDayId": "34",
    "EOD_Date": "2020-07-22T00:00:00.0000000",
    "Shirting": "1.6",
    "Suiting": "1.2",
    "USPA": "0",
    "FM_Arrow": "0",
    "RWT": "1",
    "Access": "0",
    "CashInHand": "6724.0000",
    "UserId": "Admin",
    "EntryStatus": "0",
    "IsReadOnly": "True",
    "StoreId": "1"
  },
  {
    "EndOfDayId": "35",
    "EOD_Date": "2020-07-21T00:00:00.0000000",
    "Shirting": "0",
    "Suiting": "0",
    "USPA": "0",
    "FM_Arrow": "0",
    "RWT": "0",
    "Access": "0",
    "CashInHand": "4860.0000",
    "UserId": "Admin",
    "EntryStatus": "0",
    "IsReadOnly": "True",
    "StoreId": "1"
  },
  {
    "EndOfDayId": "36",
    "EOD_Date": "2020-07-20T00:00:00.0000000",
    "Shirting": "0",
    "Suiting": "0",
    "USPA": "1",
    "FM_Arrow": "0",
    "RWT": "0",
    "Access": "0",
    "CashInHand": "8810.0000",
    "UserId": "Admin",
    "EntryStatus": "0",
    "IsReadOnly": "True",
    "StoreId": "1"
  },
  {
    "EndOfDayId": "37",
    "EOD_Date": "2020-07-19T00:00:00.0000000",
    "Shirting": "0",
    "Suiting": "0",
    "USPA": "0",
    "FM_Arrow": "0",
    "RWT": "0",
    "Access": "0",
    "CashInHand": "5684.0000",
    "UserId": "Admin",
    "EntryStatus": "0",
    "IsReadOnly": "True",
    "StoreId": "1"
  },
  {
    "EndOfDayId": "38",
    "EOD_Date": "2020-07-18T00:00:00.0000000",
    "Shirting": "0",
    "Suiting": "1.3",
    "USPA": "0",
    "FM_Arrow": "0",
    "RWT": "0",
    "Access": "0",
    "CashInHand": "6330.0000",
    "UserId": "Admin",
    "EntryStatus": "0",
    "IsReadOnly": "True",
    "StoreId": "1"
  },
  {
    "EndOfDayId": "39",
    "EOD_Date": "2020-07-17T00:00:00.0000000",
    "Shirting": "1.6",
    "Suiting": "0",
    "USPA": "0",
    "FM_Arrow": "0",
    "RWT": "0",
    "Access": "0",
    "CashInHand": "6322.0000",
    "UserId": "Admin",
    "EntryStatus": "0",
    "IsReadOnly": "True",
    "StoreId": "1"
  },
  {
    "EndOfDayId": "40",
    "EOD_Date": "2020-07-16T00:00:00.0000000",
    "Shirting": "0",
    "Suiting": "0",
    "USPA": "0",
    "FM_Arrow": "0",
    "RWT": "0",
    "Access": "0",
    "CashInHand": "7190.0000",
    "UserId": "Admin",
    "EntryStatus": "0",
    "IsReadOnly": "True",
    "StoreId": "1"
  },
  {
    "EndOfDayId": "41",
    "EOD_Date": "2020-07-15T00:00:00.0000000",
    "Shirting": "0",
    "Suiting": "0",
    "USPA": "0",
    "FM_Arrow": "0",
    "RWT": "0",
    "Access": "0",
    "CashInHand": "13645.0000",
    "UserId": "Admin",
    "EntryStatus": "0",
    "IsReadOnly": "True",
    "StoreId": "1"
  },
  {
    "EndOfDayId": "42",
    "EOD_Date": "2020-07-14T00:00:00.0000000",
    "Shirting": "0",
    "Suiting": "0",
    "USPA": "0",
    "FM_Arrow": "0",
    "RWT": "0",
    "Access": "0",
    "CashInHand": "17173.0000",
    "UserId": "Admin",
    "EntryStatus": "0",
    "IsReadOnly": "True",
    "StoreId": "1"
  },
  {
    "EndOfDayId": "43",
    "EOD_Date": "2020-07-13T00:00:00.0000000",
    "Shirting": "1.2",
    "Suiting": "0",
    "USPA": "0",
    "FM_Arrow": "0",
    "RWT": "0",
    "Access": "0",
    "CashInHand": "16424.0000",
    "UserId": "Admin",
    "EntryStatus": "0",
    "IsReadOnly": "True",
    "StoreId": "1"
  },
  {
    "EndOfDayId": "44",
    "EOD_Date": "2020-07-11T00:00:00.0000000",
    "Shirting": "0",
    "Suiting": "0",
    "USPA": "0",
    "FM_Arrow": "0",
    "RWT": "0",
    "Access": "0",
    "CashInHand": "7843.0000",
    "UserId": "Admin",
    "EntryStatus": "0",
    "IsReadOnly": "True",
    "StoreId": "1"
  },
  {
    "EndOfDayId": "45",
    "EOD_Date": "2020-07-10T00:00:00.0000000",
    "Shirting": "0",
    "Suiting": "3.6",
    "USPA": "0",
    "FM_Arrow": "0",
    "RWT": "0",
    "Access": "0",
    "CashInHand": "10483.0000",
    "UserId": "Admin",
    "EntryStatus": "0",
    "IsReadOnly": "True",
    "StoreId": "1"
  },
  {
    "EndOfDayId": "46",
    "EOD_Date": "2020-07-08T00:00:00.0000000",
    "Shirting": "0",
    "Suiting": "0",
    "USPA": "0",
    "FM_Arrow": "0",
    "RWT": "0",
    "Access": "0",
    "CashInHand": "13176.0000",
    "UserId": "Admin",
    "EntryStatus": "0",
    "IsReadOnly": "True",
    "StoreId": "1"
  },
  {
    "EndOfDayId": "47",
    "EOD_Date": "2020-07-07T00:00:00.0000000",
    "Shirting": "3.3",
    "Suiting": "0",
    "USPA": "0",
    "FM_Arrow": "0",
    "RWT": "0",
    "Access": "0",
    "CashInHand": "14276.0000",
    "UserId": "Admin",
    "EntryStatus": "0",
    "IsReadOnly": "True",
    "StoreId": "1"
  },
  {
    "EndOfDayId": "48",
    "EOD_Date": "2020-07-06T00:00:00.0000000",
    "Shirting": "0",
    "Suiting": "0",
    "USPA": "0",
    "FM_Arrow": "0",
    "RWT": "0",
    "Access": "0",
    "CashInHand": "10258.0000",
    "UserId": "Admin",
    "EntryStatus": "0",
    "IsReadOnly": "True",
    "StoreId": "1"
  },
  {
    "EndOfDayId": "49",
    "EOD_Date": "2020-07-05T00:00:00.0000000",
    "Shirting": "1.75",
    "Suiting": "1.2",
    "USPA": "0",
    "FM_Arrow": "0",
    "RWT": "0",
    "Access": "0",
    "CashInHand": "17188.0000",
    "UserId": "Admin",
    "EntryStatus": "0",
    "IsReadOnly": "True",
    "StoreId": "1"
  },
  {
    "EndOfDayId": "50",
    "EOD_Date": "2020-07-04T00:00:00.0000000",
    "Shirting": "0",
    "Suiting": "0",
    "USPA": "0",
    "FM_Arrow": "0",
    "RWT": "0",
    "Access": "0",
    "CashInHand": "11071.0000",
    "UserId": "Admin",
    "EntryStatus": "0",
    "IsReadOnly": "True",
    "StoreId": "1"
  },
  {
    "EndOfDayId": "51",
    "EOD_Date": "2020-07-03T00:00:00.0000000",
    "Shirting": "0",
    "Suiting": "0",
    "USPA": "1",
    "FM_Arrow": "1",
    "RWT": "1",
    "Access": "0",
    "CashInHand": "10201.0000",
    "UserId": "Admin",
    "EntryStatus": "0",
    "IsReadOnly": "True",
    "StoreId": "1"
  },
  {
    "EndOfDayId": "52",
    "EOD_Date": "2020-07-02T00:00:00.0000000",
    "Shirting": "0",
    "Suiting": "0",
    "USPA": "0",
    "FM_Arrow": "0",
    "RWT": "0",
    "Access": "0",
    "CashInHand": "16300.0000",
    "UserId": "Admin",
    "EntryStatus": "0",
    "IsReadOnly": "True",
    "StoreId": "1"
  },
  {
    "EndOfDayId": "53",
    "EOD_Date": "2020-07-01T00:00:00.0000000",
    "Shirting": "1.7",
    "Suiting": "0",
    "USPA": "0",
    "FM_Arrow": "0",
    "RWT": "0",
    "Access": "0",
    "CashInHand": "19940.0000",
    "UserId": "Admin",
    "EntryStatus": "0",
    "IsReadOnly": "True",
    "StoreId": "1"
  },
  {
    "EndOfDayId": "54",
    "EOD_Date": "2020-03-21T00:00:00.0000000",
    "Shirting": "1.6",
    "Suiting": "1.2",
    "USPA": "0",
    "FM_Arrow": "0",
    "RWT": "0",
    "Access": "0",
    "CashInHand": "34771.0000",
    "UserId": "Admin",
    "EntryStatus": "0",
    "IsReadOnly": "True",
    "StoreId": "1"
  },
  {
    "EndOfDayId": "55",
    "EOD_Date": "2020-03-20T00:00:00.0000000",
    "Shirting": "0",
    "Suiting": "0",
    "USPA": "1",
    "FM_Arrow": "0",
    "RWT": "0",
    "Access": "0",
    "CashInHand": "37080.0000",
    "UserId": "Admin",
    "EntryStatus": "0",
    "IsReadOnly": "True",
    "StoreId": "1"
  },
  {
    "EndOfDayId": "56",
    "EOD_Date": "2020-03-19T00:00:00.0000000",
    "Shirting": "1.2",
    "Suiting": "1.1",
    "USPA": "2",
    "FM_Arrow": "1",
    "RWT": "0",
    "Access": "0",
    "CashInHand": "44614.0000",
    "UserId": "Admin",
    "EntryStatus": "0",
    "IsReadOnly": "True",
    "StoreId": "1"
  },
  {
    "EndOfDayId": "57",
    "EOD_Date": "2020-03-18T00:00:00.0000000",
    "Shirting": "0",
    "Suiting": "0",
    "USPA": "1",
    "FM_Arrow": "0",
    "RWT": "0",
    "Access": "0",
    "CashInHand": "33255.0000",
    "UserId": "Admin",
    "EntryStatus": "0",
    "IsReadOnly": "True",
    "StoreId": "1"
  },
  {
    "EndOfDayId": "58",
    "EOD_Date": "2020-03-17T00:00:00.0000000",
    "Shirting": "4.7",
    "Suiting": "1.2",
    "USPA": "0",
    "FM_Arrow": "0",
    "RWT": "0",
    "Access": "0",
    "CashInHand": "27763.0000",
    "UserId": "Admin",
    "EntryStatus": "0",
    "IsReadOnly": "True",
    "StoreId": "1"
  },
  {
    "EndOfDayId": "59",
    "EOD_Date": "2020-03-16T00:00:00.0000000",
    "Shirting": "3.2",
    "Suiting": "3.85",
    "USPA": "0",
    "FM_Arrow": "0",
    "RWT": "0",
    "Access": "0",
    "CashInHand": "23865.0000",
    "UserId": "Admin",
    "EntryStatus": "0",
    "IsReadOnly": "True",
    "StoreId": "1"
  },
  {
    "EndOfDayId": "60",
    "EOD_Date": "2020-03-14T00:00:00.0000000",
    "Shirting": "0",
    "Suiting": "0",
    "USPA": "0",
    "FM_Arrow": "0",
    "RWT": "0",
    "Access": "0",
    "CashInHand": "33483.0000",
    "UserId": "Admin",
    "EntryStatus": "0",
    "IsReadOnly": "True",
    "StoreId": "1"
  },
  {
    "EndOfDayId": "61",
    "EOD_Date": "2020-01-06T00:00:00.0000000",
    "Shirting": "0",
    "Suiting": "0",
    "USPA": "0",
    "FM_Arrow": "0",
    "RWT": "0",
    "Access": "0",
    "CashInHand": "12780.0000",
    "UserId": "Admin",
    "EntryStatus": "0",
    "IsReadOnly": "True",
    "StoreId": "1"
  },
  {
    "EndOfDayId": "62",
    "EOD_Date": "2019-12-30T00:00:00.0000000",
    "Shirting": "0",
    "Suiting": "0",
    "USPA": "0",
    "FM_Arrow": "0",
    "RWT": "0",
    "Access": "0",
    "CashInHand": "23408.0000",
    "UserId": "Admin",
    "EntryStatus": "0",
    "IsReadOnly": "True",
    "StoreId": "1"
  },
  {
    "EndOfDayId": "63",
    "EOD_Date": "2019-12-29T00:00:00.0000000",
    "Shirting": "0",
    "Suiting": "1.3",
    "USPA": "0",
    "FM_Arrow": "0",
    "RWT": "0",
    "Access": "0",
    "CashInHand": "25898.0000",
    "UserId": "Admin",
    "EntryStatus": "0",
    "IsReadOnly": "True",
    "StoreId": "1"
  },
  {
    "EndOfDayId": "64",
    "EOD_Date": "2021-01-13T00:00:00.0000000",
    "Shirting": "0",
    "Suiting": "0",
    "USPA": "0",
    "FM_Arrow": "0",
    "RWT": "0",
    "Access": "0",
    "CashInHand": "31134.0000",
    "UserId": "Admin",
    "EntryStatus": "0",
    "IsReadOnly": "True",
    "StoreId": "1"
  },
  {
    "EndOfDayId": "65",
    "EOD_Date": "2021-01-14T00:00:00.0000000",
    "Shirting": "0",
    "Suiting": "0",
    "USPA": "0",
    "FM_Arrow": "0",
    "RWT": "0",
    "Access": "0",
    "CashInHand": "23883.0000",
    "UserId": "Admin",
    "EntryStatus": "0",
    "IsReadOnly": "True",
    "StoreId": "1"
  },
  {
    "EndOfDayId": "66",
    "EOD_Date": "2021-01-15T00:00:00.0000000",
    "Shirting": "0",
    "Suiting": "0",
    "USPA": "0",
    "FM_Arrow": "2",
    "RWT": "2",
    "Access": "0",
    "CashInHand": "23928.0000",
    "UserId": "Admin",
    "EntryStatus": "0",
    "IsReadOnly": "True",
    "StoreId": "1"
  },
  {
    "EndOfDayId": "67",
    "EOD_Date": "2021-01-16T00:00:00.0000000",
    "Shirting": "0",
    "Suiting": "0",
    "USPA": "1",
    "FM_Arrow": "0",
    "RWT": "2",
    "Access": "0",
    "CashInHand": "27370.0000",
    "UserId": "Admin",
    "EntryStatus": "0",
    "IsReadOnly": "True",
    "StoreId": "1"
  },
  {
    "EndOfDayId": "68",
    "EOD_Date": "2021-01-17T00:00:00.0000000",
    "Shirting": "0",
    "Suiting": "0",
    "USPA": "1",
    "FM_Arrow": "0",
    "RWT": "0",
    "Access": "0",
    "CashInHand": "14370.0000",
    "UserId": "Admin",
    "EntryStatus": "0",
    "IsReadOnly": "True",
    "StoreId": "1"
  },
  {
    "EndOfDayId": "69",
    "EOD_Date": "2021-01-18T00:00:00.0000000",
    "Shirting": "0",
    "Suiting": "0",
    "USPA": "1",
    "FM_Arrow": "0",
    "RWT": "7",
    "Access": "0",
    "CashInHand": "21226.0000",
    "UserId": "Admin",
    "EntryStatus": "0",
    "IsReadOnly": "True",
    "StoreId": "1"
  },
  {
    "EndOfDayId": "70",
    "EOD_Date": "2021-01-19T00:00:00.0000000",
    "Shirting": "0",
    "Suiting": "0",
    "USPA": "0",
    "FM_Arrow": "0",
    "RWT": "0",
    "Access": "0",
    "CashInHand": "11226.0000",
    "UserId": "Admin",
    "EntryStatus": "0",
    "IsReadOnly": "True",
    "StoreId": "1"
  },
  {
    "EndOfDayId": "71",
    "EOD_Date": "2021-01-20T00:00:00.0000000",
    "Shirting": "1.7",
    "Suiting": "2.6",
    "USPA": "0",
    "FM_Arrow": "0",
    "RWT": "0",
    "Access": "0",
    "CashInHand": "13429.0000",
    "UserId": "Admin",
    "EntryStatus": "0",
    "IsReadOnly": "True",
    "StoreId": "1"
  },
  {
    "EndOfDayId": "72",
    "EOD_Date": "2021-01-21T00:00:00.0000000",
    "Shirting": "0",
    "Suiting": "0",
    "USPA": "0",
    "FM_Arrow": "1",
    "RWT": "1",
    "Access": "0",
    "CashInHand": "15377.0000",
    "UserId": "Admin",
    "EntryStatus": "0",
    "IsReadOnly": "True",
    "StoreId": "1"
  },
  {
    "EndOfDayId": "73",
    "EOD_Date": "2021-01-22T00:00:00.0000000",
    "Shirting": "0",
    "Suiting": "0",
    "USPA": "0",
    "FM_Arrow": "0",
    "RWT": "0",
    "Access": "0",
    "CashInHand": "15372.0000",
    "UserId": "Admin",
    "EntryStatus": "0",
    "IsReadOnly": "True",
    "StoreId": "1"
  },
  {
    "EndOfDayId": "74",
    "EOD_Date": "2021-01-23T00:00:00.0000000",
    "Shirting": "0",
    "Suiting": "0",
    "USPA": "0",
    "FM_Arrow": "0",
    "RWT": "0",
    "Access": "0",
    "CashInHand": "13516.0000",
    "UserId": "Admin",
    "EntryStatus": "0",
    "IsReadOnly": "True",
    "StoreId": "1"
  },
  {
    "EndOfDayId": "75",
    "EOD_Date": "2021-01-24T00:00:00.0000000",
    "Shirting": "0",
    "Suiting": "0",
    "USPA": "0",
    "FM_Arrow": "0",
    "RWT": "0",
    "Access": "0",
    "CashInHand": "23577.0000",
    "UserId": "Admin",
    "EntryStatus": "0",
    "IsReadOnly": "True",
    "StoreId": "1"
  },
  {
    "EndOfDayId": "76",
    "EOD_Date": "2021-01-25T00:00:00.0000000",
    "Shirting": "0",
    "Suiting": "0",
    "USPA": "0",
    "FM_Arrow": "0",
    "RWT": "0",
    "Access": "0",
    "CashInHand": "22142.0000",
    "UserId": "Admin",
    "EntryStatus": "0",
    "IsReadOnly": "True",
    "StoreId": "1"
  },
  {
    "EndOfDayId": "77",
    "EOD_Date": "2021-01-26T00:00:00.0000000",
    "Shirting": "0",
    "Suiting": "0",
    "USPA": "0",
    "FM_Arrow": "0",
    "RWT": "0",
    "Access": "0",
    "CashInHand": "28737.0000",
    "UserId": "Admin",
    "EntryStatus": "0",
    "IsReadOnly": "True",
    "StoreId": "1"
  },
  {
    "EndOfDayId": "78",
    "EOD_Date": "2021-01-27T00:00:00.0000000",
    "Shirting": "0",
    "Suiting": "0",
    "USPA": "0",
    "FM_Arrow": "0",
    "RWT": "0",
    "Access": "0",
    "CashInHand": "26931.0000",
    "UserId": "Admin",
    "EntryStatus": "0",
    "IsReadOnly": "True",
    "StoreId": "1"
  },
  {
    "EndOfDayId": "79",
    "EOD_Date": "2021-01-28T00:00:00.0000000",
    "Shirting": "0",
    "Suiting": "0",
    "USPA": "0",
    "FM_Arrow": "0",
    "RWT": "0",
    "Access": "0",
    "CashInHand": "39136.0000",
    "UserId": "Admin",
    "EntryStatus": "0",
    "IsReadOnly": "True",
    "StoreId": "1"
  },
  {
    "EndOfDayId": "80",
    "EOD_Date": "2021-01-29T00:00:00.0000000",
    "Shirting": "0",
    "Suiting": "0",
    "USPA": "0",
    "FM_Arrow": "0",
    "RWT": "0",
    "Access": "0",
    "CashInHand": "48692.0000",
    "UserId": "Admin",
    "EntryStatus": "0",
    "IsReadOnly": "True",
    "StoreId": "1"
  },
  {
    "EndOfDayId": "81",
    "EOD_Date": "2021-01-30T00:00:00.0000000",
    "Shirting": "0",
    "Suiting": "0",
    "USPA": "0",
    "FM_Arrow": "0",
    "RWT": "0",
    "Access": "0",
    "CashInHand": "44353.0000",
    "UserId": "Admin",
    "EntryStatus": "0",
    "IsReadOnly": "True",
    "StoreId": "1"
  },
  {
    "EndOfDayId": "82",
    "EOD_Date": "2021-01-31T00:00:00.0000000",
    "Shirting": "0",
    "Suiting": "0",
    "USPA": "0",
    "FM_Arrow": "0",
    "RWT": "0",
    "Access": "0",
    "CashInHand": "44353.0000",
    "UserId": "Admin",
    "EntryStatus": "0",
    "IsReadOnly": "True",
    "StoreId": "1"
  },
  {
    "EndOfDayId": "83",
    "EOD_Date": "2021-02-01T00:00:00.0000000",
    "Shirting": "0",
    "Suiting": "0",
    "USPA": "0",
    "FM_Arrow": "0",
    "RWT": "0",
    "Access": "0",
    "CashInHand": "50798.0000",
    "UserId": "Admin",
    "EntryStatus": "0",
    "IsReadOnly": "True",
    "StoreId": "1"
  },
  {
    "EndOfDayId": "84",
    "EOD_Date": "2021-02-02T00:00:00.0000000",
    "Shirting": "3.2",
    "Suiting": "1.2",
    "USPA": "1",
    "FM_Arrow": "0",
    "RWT": "1",
    "Access": "0",
    "CashInHand": "34892.0000",
    "UserId": "Admin",
    "EntryStatus": "0",
    "IsReadOnly": "True",
    "StoreId": "1"
  },
  {
    "EndOfDayId": "85",
    "EOD_Date": "2021-02-03T00:00:00.0000000",
    "Shirting": "6.4",
    "Suiting": "4.3",
    "USPA": "0",
    "FM_Arrow": "0",
    "RWT": "0",
    "Access": "0",
    "CashInHand": "46050.0000",
    "UserId": "Admin",
    "EntryStatus": "0",
    "IsReadOnly": "True",
    "StoreId": "1"
  },
  {
    "EndOfDayId": "86",
    "EOD_Date": "2021-02-04T00:00:00.0000000",
    "Shirting": "0",
    "Suiting": "2",
    "USPA": "0",
    "FM_Arrow": "1",
    "RWT": "0",
    "Access": "0",
    "CashInHand": "50794.0000",
    "UserId": "Admin",
    "EntryStatus": "0",
    "IsReadOnly": "True",
    "StoreId": "1"
  },
  {
    "EndOfDayId": "87",
    "EOD_Date": "2021-02-05T00:00:00.0000000",
    "Shirting": "0",
    "Suiting": "0",
    "USPA": "0",
    "FM_Arrow": "0",
    "RWT": "0",
    "Access": "0",
    "CashInHand": "51594.0000",
    "UserId": "Admin",
    "EntryStatus": "0",
    "IsReadOnly": "True",
    "StoreId": "1"
  },
  {
    "EndOfDayId": "88",
    "EOD_Date": "2021-02-06T00:00:00.0000000",
    "Shirting": "0",
    "Suiting": "0",
    "USPA": "0",
    "FM_Arrow": "0",
    "RWT": "0",
    "Access": "0",
    "CashInHand": "15774.0000",
    "UserId": "Admin",
    "EntryStatus": "0",
    "IsReadOnly": "True",
    "StoreId": "1"
  },
  {
    "EndOfDayId": "89",
    "EOD_Date": "2021-02-07T00:00:00.0000000",
    "Shirting": "0",
    "Suiting": "0",
    "USPA": "0",
    "FM_Arrow": "0",
    "RWT": "0",
    "Access": "0",
    "CashInHand": "11698.0000",
    "UserId": "Admin",
    "EntryStatus": "0",
    "IsReadOnly": "True",
    "StoreId": "1"
  },
  {
    "EndOfDayId": "90",
    "EOD_Date": "2021-02-08T00:00:00.0000000",
    "Shirting": "0",
    "Suiting": "0",
    "USPA": "0",
    "FM_Arrow": "0",
    "RWT": "0",
    "Access": "0",
    "CashInHand": "11127.0000",
    "UserId": "Admin",
    "EntryStatus": "0",
    "IsReadOnly": "True",
    "StoreId": "1"
  },
  {
    "EndOfDayId": "91",
    "EOD_Date": "2021-01-12T00:00:00.0000000",
    "Shirting": "1.5",
    "Suiting": "0",
    "USPA": "0",
    "FM_Arrow": "0",
    "RWT": "0",
    "Access": "0",
    "CashInHand": "30809.0000",
    "UserId": "Admin",
    "EntryStatus": "0",
    "IsReadOnly": "True",
    "StoreId": "1"
  },
  {
    "EndOfDayId": "92",
    "EOD_Date": "2021-01-11T00:00:00.0000000",
    "Shirting": "0",
    "Suiting": "1.3",
    "USPA": "3",
    "FM_Arrow": "1",
    "RWT": "2",
    "Access": "0",
    "CashInHand": "27874.0000",
    "UserId": "Admin",
    "EntryStatus": "0",
    "IsReadOnly": "True",
    "StoreId": "1"
  },
  {
    "EndOfDayId": "93",
    "EOD_Date": "2021-01-10T00:00:00.0000000",
    "Shirting": "1.6",
    "Suiting": "2.4",
    "USPA": "4",
    "FM_Arrow": "1",
    "RWT": "0",
    "Access": "0",
    "CashInHand": "16511.0000",
    "UserId": "Admin",
    "EntryStatus": "0",
    "IsReadOnly": "True",
    "StoreId": "1"
  },
  {
    "EndOfDayId": "94",
    "EOD_Date": "2021-01-09T00:00:00.0000000",
    "Shirting": "0",
    "Suiting": "0",
    "USPA": "2",
    "FM_Arrow": "0",
    "RWT": "0",
    "Access": "0",
    "CashInHand": "8790.0000",
    "UserId": "Admin",
    "EntryStatus": "0",
    "IsReadOnly": "True",
    "StoreId": "1"
  },
  {
    "EndOfDayId": "95",
    "EOD_Date": "2019-12-28T00:00:00.0000000",
    "Shirting": "1.5",
    "Suiting": "4.7",
    "USPA": "0",
    "FM_Arrow": "0",
    "RWT": "0",
    "Access": "0",
    "CashInHand": "24295.0000",
    "UserId": "Admin",
    "EntryStatus": "0",
    "IsReadOnly": "True",
    "StoreId": "1"
  },
  {
    "EndOfDayId": "96",
    "EOD_Date": "2019-12-27T00:00:00.0000000",
    "Shirting": "0",
    "Suiting": "0",
    "USPA": "0",
    "FM_Arrow": "0",
    "RWT": "0",
    "Access": "0",
    "CashInHand": "18190.0000",
    "UserId": "Admin",
    "EntryStatus": "0",
    "IsReadOnly": "True",
    "StoreId": "1"
  },
  {
    "EndOfDayId": "97",
    "EOD_Date": "2019-12-26T00:00:00.0000000",
    "Shirting": "0",
    "Suiting": "2.4",
    "USPA": "0",
    "FM_Arrow": "0",
    "RWT": "0",
    "Access": "0",
    "CashInHand": "18489.0000",
    "UserId": "Admin",
    "EntryStatus": "0",
    "IsReadOnly": "True",
    "StoreId": "1"
  },
  {
    "EndOfDayId": "98",
    "EOD_Date": "2019-12-25T00:00:00.0000000",
    "Shirting": "0",
    "Suiting": "3.7",
    "USPA": "0",
    "FM_Arrow": "0",
    "RWT": "0",
    "Access": "0",
    "CashInHand": "16839.0000",
    "UserId": "Admin",
    "EntryStatus": "0",
    "IsReadOnly": "True",
    "StoreId": "1"
  },
  {
    "EndOfDayId": "99",
    "EOD_Date": "2019-12-24T00:00:00.0000000",
    "Shirting": "1.6",
    "Suiting": "0",
    "USPA": "0",
    "FM_Arrow": "0",
    "RWT": "0",
    "Access": "0",
    "CashInHand": "11479.0000",
    "UserId": "Admin",
    "EntryStatus": "0",
    "IsReadOnly": "True",
    "StoreId": "1"
  },
  {
    "EndOfDayId": "100",
    "EOD_Date": "2019-12-23T00:00:00.0000000",
    "Shirting": "0",
    "Suiting": "0",
    "USPA": "0",
    "FM_Arrow": "0",
    "RWT": "0",
    "Access": "0",
    "CashInHand": "21953.0000",
    "UserId": "Admin",
    "EntryStatus": "0",
    "IsReadOnly": "True",
    "StoreId": "1"
  },
  {
    "EndOfDayId": "101",
    "EOD_Date": "2019-12-19T00:00:00.0000000",
    "Shirting": "3.8",
    "Suiting": "0",
    "USPA": "2",
    "FM_Arrow": "0",
    "RWT": "1",
    "Access": "0",
    "CashInHand": "14134.0000",
    "UserId": "Admin",
    "EntryStatus": "0",
    "IsReadOnly": "True",
    "StoreId": "1"
  },
  {
    "EndOfDayId": "102",
    "EOD_Date": "2019-12-18T00:00:00.0000000",
    "Shirting": "0",
    "Suiting": "2.6",
    "USPA": "0",
    "FM_Arrow": "0",
    "RWT": "0",
    "Access": "0",
    "CashInHand": "32731.0000",
    "UserId": "Admin",
    "EntryStatus": "0",
    "IsReadOnly": "True",
    "StoreId": "1"
  },
  {
    "EndOfDayId": "103",
    "EOD_Date": "2019-12-17T00:00:00.0000000",
    "Shirting": "4.9",
    "Suiting": "3.25",
    "USPA": "1",
    "FM_Arrow": "0",
    "RWT": "0",
    "Access": "0",
    "CashInHand": "25897.0000",
    "UserId": "Admin",
    "EntryStatus": "0",
    "IsReadOnly": "True",
    "StoreId": "1"
  },
  {
    "EndOfDayId": "104",
    "EOD_Date": "2019-12-16T00:00:00.0000000",
    "Shirting": "0",
    "Suiting": "0",
    "USPA": "0",
    "FM_Arrow": "0",
    "RWT": "1",
    "Access": "0",
    "CashInHand": "19194.0000",
    "UserId": "Admin",
    "EntryStatus": "0",
    "IsReadOnly": "True",
    "StoreId": "1"
  },
  {
    "EndOfDayId": "105",
    "EOD_Date": "2019-12-15T00:00:00.0000000",
    "Shirting": "0",
    "Suiting": "0",
    "USPA": "0",
    "FM_Arrow": "0",
    "RWT": "0",
    "Access": "0",
    "CashInHand": "18138.0000",
    "UserId": "Admin",
    "EntryStatus": "0",
    "IsReadOnly": "True",
    "StoreId": "1"
  },
  {
    "EndOfDayId": "106",
    "EOD_Date": "2019-12-14T00:00:00.0000000",
    "Shirting": "1",
    "Suiting": "0",
    "USPA": "0",
    "FM_Arrow": "0",
    "RWT": "0",
    "Access": "0",
    "CashInHand": "0.0000",
    "UserId": "Admin",
    "EntryStatus": "0",
    "IsReadOnly": "True",
    "StoreId": "1"
  },
  {
    "EndOfDayId": "107",
    "EOD_Date": "2019-12-13T00:00:00.0000000",
    "Shirting": "2.6",
    "Suiting": "4.5",
    "USPA": "1",
    "FM_Arrow": "0",
    "RWT": "0",
    "Access": "0",
    "CashInHand": "23266.0000",
    "UserId": "Admin",
    "EntryStatus": "0",
    "IsReadOnly": "True",
    "StoreId": "1"
  },
  {
    "EndOfDayId": "108",
    "EOD_Date": "2020-07-27T00:00:00.0000000",
    "Shirting": "0",
    "Suiting": "0",
    "USPA": "0",
    "FM_Arrow": "0",
    "RWT": "0",
    "Access": "0",
    "CashInHand": "4222.0000",
    "UserId": "Admin",
    "EntryStatus": "0",
    "IsReadOnly": "True",
    "StoreId": "1"
  },
  {
    "EndOfDayId": "109",
    "EOD_Date": "2019-12-12T00:00:00.0000000",
    "Shirting": "3.2",
    "Suiting": "0",
    "USPA": "0",
    "FM_Arrow": "0",
    "RWT": "2",
    "Access": "0",
    "CashInHand": "15769.0000",
    "UserId": "Admin",
    "EntryStatus": "0",
    "IsReadOnly": "True",
    "StoreId": "1"
  },
  {
    "EndOfDayId": "110",
    "EOD_Date": "2019-12-10T00:00:00.0000000",
    "Shirting": "0",
    "Suiting": "0",
    "USPA": "0",
    "FM_Arrow": "0",
    "RWT": "0",
    "Access": "0",
    "CashInHand": "21286.0000",
    "UserId": "Admin",
    "EntryStatus": "0",
    "IsReadOnly": "True",
    "StoreId": "1"
  },
  {
    "EndOfDayId": "111",
    "EOD_Date": "2019-12-09T00:00:00.0000000",
    "Shirting": "0",
    "Suiting": "0",
    "USPA": "0",
    "FM_Arrow": "0",
    "RWT": "0",
    "Access": "0",
    "CashInHand": "17136.0000",
    "UserId": "Admin",
    "EntryStatus": "0",
    "IsReadOnly": "True",
    "StoreId": "1"
  },
  {
    "EndOfDayId": "112",
    "EOD_Date": "2019-12-08T00:00:00.0000000",
    "Shirting": "1.7",
    "Suiting": "0",
    "USPA": "0",
    "FM_Arrow": "0",
    "RWT": "0",
    "Access": "0",
    "CashInHand": "0.0000",
    "UserId": "Admin",
    "EntryStatus": "0",
    "IsReadOnly": "True",
    "StoreId": "1"
  },
  {
    "EndOfDayId": "113",
    "EOD_Date": "2019-12-07T00:00:00.0000000",
    "Shirting": "0",
    "Suiting": "1.2",
    "USPA": "0",
    "FM_Arrow": "0",
    "RWT": "0",
    "Access": "0",
    "CashInHand": "27059.0000",
    "UserId": "Admin",
    "EntryStatus": "0",
    "IsReadOnly": "True",
    "StoreId": "1"
  },
  {
    "EndOfDayId": "114",
    "EOD_Date": "2020-12-30T00:00:00.0000000",
    "Shirting": "0",
    "Suiting": "0",
    "USPA": "0",
    "FM_Arrow": "0",
    "RWT": "0",
    "Access": "0",
    "CashInHand": "32121.0000",
    "UserId": "Admin",
    "EntryStatus": "0",
    "IsReadOnly": "True",
    "StoreId": "1"
  },
  {
    "EndOfDayId": "115",
    "EOD_Date": "2020-12-31T00:00:00.0000000",
    "Shirting": "0",
    "Suiting": "3.6",
    "USPA": "0",
    "FM_Arrow": "0",
    "RWT": "0",
    "Access": "0",
    "CashInHand": "31956.0000",
    "UserId": "Admin",
    "EntryStatus": "0",
    "IsReadOnly": "True",
    "StoreId": "1"
  },
  {
    "EndOfDayId": "116",
    "EOD_Date": "2021-01-02T00:00:00.0000000",
    "Shirting": "0",
    "Suiting": "0",
    "USPA": "0",
    "FM_Arrow": "0",
    "RWT": "0",
    "Access": "0",
    "CashInHand": "30966.0000",
    "UserId": "Admin",
    "EntryStatus": "0",
    "IsReadOnly": "True",
    "StoreId": "1"
  },
  {
    "EndOfDayId": "117",
    "EOD_Date": "2021-01-03T00:00:00.0000000",
    "Shirting": "0",
    "Suiting": "0",
    "USPA": "0",
    "FM_Arrow": "0",
    "RWT": "0",
    "Access": "0",
    "CashInHand": "30811.0000",
    "UserId": "Admin",
    "EntryStatus": "0",
    "IsReadOnly": "True",
    "StoreId": "1"
  },
  {
    "EndOfDayId": "118",
    "EOD_Date": "2021-01-04T00:00:00.0000000",
    "Shirting": "1.6",
    "Suiting": "3",
    "USPA": "0",
    "FM_Arrow": "0",
    "RWT": "1",
    "Access": "0",
    "CashInHand": "30918.0000",
    "UserId": "Admin",
    "EntryStatus": "0",
    "IsReadOnly": "True",
    "StoreId": "1"
  },
  {
    "EndOfDayId": "119",
    "EOD_Date": "2021-01-05T00:00:00.0000000",
    "Shirting": "0",
    "Suiting": "0",
    "USPA": "0",
    "FM_Arrow": "0",
    "RWT": "2",
    "Access": "0",
    "CashInHand": "32521.0000",
    "UserId": "Admin",
    "EntryStatus": "0",
    "IsReadOnly": "True",
    "StoreId": "1"
  },
  {
    "EndOfDayId": "120",
    "EOD_Date": "2021-01-06T00:00:00.0000000",
    "Shirting": "4.7",
    "Suiting": "2.3",
    "USPA": "0",
    "FM_Arrow": "0",
    "RWT": "0",
    "Access": "0",
    "CashInHand": "33158.0000",
    "UserId": "Admin",
    "EntryStatus": "0",
    "IsReadOnly": "True",
    "StoreId": "1"
  },
  {
    "EndOfDayId": "121",
    "EOD_Date": "2021-01-07T00:00:00.0000000",
    "Shirting": "0",
    "Suiting": "0",
    "USPA": "1",
    "FM_Arrow": "0",
    "RWT": "0",
    "Access": "0",
    "CashInHand": "35098.0000",
    "UserId": "Admin",
    "EntryStatus": "0",
    "IsReadOnly": "True",
    "StoreId": "1"
  },
  {
    "EndOfDayId": "122",
    "EOD_Date": "2021-01-08T00:00:00.0000000",
    "Shirting": "2",
    "Suiting": "0",
    "USPA": "0",
    "FM_Arrow": "0",
    "RWT": "0",
    "Access": "0",
    "CashInHand": "19273.0000",
    "UserId": "Admin",
    "EntryStatus": "0",
    "IsReadOnly": "True",
    "StoreId": "1"
  },
  {
    "EndOfDayId": "123",
    "EOD_Date": "2019-12-11T00:00:00.0000000",
    "Shirting": "1",
    "Suiting": "0",
    "USPA": "0",
    "FM_Arrow": "0",
    "RWT": "0",
    "Access": "0",
    "CashInHand": "22675.0000",
    "UserId": "Admin",
    "EntryStatus": "0",
    "IsReadOnly": "True",
    "StoreId": "1"
  },
  {
    "EndOfDayId": "124",
    "EOD_Date": "2020-07-28T00:00:00.0000000",
    "Shirting": "0",
    "Suiting": "0",
    "USPA": "0",
    "FM_Arrow": "0",
    "RWT": "0",
    "Access": "0",
    "CashInHand": "7032.0000",
    "UserId": "Admin",
    "EntryStatus": "0",
    "IsReadOnly": "True",
    "StoreId": "1"
  },
  {
    "EndOfDayId": "125",
    "EOD_Date": "2020-07-29T00:00:00.0000000",
    "Shirting": "0",
    "Suiting": "1.2",
    "USPA": "0",
    "FM_Arrow": "0",
    "RWT": "0",
    "Access": "0",
    "CashInHand": "7527.0000",
    "UserId": "Admin",
    "EntryStatus": "0",
    "IsReadOnly": "True",
    "StoreId": "1"
  },
  {
    "EndOfDayId": "126",
    "EOD_Date": "2020-07-30T00:00:00.0000000",
    "Shirting": "3.6",
    "Suiting": "0",
    "USPA": "2",
    "FM_Arrow": "0",
    "RWT": "0",
    "Access": "0",
    "CashInHand": "13946.0000",
    "UserId": "Admin",
    "EntryStatus": "0",
    "IsReadOnly": "True",
    "StoreId": "1"
  },
  {
    "EndOfDayId": "127",
    "EOD_Date": "2020-11-18T00:00:00.0000000",
    "Shirting": "5.8",
    "Suiting": "2.4",
    "USPA": "0",
    "FM_Arrow": "0",
    "RWT": "0",
    "Access": "0",
    "CashInHand": "19478.0000",
    "UserId": "Admin",
    "EntryStatus": "0",
    "IsReadOnly": "True",
    "StoreId": "1"
  },
  {
    "EndOfDayId": "128",
    "EOD_Date": "2020-11-13T00:00:00.0000000",
    "Shirting": "6.4",
    "Suiting": "4.6",
    "USPA": "0",
    "FM_Arrow": "0",
    "RWT": "0",
    "Access": "0",
    "CashInHand": "20431.0000",
    "UserId": "Admin",
    "EntryStatus": "0",
    "IsReadOnly": "True",
    "StoreId": "1"
  },
  {
    "EndOfDayId": "129",
    "EOD_Date": "2020-11-12T00:00:00.0000000",
    "Shirting": "0",
    "Suiting": "0",
    "USPA": "0",
    "FM_Arrow": "0",
    "RWT": "0",
    "Access": "0",
    "CashInHand": "10152.0000",
    "UserId": "Admin",
    "EntryStatus": "0",
    "IsReadOnly": "True",
    "StoreId": "1"
  },
  {
    "EndOfDayId": "130",
    "EOD_Date": "2020-11-11T00:00:00.0000000",
    "Shirting": "1.6",
    "Suiting": "1.2",
    "USPA": "0",
    "FM_Arrow": "0",
    "RWT": "0",
    "Access": "0",
    "CashInHand": "14232.0000",
    "UserId": "Admin",
    "EntryStatus": "0",
    "IsReadOnly": "True",
    "StoreId": "1"
  },
  {
    "EndOfDayId": "131",
    "EOD_Date": "2020-11-10T00:00:00.0000000",
    "Shirting": "0",
    "Suiting": "1.2",
    "USPA": "0",
    "FM_Arrow": "0",
    "RWT": "0",
    "Access": "0",
    "CashInHand": "14196.0000",
    "UserId": "Admin",
    "EntryStatus": "0",
    "IsReadOnly": "True",
    "StoreId": "1"
  },
  {
    "EndOfDayId": "132",
    "EOD_Date": "2020-11-09T00:00:00.0000000",
    "Shirting": "1.6",
    "Suiting": "1.2",
    "USPA": "0",
    "FM_Arrow": "0",
    "RWT": "0",
    "Access": "0",
    "CashInHand": "13343.0000",
    "UserId": "Admin",
    "EntryStatus": "0",
    "IsReadOnly": "True",
    "StoreId": "1"
  },
  {
    "EndOfDayId": "133",
    "EOD_Date": "2020-11-07T00:00:00.0000000",
    "Shirting": "5.5",
    "Suiting": "1.2",
    "USPA": "0",
    "FM_Arrow": "0",
    "RWT": "0",
    "Access": "0",
    "CashInHand": "13768.0000",
    "UserId": "Admin",
    "EntryStatus": "0",
    "IsReadOnly": "True",
    "StoreId": "1"
  },
  {
    "EndOfDayId": "134",
    "EOD_Date": "2020-11-06T00:00:00.0000000",
    "Shirting": "4.7",
    "Suiting": "0",
    "USPA": "0",
    "FM_Arrow": "0",
    "RWT": "0",
    "Access": "0",
    "CashInHand": "14915.0000",
    "UserId": "Admin",
    "EntryStatus": "0",
    "IsReadOnly": "True",
    "StoreId": "1"
  },
  {
    "EndOfDayId": "135",
    "EOD_Date": "2020-11-05T00:00:00.0000000",
    "Shirting": "5.4",
    "Suiting": "3.6",
    "USPA": "0",
    "FM_Arrow": "0",
    "RWT": "2",
    "Access": "0",
    "CashInHand": "24827.0000",
    "UserId": "Admin",
    "EntryStatus": "0",
    "IsReadOnly": "True",
    "StoreId": "1"
  },
  {
    "EndOfDayId": "136",
    "EOD_Date": "2020-11-04T00:00:00.0000000",
    "Shirting": "1.6",
    "Suiting": "5.65",
    "USPA": "0",
    "FM_Arrow": "0",
    "RWT": "0",
    "Access": "0",
    "CashInHand": "15058.0000",
    "UserId": "Admin",
    "EntryStatus": "0",
    "IsReadOnly": "True",
    "StoreId": "1"
  },
  {
    "EndOfDayId": "137",
    "EOD_Date": "2020-11-02T00:00:00.0000000",
    "Shirting": "9.4",
    "Suiting": "4.9",
    "USPA": "0",
    "FM_Arrow": "0",
    "RWT": "0",
    "Access": "0",
    "CashInHand": "14517.0000",
    "UserId": "Admin",
    "EntryStatus": "0",
    "IsReadOnly": "True",
    "StoreId": "1"
  },
  {
    "EndOfDayId": "138",
    "EOD_Date": "2020-11-01T00:00:00.0000000",
    "Shirting": "8.45",
    "Suiting": "1.2",
    "USPA": "0",
    "FM_Arrow": "0",
    "RWT": "0",
    "Access": "0",
    "CashInHand": "19581.0000",
    "UserId": "Admin",
    "EntryStatus": "0",
    "IsReadOnly": "True",
    "StoreId": "1"
  },
  {
    "EndOfDayId": "139",
    "EOD_Date": "2020-10-31T00:00:00.0000000",
    "Shirting": "0",
    "Suiting": "0",
    "USPA": "0",
    "FM_Arrow": "0",
    "RWT": "0",
    "Access": "0",
    "CashInHand": "6007.0000",
    "UserId": "Admin",
    "EntryStatus": "0",
    "IsReadOnly": "True",
    "StoreId": "1"
  },
  {
    "EndOfDayId": "140",
    "EOD_Date": "2020-10-30T00:00:00.0000000",
    "Shirting": "5",
    "Suiting": "3.8",
    "USPA": "0",
    "FM_Arrow": "2",
    "RWT": "2",
    "Access": "0",
    "CashInHand": "27097.0000",
    "UserId": "Admin",
    "EntryStatus": "0",
    "IsReadOnly": "True",
    "StoreId": "1"
  },
  {
    "EndOfDayId": "141",
    "EOD_Date": "2020-10-29T00:00:00.0000000",
    "Shirting": "3",
    "Suiting": "1.2",
    "USPA": "0",
    "FM_Arrow": "0",
    "RWT": "0",
    "Access": "0",
    "CashInHand": "11586.0000",
    "UserId": "Admin",
    "EntryStatus": "0",
    "IsReadOnly": "True",
    "StoreId": "1"
  },
  {
    "EndOfDayId": "142",
    "EOD_Date": "2020-10-28T00:00:00.0000000",
    "Shirting": "10.85",
    "Suiting": "6.05",
    "USPA": "0",
    "FM_Arrow": "0",
    "RWT": "0",
    "Access": "0",
    "CashInHand": "12150.0000",
    "UserId": "Admin",
    "EntryStatus": "0",
    "IsReadOnly": "True",
    "StoreId": "1"
  },
  {
    "EndOfDayId": "143",
    "EOD_Date": "2020-10-24T00:00:00.0000000",
    "Shirting": "0",
    "Suiting": "0",
    "USPA": "2",
    "FM_Arrow": "0",
    "RWT": "0",
    "Access": "1",
    "CashInHand": "5516.0000",
    "UserId": "Admin",
    "EntryStatus": "0",
    "IsReadOnly": "True",
    "StoreId": "1"
  },
  {
    "EndOfDayId": "144",
    "EOD_Date": "2020-10-23T00:00:00.0000000",
    "Shirting": "3.3",
    "Suiting": "3.7",
    "USPA": "1",
    "FM_Arrow": "1",
    "RWT": "0",
    "Access": "0",
    "CashInHand": "12436.0000",
    "UserId": "Admin",
    "EntryStatus": "0",
    "IsReadOnly": "True",
    "StoreId": "1"
  },
  {
    "EndOfDayId": "145",
    "EOD_Date": "2020-10-22T00:00:00.0000000",
    "Shirting": "0",
    "Suiting": "0",
    "USPA": "6",
    "FM_Arrow": "0",
    "RWT": "0",
    "Access": "0",
    "CashInHand": "18606.0000",
    "UserId": "Admin",
    "EntryStatus": "0",
    "IsReadOnly": "True",
    "StoreId": "1"
  },
  {
    "EndOfDayId": "146",
    "EOD_Date": "2020-10-21T00:00:00.0000000",
    "Shirting": "5.4",
    "Suiting": "1.2",
    "USPA": "3",
    "FM_Arrow": "0",
    "RWT": "1",
    "Access": "0",
    "CashInHand": "17354.0000",
    "UserId": "Admin",
    "EntryStatus": "0",
    "IsReadOnly": "True",
    "StoreId": "1"
  },
  {
    "EndOfDayId": "147",
    "EOD_Date": "2020-10-20T00:00:00.0000000",
    "Shirting": "11.1",
    "Suiting": "9.5",
    "USPA": "5",
    "FM_Arrow": "2",
    "RWT": "2",
    "Access": "0",
    "CashInHand": "39547.0000",
    "UserId": "Admin",
    "EntryStatus": "0",
    "IsReadOnly": "True",
    "StoreId": "1"
  },
  {
    "EndOfDayId": "148",
    "EOD_Date": "2020-10-19T00:00:00.0000000",
    "Shirting": "1.4",
    "Suiting": "2.8",
    "USPA": "2",
    "FM_Arrow": "2",
    "RWT": "3",
    "Access": "0",
    "CashInHand": "17764.0000",
    "UserId": "Admin",
    "EntryStatus": "0",
    "IsReadOnly": "True",
    "StoreId": "1"
  },
  {
    "EndOfDayId": "149",
    "EOD_Date": "2020-10-18T00:00:00.0000000",
    "Shirting": "6.3",
    "Suiting": "1.2",
    "USPA": "0",
    "FM_Arrow": "0",
    "RWT": "0",
    "Access": "0",
    "CashInHand": "61116.0000",
    "UserId": "Admin",
    "EntryStatus": "0",
    "IsReadOnly": "True",
    "StoreId": "1"
  },
  {
    "EndOfDayId": "150",
    "EOD_Date": "2020-10-17T00:00:00.0000000",
    "Shirting": "18.6",
    "Suiting": "13.75",
    "USPA": "1",
    "FM_Arrow": "1",
    "RWT": "0",
    "Access": "0",
    "CashInHand": "32623.0000",
    "UserId": "Admin",
    "EntryStatus": "0",
    "IsReadOnly": "True",
    "StoreId": "1"
  },
  {
    "EndOfDayId": "151",
    "EOD_Date": "2020-10-16T00:00:00.0000000",
    "Shirting": "0",
    "Suiting": "0",
    "USPA": "1",
    "FM_Arrow": "0",
    "RWT": "0",
    "Access": "0",
    "CashInHand": "11604.0000",
    "UserId": "Admin",
    "EntryStatus": "0",
    "IsReadOnly": "True",
    "StoreId": "1"
  },
  {
    "EndOfDayId": "152",
    "EOD_Date": "2020-10-15T00:00:00.0000000",
    "Shirting": "3.2",
    "Suiting": "3.55",
    "USPA": "0",
    "FM_Arrow": "0",
    "RWT": "0",
    "Access": "0",
    "CashInHand": "24860.0000",
    "UserId": "Admin",
    "EntryStatus": "0",
    "IsReadOnly": "True",
    "StoreId": "1"
  },
  {
    "EndOfDayId": "153",
    "EOD_Date": "2020-10-14T00:00:00.0000000",
    "Shirting": "7.25",
    "Suiting": "2.5",
    "USPA": "10",
    "FM_Arrow": "1",
    "RWT": "0",
    "Access": "0",
    "CashInHand": "17206.0000",
    "UserId": "Admin",
    "EntryStatus": "0",
    "IsReadOnly": "True",
    "StoreId": "1"
  },
  {
    "EndOfDayId": "154",
    "EOD_Date": "2020-11-19T00:00:00.0000000",
    "Shirting": "0",
    "Suiting": "0",
    "USPA": "0",
    "FM_Arrow": "0",
    "RWT": "0",
    "Access": "0",
    "CashInHand": "18338.0000",
    "UserId": "Admin",
    "EntryStatus": "0",
    "IsReadOnly": "True",
    "StoreId": "1"
  },
  {
    "EndOfDayId": "155",
    "EOD_Date": "2020-11-21T00:00:00.0000000",
    "Shirting": "0",
    "Suiting": "0",
    "USPA": "0",
    "FM_Arrow": "1",
    "RWT": "0",
    "Access": "0",
    "CashInHand": "18565.0000",
    "UserId": "Admin",
    "EntryStatus": "0",
    "IsReadOnly": "True",
    "StoreId": "1"
  },
  {
    "EndOfDayId": "156",
    "EOD_Date": "2020-11-22T00:00:00.0000000",
    "Shirting": "11.3",
    "Suiting": "1.3",
    "USPA": "0",
    "FM_Arrow": "0",
    "RWT": "0",
    "Access": "0",
    "CashInHand": "35425.0000",
    "UserId": "Admin",
    "EntryStatus": "0",
    "IsReadOnly": "True",
    "StoreId": "1"
  },
  {
    "EndOfDayId": "157",
    "EOD_Date": "2020-11-23T00:00:00.0000000",
    "Shirting": "0",
    "Suiting": "2",
    "USPA": "1",
    "FM_Arrow": "0",
    "RWT": "0",
    "Access": "0",
    "CashInHand": "23495.0000",
    "UserId": "Admin",
    "EntryStatus": "0",
    "IsReadOnly": "True",
    "StoreId": "1"
  },
  {
    "EndOfDayId": "158",
    "EOD_Date": "2020-12-28T00:00:00.0000000",
    "Shirting": "0",
    "Suiting": "0",
    "USPA": "0",
    "FM_Arrow": "0",
    "RWT": "0",
    "Access": "0",
    "CashInHand": "13612.0000",
    "UserId": "Admin",
    "EntryStatus": "0",
    "IsReadOnly": "True",
    "StoreId": "1"
  },
  {
    "EndOfDayId": "159",
    "EOD_Date": "2020-12-27T00:00:00.0000000",
    "Shirting": "4.9",
    "Suiting": "3.8",
    "USPA": "0",
    "FM_Arrow": "0",
    "RWT": "0",
    "Access": "0",
    "CashInHand": "34417.0000",
    "UserId": "Admin",
    "EntryStatus": "0",
    "IsReadOnly": "True",
    "StoreId": "1"
  },
  {
    "EndOfDayId": "160",
    "EOD_Date": "2020-12-26T00:00:00.0000000",
    "Shirting": "0",
    "Suiting": "0",
    "USPA": "0",
    "FM_Arrow": "0",
    "RWT": "0",
    "Access": "0",
    "CashInHand": "21690.0000",
    "UserId": "Admin",
    "EntryStatus": "0",
    "IsReadOnly": "True",
    "StoreId": "1"
  },
  {
    "EndOfDayId": "161",
    "EOD_Date": "2020-12-25T00:00:00.0000000",
    "Shirting": "0",
    "Suiting": "0",
    "USPA": "1",
    "FM_Arrow": "0",
    "RWT": "1",
    "Access": "0",
    "CashInHand": "21715.0000",
    "UserId": "Admin",
    "EntryStatus": "0",
    "IsReadOnly": "True",
    "StoreId": "1"
  },
  {
    "EndOfDayId": "162",
    "EOD_Date": "2020-12-24T00:00:00.0000000",
    "Shirting": "0",
    "Suiting": "0",
    "USPA": "1",
    "FM_Arrow": "0",
    "RWT": "0",
    "Access": "0",
    "CashInHand": "18481.0000",
    "UserId": "Admin",
    "EntryStatus": "0",
    "IsReadOnly": "True",
    "StoreId": "1"
  },
  {
    "EndOfDayId": "163",
    "EOD_Date": "2020-12-23T00:00:00.0000000",
    "Shirting": "0",
    "Suiting": "0",
    "USPA": "3",
    "FM_Arrow": "0",
    "RWT": "1",
    "Access": "0",
    "CashInHand": "18486.0000",
    "UserId": "Admin",
    "EntryStatus": "0",
    "IsReadOnly": "True",
    "StoreId": "1"
  },
  {
    "EndOfDayId": "164",
    "EOD_Date": "2020-12-21T00:00:00.0000000",
    "Shirting": "0",
    "Suiting": "0",
    "USPA": "0",
    "FM_Arrow": "0",
    "RWT": "0",
    "Access": "0",
    "CashInHand": "22215.0000",
    "UserId": "Admin",
    "EntryStatus": "0",
    "IsReadOnly": "True",
    "StoreId": "1"
  },
  {
    "EndOfDayId": "165",
    "EOD_Date": "2020-12-20T00:00:00.0000000",
    "Shirting": "1",
    "Suiting": "0",
    "USPA": "0",
    "FM_Arrow": "0",
    "RWT": "0",
    "Access": "0",
    "CashInHand": "66160.0000",
    "UserId": "Admin",
    "EntryStatus": "0",
    "IsReadOnly": "True",
    "StoreId": "1"
  },
  {
    "EndOfDayId": "166",
    "EOD_Date": "2020-12-19T00:00:00.0000000",
    "Shirting": "0",
    "Suiting": "0",
    "USPA": "0",
    "FM_Arrow": "0",
    "RWT": "1",
    "Access": "0",
    "CashInHand": "64866.0000",
    "UserId": "Admin",
    "EntryStatus": "0",
    "IsReadOnly": "True",
    "StoreId": "1"
  },
  {
    "EndOfDayId": "167",
    "EOD_Date": "2020-12-18T00:00:00.0000000",
    "Shirting": "1.6",
    "Suiting": "0",
    "USPA": "0",
    "FM_Arrow": "0",
    "RWT": "0",
    "Access": "0",
    "CashInHand": "87220.0000",
    "UserId": "Admin",
    "EntryStatus": "0",
    "IsReadOnly": "True",
    "StoreId": "1"
  },
  {
    "EndOfDayId": "168",
    "EOD_Date": "2020-12-17T00:00:00.0000000",
    "Shirting": "0",
    "Suiting": "0",
    "USPA": "0",
    "FM_Arrow": "0",
    "RWT": "0",
    "Access": "0",
    "CashInHand": "131305.0000",
    "UserId": "Admin",
    "EntryStatus": "0",
    "IsReadOnly": "True",
    "StoreId": "1"
  },
  {
    "EndOfDayId": "169",
    "EOD_Date": "2020-12-16T00:00:00.0000000",
    "Shirting": "0",
    "Suiting": "0",
    "USPA": "0",
    "FM_Arrow": "0",
    "RWT": "0",
    "Access": "0",
    "CashInHand": "132017.0000",
    "UserId": "Admin",
    "EntryStatus": "0",
    "IsReadOnly": "True",
    "StoreId": "1"
  },
  {
    "EndOfDayId": "170",
    "EOD_Date": "2020-12-14T00:00:00.0000000",
    "Shirting": "0",
    "Suiting": "0",
    "USPA": "0",
    "FM_Arrow": "0",
    "RWT": "0",
    "Access": "0",
    "CashInHand": "131941.0000",
    "UserId": "Admin",
    "EntryStatus": "0",
    "IsReadOnly": "True",
    "StoreId": "1"
  },
  {
    "EndOfDayId": "171",
    "EOD_Date": "2020-10-13T00:00:00.0000000",
    "Shirting": "0",
    "Suiting": "1.2",
    "USPA": "0",
    "FM_Arrow": "0",
    "RWT": "0",
    "Access": "0",
    "CashInHand": "20580.0000",
    "UserId": "Admin",
    "EntryStatus": "0",
    "IsReadOnly": "True",
    "StoreId": "1"
  },
  {
    "EndOfDayId": "172",
    "EOD_Date": "2020-12-13T00:00:00.0000000",
    "Shirting": "0",
    "Suiting": "0",
    "USPA": "0",
    "FM_Arrow": "0",
    "RWT": "0",
    "Access": "0",
    "CashInHand": "132891.0000",
    "UserId": "Admin",
    "EntryStatus": "0",
    "IsReadOnly": "True",
    "StoreId": "1"
  },
  {
    "EndOfDayId": "173",
    "EOD_Date": "2020-12-11T00:00:00.0000000",
    "Shirting": "0",
    "Suiting": "0",
    "USPA": "0",
    "FM_Arrow": "0",
    "RWT": "0",
    "Access": "0",
    "CashInHand": "24901.0000",
    "UserId": "Admin",
    "EntryStatus": "0",
    "IsReadOnly": "True",
    "StoreId": "1"
  },
  {
    "EndOfDayId": "174",
    "EOD_Date": "2020-12-10T00:00:00.0000000",
    "Shirting": "3.2",
    "Suiting": "2.4",
    "USPA": "0",
    "FM_Arrow": "0",
    "RWT": "0",
    "Access": "0",
    "CashInHand": "29456.0000",
    "UserId": "Admin",
    "EntryStatus": "0",
    "IsReadOnly": "True",
    "StoreId": "1"
  },
  {
    "EndOfDayId": "175",
    "EOD_Date": "2020-12-07T00:00:00.0000000",
    "Shirting": "0",
    "Suiting": "0",
    "USPA": "2",
    "FM_Arrow": "0",
    "RWT": "0",
    "Access": "0",
    "CashInHand": "36244.0000",
    "UserId": "Admin",
    "EntryStatus": "0",
    "IsReadOnly": "True",
    "StoreId": "1"
  },
  {
    "EndOfDayId": "176",
    "EOD_Date": "2020-12-06T00:00:00.0000000",
    "Shirting": "0",
    "Suiting": "3",
    "USPA": "0",
    "FM_Arrow": "0",
    "RWT": "0",
    "Access": "0",
    "CashInHand": "32615.0000",
    "UserId": "Admin",
    "EntryStatus": "0",
    "IsReadOnly": "True",
    "StoreId": "1"
  },
  {
    "EndOfDayId": "177",
    "EOD_Date": "2020-12-05T00:00:00.0000000",
    "Shirting": "1.6",
    "Suiting": "2.4",
    "USPA": "0",
    "FM_Arrow": "0",
    "RWT": "0",
    "Access": "0",
    "CashInHand": "13547.0000",
    "UserId": "Admin",
    "EntryStatus": "0",
    "IsReadOnly": "True",
    "StoreId": "1"
  },
  {
    "EndOfDayId": "178",
    "EOD_Date": "2020-12-04T00:00:00.0000000",
    "Shirting": "0",
    "Suiting": "0",
    "USPA": "0",
    "FM_Arrow": "0",
    "RWT": "0",
    "Access": "0",
    "CashInHand": "45118.0000",
    "UserId": "Admin",
    "EntryStatus": "0",
    "IsReadOnly": "True",
    "StoreId": "1"
  },
  {
    "EndOfDayId": "179",
    "EOD_Date": "2020-12-03T00:00:00.0000000",
    "Shirting": "4.8",
    "Suiting": "1.1",
    "USPA": "0",
    "FM_Arrow": "0",
    "RWT": "0",
    "Access": "0",
    "CashInHand": "22781.0000",
    "UserId": "Admin",
    "EntryStatus": "0",
    "IsReadOnly": "True",
    "StoreId": "1"
  },
  {
    "EndOfDayId": "180",
    "EOD_Date": "2020-12-02T00:00:00.0000000",
    "Shirting": "0",
    "Suiting": "2",
    "USPA": "0",
    "FM_Arrow": "0",
    "RWT": "0",
    "Access": "0",
    "CashInHand": "18416.0000",
    "UserId": "Admin",
    "EntryStatus": "0",
    "IsReadOnly": "True",
    "StoreId": "1"
  },
  {
    "EndOfDayId": "181",
    "EOD_Date": "2020-11-28T00:00:00.0000000",
    "Shirting": "5.6",
    "Suiting": "2.4",
    "USPA": "0",
    "FM_Arrow": "0",
    "RWT": "0",
    "Access": "0",
    "CashInHand": "37983.0000",
    "UserId": "Admin",
    "EntryStatus": "0",
    "IsReadOnly": "True",
    "StoreId": "1"
  },
  {
    "EndOfDayId": "182",
    "EOD_Date": "2020-11-27T00:00:00.0000000",
    "Shirting": "1.6",
    "Suiting": "0",
    "USPA": "0",
    "FM_Arrow": "0",
    "RWT": "0",
    "Access": "0",
    "CashInHand": "23553.0000",
    "UserId": "Admin",
    "EntryStatus": "0",
    "IsReadOnly": "True",
    "StoreId": "1"
  },
  {
    "EndOfDayId": "183",
    "EOD_Date": "2020-11-26T00:00:00.0000000",
    "Shirting": "0",
    "Suiting": "3.1",
    "USPA": "0",
    "FM_Arrow": "0",
    "RWT": "0",
    "Access": "0",
    "CashInHand": "15368.0000",
    "UserId": "Admin",
    "EntryStatus": "0",
    "IsReadOnly": "True",
    "StoreId": "1"
  },
  {
    "EndOfDayId": "184",
    "EOD_Date": "2020-11-25T00:00:00.0000000",
    "Shirting": "0",
    "Suiting": "0",
    "USPA": "0",
    "FM_Arrow": "0",
    "RWT": "0",
    "Access": "0",
    "CashInHand": "30745.0000",
    "UserId": "Admin",
    "EntryStatus": "0",
    "IsReadOnly": "True",
    "StoreId": "1"
  },
  {
    "EndOfDayId": "185",
    "EOD_Date": "2020-11-24T00:00:00.0000000",
    "Shirting": "7.4",
    "Suiting": "1.2",
    "USPA": "0",
    "FM_Arrow": "0",
    "RWT": "0",
    "Access": "0",
    "CashInHand": "33840.0000",
    "UserId": "Admin",
    "EntryStatus": "0",
    "IsReadOnly": "True",
    "StoreId": "1"
  },
  {
    "EndOfDayId": "186",
    "EOD_Date": "2020-12-12T00:00:00.0000000",
    "Shirting": "0",
    "Suiting": "0",
    "USPA": "0",
    "FM_Arrow": "0",
    "RWT": "0",
    "Access": "0",
    "CashInHand": "131391.0000",
    "UserId": "Admin",
    "EntryStatus": "0",
    "IsReadOnly": "True",
    "StoreId": "1"
  },
  {
    "EndOfDayId": "187",
    "EOD_Date": "2021-02-09T00:00:00.0000000",
    "Shirting": "0",
    "Suiting": "0",
    "USPA": "0",
    "FM_Arrow": "0",
    "RWT": "0",
    "Access": "0",
    "CashInHand": "10526.0000",
    "UserId": "Admin",
    "EntryStatus": "0",
    "IsReadOnly": "True",
    "StoreId": "1"
  },
  {
    "EndOfDayId": "188",
    "EOD_Date": "2020-10-12T00:00:00.0000000",
    "Shirting": "9.9",
    "Suiting": "2.5",
    "USPA": "0",
    "FM_Arrow": "0",
    "RWT": "0",
    "Access": "0",
    "CashInHand": "23056.0000",
    "UserId": "Admin",
    "EntryStatus": "0",
    "IsReadOnly": "True",
    "StoreId": "1"
  },
  {
    "EndOfDayId": "189",
    "EOD_Date": "2020-10-10T00:00:00.0000000",
    "Shirting": "1.7",
    "Suiting": "2",
    "USPA": "7",
    "FM_Arrow": "0",
    "RWT": "1",
    "Access": "0",
    "CashInHand": "12959.0000",
    "UserId": "Admin",
    "EntryStatus": "0",
    "IsReadOnly": "True",
    "StoreId": "1"
  },
  {
    "EndOfDayId": "190",
    "EOD_Date": "2020-09-03T00:00:00.0000000",
    "Shirting": "0",
    "Suiting": "0",
    "USPA": "0",
    "FM_Arrow": "0",
    "RWT": "0",
    "Access": "0",
    "CashInHand": "32615.0000",
    "UserId": "Admin",
    "EntryStatus": "0",
    "IsReadOnly": "True",
    "StoreId": "1"
  },
  {
    "EndOfDayId": "191",
    "EOD_Date": "2020-09-02T00:00:00.0000000",
    "Shirting": "1.6",
    "Suiting": "0",
    "USPA": "3",
    "FM_Arrow": "0",
    "RWT": "0",
    "Access": "0",
    "CashInHand": "35103.0000",
    "UserId": "Admin",
    "EntryStatus": "0",
    "IsReadOnly": "True",
    "StoreId": "1"
  },
  {
    "EndOfDayId": "192",
    "EOD_Date": "2020-09-01T00:00:00.0000000",
    "Shirting": "3.2",
    "Suiting": "2.4",
    "USPA": "0",
    "FM_Arrow": "0",
    "RWT": "0",
    "Access": "0",
    "CashInHand": "47011.0000",
    "UserId": "Admin",
    "EntryStatus": "0",
    "IsReadOnly": "True",
    "StoreId": "1"
  },
  {
    "EndOfDayId": "193",
    "EOD_Date": "2020-08-31T00:00:00.0000000",
    "Shirting": "5.4",
    "Suiting": "0",
    "USPA": "1",
    "FM_Arrow": "0",
    "RWT": "0",
    "Access": "0",
    "CashInHand": "46312.0000",
    "UserId": "Admin",
    "EntryStatus": "0",
    "IsReadOnly": "True",
    "StoreId": "1"
  },
  {
    "EndOfDayId": "194",
    "EOD_Date": "2020-08-29T00:00:00.0000000",
    "Shirting": "6.6",
    "Suiting": "1.3",
    "USPA": "0",
    "FM_Arrow": "0",
    "RWT": "0",
    "Access": "0",
    "CashInHand": "44862.0000",
    "UserId": "Admin",
    "EntryStatus": "0",
    "IsReadOnly": "True",
    "StoreId": "1"
  },
  {
    "EndOfDayId": "195",
    "EOD_Date": "2020-08-28T00:00:00.0000000",
    "Shirting": "0",
    "Suiting": "0",
    "USPA": "1",
    "FM_Arrow": "1",
    "RWT": "0",
    "Access": "0",
    "CashInHand": "41486.0000",
    "UserId": "Admin",
    "EntryStatus": "0",
    "IsReadOnly": "True",
    "StoreId": "1"
  },
  {
    "EndOfDayId": "196",
    "EOD_Date": "2020-08-27T00:00:00.0000000",
    "Shirting": "0",
    "Suiting": "0",
    "USPA": "1",
    "FM_Arrow": "0",
    "RWT": "0",
    "Access": "0",
    "CashInHand": "40209.0000",
    "UserId": "Admin",
    "EntryStatus": "0",
    "IsReadOnly": "True",
    "StoreId": "1"
  },
  {
    "EndOfDayId": "197",
    "EOD_Date": "2020-08-26T00:00:00.0000000",
    "Shirting": "1",
    "Suiting": "0",
    "USPA": "0",
    "FM_Arrow": "0",
    "RWT": "0",
    "Access": "0",
    "CashInHand": "37700.0000",
    "UserId": "Admin",
    "EntryStatus": "0",
    "IsReadOnly": "True",
    "StoreId": "1"
  },
  {
    "EndOfDayId": "198",
    "EOD_Date": "2020-08-25T00:00:00.0000000",
    "Shirting": "0",
    "Suiting": "0",
    "USPA": "0",
    "FM_Arrow": "0",
    "RWT": "0",
    "Access": "0",
    "CashInHand": "3718.0000",
    "UserId": "Admin",
    "EntryStatus": "0",
    "IsReadOnly": "True",
    "StoreId": "1"
  },
  {
    "EndOfDayId": "199",
    "EOD_Date": "2020-08-24T00:00:00.0000000",
    "Shirting": "0",
    "Suiting": "0",
    "USPA": "0",
    "FM_Arrow": "0",
    "RWT": "0",
    "Access": "0",
    "CashInHand": "47603.0000",
    "UserId": "Admin",
    "EntryStatus": "0",
    "IsReadOnly": "True",
    "StoreId": "1"
  },
  {
    "EndOfDayId": "200",
    "EOD_Date": "2020-08-22T00:00:00.0000000",
    "Shirting": "5.7",
    "Suiting": "2.5",
    "USPA": "0",
    "FM_Arrow": "0",
    "RWT": "0",
    "Access": "0",
    "CashInHand": "49068.0000",
    "UserId": "Admin",
    "EntryStatus": "0",
    "IsReadOnly": "True",
    "StoreId": "1"
  },
  {
    "EndOfDayId": "201",
    "EOD_Date": "2020-08-19T00:00:00.0000000",
    "Shirting": "0",
    "Suiting": "0",
    "USPA": "0",
    "FM_Arrow": "0",
    "RWT": "0",
    "Access": "0",
    "CashInHand": "54068.0000",
    "UserId": "Admin",
    "EntryStatus": "0",
    "IsReadOnly": "True",
    "StoreId": "1"
  },
  {
    "EndOfDayId": "202",
    "EOD_Date": "2020-08-18T00:00:00.0000000",
    "Shirting": "0",
    "Suiting": "2.4",
    "USPA": "2",
    "FM_Arrow": "1",
    "RWT": "0",
    "Access": "0",
    "CashInHand": "57898.0000",
    "UserId": "Admin",
    "EntryStatus": "0",
    "IsReadOnly": "True",
    "StoreId": "1"
  },
  {
    "EndOfDayId": "203",
    "EOD_Date": "2020-08-16T00:00:00.0000000",
    "Shirting": "0",
    "Suiting": "0",
    "USPA": "0",
    "FM_Arrow": "0",
    "RWT": "0",
    "Access": "0",
    "CashInHand": "49640.0000",
    "UserId": "Admin",
    "EntryStatus": "0",
    "IsReadOnly": "True",
    "StoreId": "1"
  },
  {
    "EndOfDayId": "204",
    "EOD_Date": "2020-08-15T00:00:00.0000000",
    "Shirting": "1.4",
    "Suiting": "0",
    "USPA": "0",
    "FM_Arrow": "0",
    "RWT": "0",
    "Access": "0",
    "CashInHand": "50990.0000",
    "UserId": "Admin",
    "EntryStatus": "0",
    "IsReadOnly": "True",
    "StoreId": "1"
  },
  {
    "EndOfDayId": "205",
    "EOD_Date": "2020-08-14T00:00:00.0000000",
    "Shirting": "0",
    "Suiting": "0",
    "USPA": "0",
    "FM_Arrow": "0",
    "RWT": "0",
    "Access": "0",
    "CashInHand": "49215.0000",
    "UserId": "Admin",
    "EntryStatus": "0",
    "IsReadOnly": "True",
    "StoreId": "1"
  },
  {
    "EndOfDayId": "206",
    "EOD_Date": "2020-08-12T00:00:00.0000000",
    "Shirting": "1.8",
    "Suiting": "0",
    "USPA": "0",
    "FM_Arrow": "0",
    "RWT": "0",
    "Access": "0",
    "CashInHand": "49011.0000",
    "UserId": "Admin",
    "EntryStatus": "0",
    "IsReadOnly": "True",
    "StoreId": "1"
  },
  {
    "EndOfDayId": "207",
    "EOD_Date": "2020-08-11T00:00:00.0000000",
    "Shirting": "6.5",
    "Suiting": "0",
    "USPA": "0",
    "FM_Arrow": "0",
    "RWT": "1",
    "Access": "0",
    "CashInHand": "65296.0000",
    "UserId": "Admin",
    "EntryStatus": "0",
    "IsReadOnly": "True",
    "StoreId": "1"
  },
  {
    "EndOfDayId": "208",
    "EOD_Date": "2020-08-10T00:00:00.0000000",
    "Shirting": "1.75",
    "Suiting": "0",
    "USPA": "0",
    "FM_Arrow": "0",
    "RWT": "0",
    "Access": "0",
    "CashInHand": "66827.0000",
    "UserId": "Admin",
    "EntryStatus": "0",
    "IsReadOnly": "True",
    "StoreId": "1"
  },
  {
    "EndOfDayId": "209",
    "EOD_Date": "2020-08-09T00:00:00.0000000",
    "Shirting": "0",
    "Suiting": "0",
    "USPA": "0",
    "FM_Arrow": "0",
    "RWT": "0",
    "Access": "0",
    "CashInHand": "63291.0000",
    "UserId": "Admin",
    "EntryStatus": "0",
    "IsReadOnly": "True",
    "StoreId": "1"
  },
  {
    "EndOfDayId": "210",
    "EOD_Date": "2020-08-08T00:00:00.0000000",
    "Shirting": "0",
    "Suiting": "0",
    "USPA": "0",
    "FM_Arrow": "0",
    "RWT": "0",
    "Access": "0",
    "CashInHand": "76741.0000",
    "UserId": "Admin",
    "EntryStatus": "0",
    "IsReadOnly": "True",
    "StoreId": "1"
  },
  {
    "EndOfDayId": "211",
    "EOD_Date": "2020-08-07T00:00:00.0000000",
    "Shirting": "1.5",
    "Suiting": "0",
    "USPA": "0",
    "FM_Arrow": "0",
    "RWT": "0",
    "Access": "0",
    "CashInHand": "77041.0000",
    "UserId": "Admin",
    "EntryStatus": "0",
    "IsReadOnly": "True",
    "StoreId": "1"
  },
  {
    "EndOfDayId": "212",
    "EOD_Date": "2020-08-06T00:00:00.0000000",
    "Shirting": "0",
    "Suiting": "0",
    "USPA": "0",
    "FM_Arrow": "0",
    "RWT": "0",
    "Access": "0",
    "CashInHand": "80561.0000",
    "UserId": "Admin",
    "EntryStatus": "0",
    "IsReadOnly": "True",
    "StoreId": "1"
  },
  {
    "EndOfDayId": "213",
    "EOD_Date": "2020-08-05T00:00:00.0000000",
    "Shirting": "4.4",
    "Suiting": "1.2",
    "USPA": "0",
    "FM_Arrow": "0",
    "RWT": "0",
    "Access": "0",
    "CashInHand": "80899.0000",
    "UserId": "Admin",
    "EntryStatus": "0",
    "IsReadOnly": "True",
    "StoreId": "1"
  },
  {
    "EndOfDayId": "214",
    "EOD_Date": "2020-08-04T00:00:00.0000000",
    "Shirting": "0",
    "Suiting": "0",
    "USPA": "0",
    "FM_Arrow": "0",
    "RWT": "0",
    "Access": "0",
    "CashInHand": "76384.0000",
    "UserId": "Admin",
    "EntryStatus": "0",
    "IsReadOnly": "True",
    "StoreId": "1"
  },
  {
    "EndOfDayId": "215",
    "EOD_Date": "2020-08-03T00:00:00.0000000",
    "Shirting": "1.6",
    "Suiting": "1.2",
    "USPA": "1",
    "FM_Arrow": "0",
    "RWT": "0",
    "Access": "0",
    "CashInHand": "84794.0000",
    "UserId": "Admin",
    "EntryStatus": "0",
    "IsReadOnly": "True",
    "StoreId": "1"
  },
  {
    "EndOfDayId": "216",
    "EOD_Date": "2020-07-31T00:00:00.0000000",
    "Shirting": "0",
    "Suiting": "0",
    "USPA": "3",
    "FM_Arrow": "0",
    "RWT": "1",
    "Access": "0",
    "CashInHand": "78071.0000",
    "UserId": "Admin",
    "EntryStatus": "0",
    "IsReadOnly": "True",
    "StoreId": "1"
  },
  {
    "EndOfDayId": "217",
    "EOD_Date": "2020-09-04T00:00:00.0000000",
    "Shirting": "3.4",
    "Suiting": "2.6",
    "USPA": "0",
    "FM_Arrow": "0",
    "RWT": "0",
    "Access": "0",
    "CashInHand": "36553.0000",
    "UserId": "Admin",
    "EntryStatus": "0",
    "IsReadOnly": "True",
    "StoreId": "1"
  },
  {
    "EndOfDayId": "218",
    "EOD_Date": "2020-09-05T00:00:00.0000000",
    "Shirting": "0",
    "Suiting": "0",
    "USPA": "0",
    "FM_Arrow": "0",
    "RWT": "0",
    "Access": "0",
    "CashInHand": "31931.0000",
    "UserId": "Admin",
    "EntryStatus": "0",
    "IsReadOnly": "True",
    "StoreId": "1"
  },
  {
    "EndOfDayId": "219",
    "EOD_Date": "2020-09-06T00:00:00.0000000",
    "Shirting": "3.85",
    "Suiting": "0",
    "USPA": "0",
    "FM_Arrow": "0",
    "RWT": "0",
    "Access": "0",
    "CashInHand": "19139.0000",
    "UserId": "Admin",
    "EntryStatus": "0",
    "IsReadOnly": "True",
    "StoreId": "1"
  },
  {
    "EndOfDayId": "220",
    "EOD_Date": "2020-09-08T00:00:00.0000000",
    "Shirting": "2.25",
    "Suiting": "3",
    "USPA": "0",
    "FM_Arrow": "0",
    "RWT": "0",
    "Access": "0",
    "CashInHand": "8962.0000",
    "UserId": "Admin",
    "EntryStatus": "0",
    "IsReadOnly": "True",
    "StoreId": "1"
  },
  {
    "EndOfDayId": "221",
    "EOD_Date": "2020-10-09T00:00:00.0000000",
    "Shirting": "5.7",
    "Suiting": "0",
    "USPA": "0",
    "FM_Arrow": "1",
    "RWT": "1",
    "Access": "0",
    "CashInHand": "7952.0000",
    "UserId": "Admin",
    "EntryStatus": "0",
    "IsReadOnly": "True",
    "StoreId": "1"
  },
  {
    "EndOfDayId": "222",
    "EOD_Date": "2020-10-08T00:00:00.0000000",
    "Shirting": "5.6",
    "Suiting": "3.85",
    "USPA": "4",
    "FM_Arrow": "0",
    "RWT": "0",
    "Access": "0",
    "CashInHand": "22766.0000",
    "UserId": "Admin",
    "EntryStatus": "0",
    "IsReadOnly": "True",
    "StoreId": "1"
  },
  {
    "EndOfDayId": "223",
    "EOD_Date": "2020-10-07T00:00:00.0000000",
    "Shirting": "3.3",
    "Suiting": "1.3",
    "USPA": "3",
    "FM_Arrow": "0",
    "RWT": "1",
    "Access": "0",
    "CashInHand": "16353.0000",
    "UserId": "Admin",
    "EntryStatus": "0",
    "IsReadOnly": "True",
    "StoreId": "1"
  },
  {
    "EndOfDayId": "224",
    "EOD_Date": "2020-10-06T00:00:00.0000000",
    "Shirting": "1.6",
    "Suiting": "0",
    "USPA": "0",
    "FM_Arrow": "0",
    "RWT": "0",
    "Access": "0",
    "CashInHand": "12917.0000",
    "UserId": "Admin",
    "EntryStatus": "0",
    "IsReadOnly": "True",
    "StoreId": "1"
  },
  {
    "EndOfDayId": "225",
    "EOD_Date": "2020-10-05T00:00:00.0000000",
    "Shirting": "15.5",
    "Suiting": "0",
    "USPA": "0",
    "FM_Arrow": "0",
    "RWT": "0",
    "Access": "0",
    "CashInHand": "12340.0000",
    "UserId": "Admin",
    "EntryStatus": "0",
    "IsReadOnly": "True",
    "StoreId": "1"
  },
  {
    "EndOfDayId": "226",
    "EOD_Date": "2020-10-04T00:00:00.0000000",
    "Shirting": "1.35",
    "Suiting": "1.2",
    "USPA": "3",
    "FM_Arrow": "1",
    "RWT": "2",
    "Access": "0",
    "CashInHand": "38534.0000",
    "UserId": "Admin",
    "EntryStatus": "0",
    "IsReadOnly": "True",
    "StoreId": "1"
  },
  {
    "EndOfDayId": "227",
    "EOD_Date": "2020-10-03T00:00:00.0000000",
    "Shirting": "0",
    "Suiting": "0",
    "USPA": "5",
    "FM_Arrow": "0",
    "RWT": "1",
    "Access": "0",
    "CashInHand": "28520.0000",
    "UserId": "Admin",
    "EntryStatus": "0",
    "IsReadOnly": "True",
    "StoreId": "1"
  },
  {
    "EndOfDayId": "228",
    "EOD_Date": "2020-10-02T00:00:00.0000000",
    "Shirting": "0",
    "Suiting": "0",
    "USPA": "1",
    "FM_Arrow": "0",
    "RWT": "3",
    "Access": "0",
    "CashInHand": "22986.0000",
    "UserId": "Admin",
    "EntryStatus": "0",
    "IsReadOnly": "True",
    "StoreId": "1"
  },
  {
    "EndOfDayId": "229",
    "EOD_Date": "2020-10-01T00:00:00.0000000",
    "Shirting": "0",
    "Suiting": "0",
    "USPA": "0",
    "FM_Arrow": "0",
    "RWT": "0",
    "Access": "0",
    "CashInHand": "19523.0000",
    "UserId": "Admin",
    "EntryStatus": "0",
    "IsReadOnly": "True",
    "StoreId": "1"
  },
  {
    "EndOfDayId": "230",
    "EOD_Date": "2020-09-30T00:00:00.0000000",
    "Shirting": "0",
    "Suiting": "0",
    "USPA": "5",
    "FM_Arrow": "1",
    "RWT": "6",
    "Access": "0",
    "CashInHand": "21128.0000",
    "UserId": "Admin",
    "EntryStatus": "0",
    "IsReadOnly": "True",
    "StoreId": "1"
  },
  {
    "EndOfDayId": "231",
    "EOD_Date": "2020-09-29T00:00:00.0000000",
    "Shirting": "1.5",
    "Suiting": "1.3",
    "USPA": "0",
    "FM_Arrow": "0",
    "RWT": "0",
    "Access": "0",
    "CashInHand": "13094.0000",
    "UserId": "Admin",
    "EntryStatus": "0",
    "IsReadOnly": "True",
    "StoreId": "1"
  },
  {
    "EndOfDayId": "232",
    "EOD_Date": "2020-09-28T00:00:00.0000000",
    "Shirting": "3.6",
    "Suiting": "0",
    "USPA": "0",
    "FM_Arrow": "0",
    "RWT": "0",
    "Access": "0",
    "CashInHand": "23459.0000",
    "UserId": "Admin",
    "EntryStatus": "0",
    "IsReadOnly": "True",
    "StoreId": "1"
  },
  {
    "EndOfDayId": "233",
    "EOD_Date": "2020-09-27T00:00:00.0000000",
    "Shirting": "21.2",
    "Suiting": "25.45",
    "USPA": "2",
    "FM_Arrow": "0",
    "RWT": "2",
    "Access": "0",
    "CashInHand": "17815.0000",
    "UserId": "Admin",
    "EntryStatus": "0",
    "IsReadOnly": "True",
    "StoreId": "1"
  },
  {
    "EndOfDayId": "234",
    "EOD_Date": "2020-10-11T00:00:00.0000000",
    "Shirting": "5",
    "Suiting": "1.3",
    "USPA": "1",
    "FM_Arrow": "1",
    "RWT": "2",
    "Access": "0",
    "CashInHand": "19150.0000",
    "UserId": "Admin",
    "EntryStatus": "0",
    "IsReadOnly": "True",
    "StoreId": "1"
  },
  {
    "EndOfDayId": "235",
    "EOD_Date": "2020-09-25T00:00:00.0000000",
    "Shirting": "2.8",
    "Suiting": "0",
    "USPA": "4",
    "FM_Arrow": "0",
    "RWT": "0",
    "Access": "0",
    "CashInHand": "21797.0000",
    "UserId": "Admin",
    "EntryStatus": "0",
    "IsReadOnly": "True",
    "StoreId": "1"
  },
  {
    "EndOfDayId": "236",
    "EOD_Date": "2020-09-22T00:00:00.0000000",
    "Shirting": "0",
    "Suiting": "0",
    "USPA": "0",
    "FM_Arrow": "0",
    "RWT": "0",
    "Access": "0",
    "CashInHand": "9391.0000",
    "UserId": "Admin",
    "EntryStatus": "0",
    "IsReadOnly": "True",
    "StoreId": "1"
  },
  {
    "EndOfDayId": "237",
    "EOD_Date": "2020-09-21T00:00:00.0000000",
    "Shirting": "0",
    "Suiting": "0",
    "USPA": "0",
    "FM_Arrow": "0",
    "RWT": "0",
    "Access": "0",
    "CashInHand": "10391.0000",
    "UserId": "Admin",
    "EntryStatus": "0",
    "IsReadOnly": "True",
    "StoreId": "1"
  },
  {
    "EndOfDayId": "238",
    "EOD_Date": "2020-09-20T00:00:00.0000000",
    "Shirting": "0",
    "Suiting": "0",
    "USPA": "0",
    "FM_Arrow": "0",
    "RWT": "0",
    "Access": "0",
    "CashInHand": "12236.0000",
    "UserId": "Admin",
    "EntryStatus": "0",
    "IsReadOnly": "True",
    "StoreId": "1"
  },
  {
    "EndOfDayId": "239",
    "EOD_Date": "2020-09-19T00:00:00.0000000",
    "Shirting": "1",
    "Suiting": "0",
    "USPA": "1",
    "FM_Arrow": "0",
    "RWT": "0",
    "Access": "0",
    "CashInHand": "10182.0000",
    "UserId": "Admin",
    "EntryStatus": "0",
    "IsReadOnly": "True",
    "StoreId": "1"
  },
  {
    "EndOfDayId": "240",
    "EOD_Date": "2020-09-18T00:00:00.0000000",
    "Shirting": "0",
    "Suiting": "0",
    "USPA": "0",
    "FM_Arrow": "0",
    "RWT": "0",
    "Access": "0",
    "CashInHand": "9333.0000",
    "UserId": "Admin",
    "EntryStatus": "0",
    "IsReadOnly": "True",
    "StoreId": "1"
  },
  {
    "EndOfDayId": "241",
    "EOD_Date": "2020-09-17T00:00:00.0000000",
    "Shirting": "1.6",
    "Suiting": "3.25",
    "USPA": "0",
    "FM_Arrow": "0",
    "RWT": "0",
    "Access": "0",
    "CashInHand": "10243.0000",
    "UserId": "Admin",
    "EntryStatus": "0",
    "IsReadOnly": "True",
    "StoreId": "1"
  },
  {
    "EndOfDayId": "242",
    "EOD_Date": "2020-09-16T00:00:00.0000000",
    "Shirting": "0",
    "Suiting": "1.2",
    "USPA": "0",
    "FM_Arrow": "0",
    "RWT": "0",
    "Access": "0",
    "CashInHand": "5766.0000",
    "UserId": "Admin",
    "EntryStatus": "0",
    "IsReadOnly": "True",
    "StoreId": "1"
  },
  {
    "EndOfDayId": "243",
    "EOD_Date": "2020-09-15T00:00:00.0000000",
    "Shirting": "1.7",
    "Suiting": "0",
    "USPA": "0",
    "FM_Arrow": "0",
    "RWT": "0",
    "Access": "0",
    "CashInHand": "9563.0000",
    "UserId": "Admin",
    "EntryStatus": "0",
    "IsReadOnly": "True",
    "StoreId": "1"
  },
  {
    "EndOfDayId": "244",
    "EOD_Date": "2020-09-14T00:00:00.0000000",
    "Shirting": "1.6",
    "Suiting": "0",
    "USPA": "0",
    "FM_Arrow": "0",
    "RWT": "0",
    "Access": "0",
    "CashInHand": "10203.0000",
    "UserId": "Admin",
    "EntryStatus": "0",
    "IsReadOnly": "True",
    "StoreId": "1"
  },
  {
    "EndOfDayId": "245",
    "EOD_Date": "2020-09-12T00:00:00.0000000",
    "Shirting": "3.6",
    "Suiting": "1.2",
    "USPA": "1",
    "FM_Arrow": "0",
    "RWT": "0",
    "Access": "0",
    "CashInHand": "8184.0000",
    "UserId": "Admin",
    "EntryStatus": "0",
    "IsReadOnly": "True",
    "StoreId": "1"
  },
  {
    "EndOfDayId": "246",
    "EOD_Date": "2020-09-11T00:00:00.0000000",
    "Shirting": "0",
    "Suiting": "0",
    "USPA": "0",
    "FM_Arrow": "0",
    "RWT": "0",
    "Access": "0",
    "CashInHand": "9752.0000",
    "UserId": "Admin",
    "EntryStatus": "0",
    "IsReadOnly": "True",
    "StoreId": "1"
  },
  {
    "EndOfDayId": "247",
    "EOD_Date": "2020-09-10T00:00:00.0000000",
    "Shirting": "0",
    "Suiting": "0",
    "USPA": "0",
    "FM_Arrow": "0",
    "RWT": "1",
    "Access": "0",
    "CashInHand": "9952.0000",
    "UserId": "Admin",
    "EntryStatus": "0",
    "IsReadOnly": "True",
    "StoreId": "1"
  },
  {
    "EndOfDayId": "248",
    "EOD_Date": "2020-09-09T00:00:00.0000000",
    "Shirting": "0",
    "Suiting": "0",
    "USPA": "0",
    "FM_Arrow": "0",
    "RWT": "0",
    "Access": "0",
    "CashInHand": "8976.0000",
    "UserId": "Admin",
    "EntryStatus": "0",
    "IsReadOnly": "True",
    "StoreId": "1"
  },
  {
    "EndOfDayId": "249",
    "EOD_Date": "2020-09-23T00:00:00.0000000",
    "Shirting": "0",
    "Suiting": "0",
    "USPA": "0",
    "FM_Arrow": "0",
    "RWT": "0",
    "Access": "0",
    "CashInHand": "8761.0000",
    "UserId": "Admin",
    "EntryStatus": "0",
    "IsReadOnly": "True",
    "StoreId": "1"
  },
  {
    "EndOfDayId": "250",
    "EOD_Date": "2021-02-10T00:00:00.0000000",
    "Shirting": "0",
    "Suiting": "0",
    "USPA": "0",
    "FM_Arrow": "0",
    "RWT": "0",
    "Access": "0",
    "CashInHand": "15872.0000",
    "UserId": "Admin",
    "EntryStatus": "0",
    "IsReadOnly": "True",
    "StoreId": "1"
  }
]