[
  {
    "ID": "1",
    "InwardNo": "C33GR1700001",
    "InwardDate": "2017-07-18T08:11:07.0000000",
    "InvoiceNo": "GDS7000133",
    "InvoiceDate": "2017-07-06T18:29:50.0000000",
    "PartyName": "TAS - Warhouse -FOFO",
    "TotalQty": "230.8500",
    "TotalMRPValue": "442547.9500",
    "TotalCost": "295888.8060"
  },
  {
    "ID": "2",
    "InwardNo": "C33GR500014",
    "InwardDate": "2016-03-07T13:03:14.0000000",
    "InvoiceNo": "OCF5002312",
    "InvoiceDate": "2016-02-26T18:29:50.0000000",
    "PartyName": "TAS - Warhouse -FOFO",
    "TotalQty": "11.2000",
    "TotalMRPValue": "11457.6000",
    "TotalCost": "3696.0000"
  },
  {
    "ID": "3",
    "InwardNo": "C33GR500015",
    "InwardDate": "2016-03-12T07:57:21.0000000",
    "InvoiceNo": "0090229112",
    "InvoiceDate": "2016-02-11T18:29:50.0000000",
    "PartyName": "Arvind Brands Limited",
    "TotalQty": "241.0000",
    "TotalMRPValue": "82536.0000",
    "TotalCost": "56124.4800"
  },
  {
    "ID": "4",
    "InwardNo": "C33GR500016",
    "InwardDate": "2016-03-20T07:21:01.0000000",
    "InvoiceNo": "OCF5002389",
    "InvoiceDate": "2016-02-28T18:29:50.0000000",
    "PartyName": "TAS - Warhouse -FOFO",
    "TotalQty": "22.8000",
    "TotalMRPValue": "28996.8000",
    "TotalCost": "12267.6000"
  },
  {
    "ID": "5",
    "InwardNo": "C33GR500017",
    "InwardDate": "2016-03-20T07:23:11.0000000",
    "InvoiceNo": "OCF5002384A",
    "InvoiceDate": "2016-02-28T18:29:50.0000000",
    "PartyName": "TAS - Warhouse -FOFO",
    "TotalQty": "52.0000",
    "TotalMRPValue": "81452.8000",
    "TotalCost": "36025.6000"
  },
  {
    "ID": "6",
    "InwardNo": "C33GR500018",
    "InwardDate": "2016-03-20T07:37:26.0000000",
    "InvoiceNo": "OCF5002384",
    "InvoiceDate": "2016-02-28T18:29:50.0000000",
    "PartyName": "TAS - Warhouse -FOFO",
    "TotalQty": "185.1000",
    "TotalMRPValue": "323046.6000",
    "TotalCost": "143837.2000"
  },
  {
    "ID": "7",
    "InwardNo": "C33GR500019",
    "InwardDate": "2016-03-29T11:28:40.0000000",
    "InvoiceNo": "OCF5002461",
    "InvoiceDate": "2016-03-02T18:29:50.0000000",
    "PartyName": "TAS RTS - Warhouse",
    "TotalQty": "79.0000",
    "TotalMRPValue": "18065.0000",
    "TotalCost": "12924.0000"
  },
  {
    "ID": "8",
    "InwardNo": "C33GR500020",
    "InwardDate": "2016-03-30T08:31:19.9990000",
    "InvoiceNo": "BG5IV00133",
    "InvoiceDate": "2016-02-28T18:29:50.0000000",
    "PartyName": "Bangalore WH",
    "TotalQty": "23.0000",
    "TotalMRPValue": "47277.0000",
    "TotalCost": "31064.8242"
  },
  {
    "ID": "9",
    "InwardNo": "C33GR500021",
    "InwardDate": "2016-03-30T13:01:38.0000000",
    "InvoiceNo": "OCF5002468",
    "InvoiceDate": "2016-03-04T18:29:50.0000000",
    "PartyName": "TAS RTS - Warhouse",
    "TotalQty": "30.0000",
    "TotalMRPValue": "18750.0000",
    "TotalCost": "10224.0000"
  },
  {
    "ID": "10",
    "InwardNo": "C33GR500022",
    "InwardDate": "2016-03-30T13:02:47.0000000",
    "InvoiceNo": "OCF5002469",
    "InvoiceDate": "2016-03-04T18:29:50.0000000",
    "PartyName": "TAS RTS - Warhouse",
    "TotalQty": "30.0000",
    "TotalMRPValue": "17970.0000",
    "TotalCost": "10770.0000"
  },
  {
    "ID": "11",
    "InwardNo": "C33GR600001",
    "InwardDate": "2016-04-09T05:21:49.0000000",
    "InvoiceNo": "BG5IV00139",
    "InvoiceDate": "2016-03-01T18:29:50.0000000",
    "PartyName": "Bangalore WH",
    "TotalQty": "56.0000",
    "TotalMRPValue": "101844.0000",
    "TotalCost": "66919.7316"
  },
  {
    "ID": "12",
    "InwardNo": "C33GR600002",
    "InwardDate": "2016-04-19T12:47:56.0000000",
    "InvoiceNo": "SB2095",
    "InvoiceDate": "2016-04-13T18:29:50.0000000",
    "PartyName": "Arvind Limited",
    "TotalQty": "3.0000",
    "TotalMRPValue": "9900.0000",
    "TotalCost": "5250.0000"
  },
  {
    "ID": "13",
    "InwardNo": "C33GR600003",
    "InwardDate": "2016-04-19T12:49:04.0000000",
    "InvoiceNo": "DSB149",
    "InvoiceDate": "2016-04-13T18:29:50.0000000",
    "PartyName": "Arvind Limited",
    "TotalQty": "21.0000",
    "TotalMRPValue": "20979.0000",
    "TotalCost": "7350.0000"
  },
  {
    "ID": "14",
    "InwardNo": "C33GR500013",
    "InwardDate": "2016-03-07T11:14:53.0000000",
    "InvoiceNo": "OCF5002274",
    "InvoiceDate": "2016-02-24T18:29:50.0000000",
    "PartyName": "TAS - Warhouse -FOFO",
    "TotalQty": "84.8000",
    "TotalMRPValue": "97486.4000",
    "TotalCost": "43081.6000"
  },
  {
    "ID": "15",
    "InwardNo": "C33GR600004",
    "InwardDate": "2016-04-25T06:03:51.0000000",
    "InvoiceNo": "BG6IV00001",
    "InvoiceDate": "2016-04-01T18:29:50.0000000",
    "PartyName": "Bangalore WH",
    "TotalQty": "48.0000",
    "TotalMRPValue": "74452.0000",
    "TotalCost": "48920.9340"
  },
  {
    "ID": "16",
    "InwardNo": "C33GR600006",
    "InwardDate": "2016-05-10T06:17:02.0000000",
    "InvoiceNo": "OCF6000189",
    "InvoiceDate": "2016-04-27T18:29:50.0000000",
    "PartyName": "TAS - Warhouse -FOFO",
    "TotalQty": "49.6000",
    "TotalMRPValue": "47681.6000",
    "TotalCost": "20627.2000"
  },
  {
    "ID": "17",
    "InwardNo": "C33GR600007",
    "InwardDate": "2016-05-12T15:02:51.0000000",
    "InvoiceNo": "OCF6000287",
    "InvoiceDate": "2016-05-05T18:29:50.0000000",
    "PartyName": "TAS - Warhouse -FOFO",
    "TotalQty": "3.2500",
    "TotalMRPValue": "24898.2500",
    "TotalCost": "12450.7500"
  },
  {
    "ID": "18",
    "InwardNo": "C33GR600008",
    "InwardDate": "2016-06-08T08:43:34.0000000",
    "InvoiceNo": "OCF6000324",
    "InvoiceDate": "2016-05-24T18:29:50.0000000",
    "PartyName": "TAS - Warhouse -FOFO",
    "TotalQty": "22.4000",
    "TotalMRPValue": "29209.6000",
    "TotalCost": "12633.6000"
  },
  {
    "ID": "19",
    "InwardNo": "C33GR600009",
    "InwardDate": "2016-06-08T12:49:51.0000000",
    "InvoiceNo": "OCF6000323",
    "InvoiceDate": "2016-05-24T18:29:50.0000000",
    "PartyName": "TAS - Warhouse -FOFO",
    "TotalQty": "348.8000",
    "TotalMRPValue": "279214.4000",
    "TotalCost": "131016.0000"
  },
  {
    "ID": "20",
    "InwardNo": "C33GR600010",
    "InwardDate": "2016-06-14T05:10:59.0000000",
    "InvoiceNo": "OCF6000403",
    "InvoiceDate": "2016-06-02T18:29:50.0000000",
    "PartyName": "TAS - Warhouse -FOFO",
    "TotalQty": "11.2000",
    "TotalMRPValue": "14604.8000",
    "TotalCost": "6316.8000"
  },
  {
    "ID": "21",
    "InwardNo": "C33GR600011",
    "InwardDate": "2016-06-17T06:45:04.0000000",
    "InvoiceNo": "OCF6000414",
    "InvoiceDate": "2016-06-06T18:29:50.0000000",
    "PartyName": "TAS - Warhouse -FOFO",
    "TotalQty": "288.0000",
    "TotalMRPValue": "420384.2000",
    "TotalCost": "186186.2000"
  },
  {
    "ID": "22",
    "InwardNo": "C33GR600012",
    "InwardDate": "2016-07-02T06:08:13.0000000",
    "InvoiceNo": "OCF6000249",
    "InvoiceDate": "2016-04-29T18:29:50.0000000",
    "PartyName": "TAS - Warhouse -FOFO",
    "TotalQty": "6.4000",
    "TotalMRPValue": "12582.4000",
    "TotalCost": "5523.2000"
  },
  {
    "ID": "23",
    "InwardNo": "C33GR600013",
    "InwardDate": "2016-07-02T06:09:30.0000000",
    "InvoiceNo": "OCF6000426",
    "InvoiceDate": "2016-06-15T18:29:50.0000000",
    "PartyName": "TAS - Warhouse -FOFO",
    "TotalQty": "248.5000",
    "TotalMRPValue": "268350.0000",
    "TotalCost": "130108.3000"
  },
  {
    "ID": "24",
    "InwardNo": "C33GR600014",
    "InwardDate": "2016-07-02T09:46:14.0000000",
    "InvoiceNo": "BG6IV00125",
    "InvoiceDate": "2016-06-16T18:29:50.0000000",
    "PartyName": "Bangalore WH",
    "TotalQty": "146.0000",
    "TotalMRPValue": "330154.0000",
    "TotalCost": "216937.8942"
  },
  {
    "ID": "25",
    "InwardNo": "C33GR600015",
    "InwardDate": "2016-07-02T09:47:06.9990000",
    "InvoiceNo": "BG6IV00126",
    "InvoiceDate": "2016-06-16T18:29:50.0000000",
    "PartyName": "Bangalore WH",
    "TotalQty": "90.0000",
    "TotalMRPValue": "163710.0000",
    "TotalCost": "107570.6892"
  },
  {
    "ID": "26",
    "InwardNo": "C33GR600016",
    "InwardDate": "2016-07-08T05:41:05.9990000",
    "InvoiceNo": "OCF6000447",
    "InvoiceDate": "2016-06-27T18:29:50.0000000",
    "PartyName": "TAS - Warhouse -FOFO",
    "TotalQty": "85.3000",
    "TotalMRPValue": "107988.8000",
    "TotalCost": "52958.9000"
  },
  {
    "ID": "27",
    "InwardNo": "C33GR600017",
    "InwardDate": "2016-07-13T12:36:29.9990000",
    "InvoiceNo": "OCF6000458",
    "InvoiceDate": "2016-06-29T18:29:50.0000000",
    "PartyName": "TAS - Warhouse -FOFO",
    "TotalQty": "11.7000",
    "TotalMRPValue": "10260.9000",
    "TotalCost": "5031.0000"
  },
  {
    "ID": "28",
    "InwardNo": "C33GR600005",
    "InwardDate": "2016-05-10T06:14:47.0000000",
    "InvoiceNo": "BG6IV00051",
    "InvoiceDate": "2016-04-25T18:29:50.0000000",
    "PartyName": "Bangalore WH",
    "TotalQty": "119.0000",
    "TotalMRPValue": "166681.0000",
    "TotalCost": "109391.2974"
  },
  {
    "ID": "29",
    "InwardNo": "C33GR500012",
    "InwardDate": "2016-03-07T11:09:06.0000000",
    "InvoiceNo": "OCF5002314",
    "InvoiceDate": "2016-02-26T18:29:50.0000000",
    "PartyName": "TAS - Warhouse -FOFO",
    "TotalQty": "27.2000",
    "TotalMRPValue": "40819.2000",
    "TotalCost": "19411.2000"
  },
  {
    "ID": "30",
    "InwardNo": "C33GR500011",
    "InwardDate": "2016-02-17T14:13:47.9990000",
    "InvoiceNo": "BG5IV00060",
    "InvoiceDate": "2016-02-06T18:29:50.0000000",
    "PartyName": "Bangalore WH",
    "TotalQty": "51.0000",
    "TotalMRPValue": "116349.0000",
    "TotalCost": "76450.7646"
  },
  {
    "ID": "31",
    "InwardNo": "C33GR500010",
    "InwardDate": "2016-02-17T14:11:35.0000000",
    "InvoiceNo": "OCF5001950",
    "InvoiceDate": "2016-01-04T18:29:50.0000000",
    "PartyName": "TAS - Warhouse -FOFO",
    "TotalQty": "10.4000",
    "TotalMRPValue": "8798.4000",
    "TotalCost": "4430.4000"
  },
  {
    "ID": "32",
    "InwardNo": "C33GR1800073",
    "InwardDate": "2018-12-31T11:56:35.9990000",
    "InvoiceNo": "TDI1804059",
    "InvoiceDate": "2018-11-16T18:29:50.0000000",
    "PartyName": "DTR - TAS Warehouse",
    "TotalQty": "31.2000",
    "TotalMRPValue": "35802.0000",
    "TotalCost": "17053.4000"
  },
  {
    "ID": "33",
    "InwardNo": "C33GR1800074",
    "InwardDate": "2019-02-28T07:03:39.9990000",
    "InvoiceNo": "TDI1810655",
    "InvoiceDate": "2019-02-12T18:29:50.0000000",
    "PartyName": "DTR - TAS Warehouse",
    "TotalQty": "29.0000",
    "TotalMRPValue": "20055.0000",
    "TotalCost": "5000.0000"
  },
  {
    "ID": "34",
    "InwardNo": "C33GR1800075",
    "InwardDate": "2019-03-25T09:08:13.0000000",
    "InvoiceNo": "D05ST1800001",
    "InvoiceDate": "2019-03-21T18:29:50.0000000",
    "PartyName": "Aprajita Retails - Jamshedpur",
    "TotalQty": "16.0500",
    "TotalMRPValue": "11985.6000",
    "TotalCost": "5396.1660"
  },
  {
    "ID": "35",
    "InwardNo": "C33GR1800076",
    "InwardDate": "2019-03-25T09:09:03.0000000",
    "InvoiceNo": "D05ST1800002",
    "InvoiceDate": "2019-03-21T18:29:50.0000000",
    "PartyName": "Aprajita Retails - Jamshedpur",
    "TotalQty": "60.9900",
    "TotalMRPValue": "42697.2000",
    "TotalCost": "18641.6510"
  },
  {
    "ID": "36",
    "InwardNo": "C33GR1800077",
    "InwardDate": "2019-03-25T09:09:48.0000000",
    "InvoiceNo": "D05ST1800003",
    "InvoiceDate": "2019-03-22T18:29:50.0000000",
    "PartyName": "Aprajita Retails - Jamshedpur",
    "TotalQty": "300.0000",
    "TotalMRPValue": "773400.0000",
    "TotalCost": "455753.5400"
  },
  {
    "ID": "37",
    "InwardNo": "C33GR1800078",
    "InwardDate": "2019-03-25T09:10:10.9990000",
    "InvoiceNo": "D05ST1800004",
    "InvoiceDate": "2019-03-22T18:29:50.0000000",
    "PartyName": "Aprajita Retails - Jamshedpur",
    "TotalQty": "122.0000",
    "TotalMRPValue": "156486.0000",
    "TotalCost": "92229.0900"
  },
  {
    "ID": "38",
    "InwardNo": "C33GR1800079",
    "InwardDate": "2019-03-25T09:10:28.0000000",
    "InvoiceNo": "D05ST1800005",
    "InvoiceDate": "2019-03-22T18:29:50.0000000",
    "PartyName": "Aprajita Retails - Jamshedpur",
    "TotalQty": "81.0000",
    "TotalMRPValue": "179749.0000",
    "TotalCost": "107027.7100"
  },
  {
    "ID": "39",
    "InwardNo": "C33GR1800080",
    "InwardDate": "2019-03-25T09:10:45.0000000",
    "InvoiceNo": "D05ST1800006",
    "InvoiceDate": "2019-03-22T18:29:50.0000000",
    "PartyName": "Aprajita Retails - Jamshedpur",
    "TotalQty": "88.0000",
    "TotalMRPValue": "155962.0000",
    "TotalCost": "95542.6200"
  },
  {
    "ID": "40",
    "InwardNo": "C33GR1800081",
    "InwardDate": "2019-03-25T09:11:04.0000000",
    "InvoiceNo": "D05ST1800007",
    "InvoiceDate": "2019-03-22T18:29:50.0000000",
    "PartyName": "Aprajita Retails - Jamshedpur",
    "TotalQty": "57.0000",
    "TotalMRPValue": "88643.0000",
    "TotalCost": "55086.8700"
  },
  {
    "ID": "41",
    "InwardNo": "C33GR1800082",
    "InwardDate": "2019-03-25T09:11:20.9990000",
    "InvoiceNo": "D05ST1800008",
    "InvoiceDate": "2019-03-22T18:29:50.0000000",
    "PartyName": "Aprajita Retails - Jamshedpur",
    "TotalQty": "799.0000",
    "TotalMRPValue": "1692901.0000",
    "TotalCost": "1039541.3500"
  },
  {
    "ID": "42",
    "InwardNo": "C33GR1800083",
    "InwardDate": "2019-03-25T09:11:46.0000000",
    "InvoiceNo": "D05ST1800009",
    "InvoiceDate": "2019-03-22T18:29:50.0000000",
    "PartyName": "Aprajita Retails - Jamshedpur",
    "TotalQty": "2958.3100",
    "TotalMRPValue": "3766967.1300",
    "TotalCost": "1661411.4450"
  },
  {
    "ID": "43",
    "InwardNo": "C33GR1800084",
    "InwardDate": "2019-03-25T09:12:16.0000000",
    "InvoiceNo": "D05ST1800010",
    "InvoiceDate": "2019-03-22T18:29:50.0000000",
    "PartyName": "Aprajita Retails - Jamshedpur",
    "TotalQty": "51.0000",
    "TotalMRPValue": "6541.0000",
    "TotalCost": "896.0000"
  },
  {
    "ID": "44",
    "InwardNo": "C33GR1900001",
    "InwardDate": "2019-04-20T13:02:53.0000000",
    "InvoiceNo": "FGV572",
    "InvoiceDate": "2019-03-31T18:29:50.0000000",
    "PartyName": "Arvind Limited",
    "TotalQty": "25.0000",
    "TotalMRPValue": "25.0000",
    "TotalCost": "25.0000"
  },
  {
    "ID": "45",
    "InwardNo": "C33GR1900002",
    "InwardDate": "2019-05-24T06:21:48.0000000",
    "InvoiceNo": "OCF9000119A",
    "InvoiceDate": "2019-04-18T18:29:50.0000000",
    "PartyName": "DTR - TAS Warehouse",
    "TotalQty": "20.0000",
    "TotalMRPValue": "25980.0000",
    "TotalCost": "12980.0000"
  },
  {
    "ID": "46",
    "InwardNo": "C33GR2000001",
    "InwardDate": "2021-01-30T05:47:06.0000000",
    "InvoiceNo": "RDD2019233",
    "InvoiceDate": "2021-01-17T18:29:50.0000000",
    "PartyName": "DTR - TAS Warehouse",
    "TotalQty": "381.6000",
    "TotalMRPValue": "443532.0000",
    "TotalCost": "211176.0000"
  },
  {
    "ID": "47",
    "InwardNo": "C33GR2000002",
    "InwardDate": "2021-01-30T05:49:26.0000000",
    "InvoiceNo": "RDD2019234",
    "InvoiceDate": "2021-01-17T18:29:50.0000000",
    "PartyName": "DTR - TAS Warehouse",
    "TotalQty": "145.7000",
    "TotalMRPValue": "181661.1000",
    "TotalCost": "86493.7000"
  },
  {
    "ID": "48",
    "InwardNo": "C33GR2000003",
    "InwardDate": "2021-03-20T06:49:34.0000000",
    "InvoiceNo": "TRI2000121",
    "InvoiceDate": "2021-02-26T18:29:50.0000000",
    "PartyName": "DTR - TAS Warehouse",
    "TotalQty": "265.2000",
    "TotalMRPValue": "307335.6000",
    "TotalCost": "102425.9600"
  },
  {
    "ID": "49",
    "InwardNo": "C33GR2000004",
    "InwardDate": "2021-03-20T06:50:44.0000000",
    "InvoiceNo": "RRI2000334",
    "InvoiceDate": "2021-02-26T18:29:50.0000000",
    "PartyName": "DTR - TAS Warehouse",
    "TotalQty": "277.8000",
    "TotalMRPValue": "230687.6000",
    "TotalCost": "86503.0600"
  },
  {
    "ID": "50",
    "InwardNo": "C33GR500001",
    "InwardDate": "2016-02-16T18:14:04.9990000",
    "InvoiceNo": "DTE5000523",
    "InvoiceDate": "2016-01-24T18:29:50.0000000",
    "PartyName": "TAS RMG Warehouse - Bangalore",
    "TotalQty": "25.0000",
    "TotalMRPValue": "46975.0000",
    "TotalCost": "30261.4000"
  },
  {
    "ID": "51",
    "InwardNo": "C33GR500002",
    "InwardDate": "2016-02-17T13:13:21.0000000",
    "InvoiceNo": "OCF5001799",
    "InvoiceDate": "2015-12-24T18:29:50.0000000",
    "PartyName": "TAS - Warhouse -FOFO",
    "TotalQty": "1466.4000",
    "TotalMRPValue": "1821219.1000",
    "TotalCost": "851856.4500"
  },
  {
    "ID": "52",
    "InwardNo": "C33GR500003",
    "InwardDate": "2016-02-17T13:26:03.0000000",
    "InvoiceNo": "DTE5000505",
    "InvoiceDate": "2015-12-24T18:29:50.0000000",
    "PartyName": "TAS RMG Warehouse - Bangalore",
    "TotalQty": "154.0000",
    "TotalMRPValue": "295346.0000",
    "TotalCost": "190262.5400"
  },
  {
    "ID": "53",
    "InwardNo": "C33GR500004",
    "InwardDate": "2016-02-17T13:39:41.0000000",
    "InvoiceNo": "DTE5000504",
    "InvoiceDate": "2015-12-23T18:29:50.0000000",
    "PartyName": "TAS RMG Warehouse - Bangalore",
    "TotalQty": "212.0000",
    "TotalMRPValue": "426788.0000",
    "TotalCost": "274937.7200"
  },
  {
    "ID": "54",
    "InwardNo": "C33GR500005",
    "InwardDate": "2016-02-17T13:50:34.0000000",
    "InvoiceNo": "DTE5000509",
    "InvoiceDate": "2015-12-24T18:29:50.0000000",
    "PartyName": "TAS RMG Warehouse - Bangalore",
    "TotalQty": "152.0000",
    "TotalMRPValue": "289348.0000",
    "TotalCost": "186398.6200"
  },
  {
    "ID": "55",
    "InwardNo": "C33GR500006",
    "InwardDate": "2016-02-17T13:54:53.0000000",
    "InvoiceNo": "OCF5001800",
    "InvoiceDate": "2015-12-24T18:29:50.0000000",
    "PartyName": "TAS - Warhouse -FOFO",
    "TotalQty": "38.7000",
    "TotalMRPValue": "43143.8000",
    "TotalCost": "20483.5000"
  },
  {
    "ID": "56",
    "InwardNo": "C33GR500007",
    "InwardDate": "2016-02-17T14:03:26.9990000",
    "InvoiceNo": "OCF5001801",
    "InvoiceDate": "2015-12-24T18:29:50.0000000",
    "PartyName": "TAS - Warhouse -FOFO",
    "TotalQty": "2556.9000",
    "TotalMRPValue": "1883631.6000",
    "TotalCost": "894745.9000"
  },
  {
    "ID": "57",
    "InwardNo": "C33GR500008",
    "InwardDate": "2016-02-17T14:06:36.0000000",
    "InvoiceNo": "OCF5002197",
    "InvoiceDate": "2016-02-05T18:29:50.0000000",
    "PartyName": "TAS - Warhouse -FOFO",
    "TotalQty": "48.4000",
    "TotalMRPValue": "20005.6000",
    "TotalCost": "10043.2000"
  },
  {
    "ID": "58",
    "InwardNo": "C33GR500009",
    "InwardDate": "2016-02-17T14:09:21.0000000",
    "InvoiceNo": "OCF5001804",
    "InvoiceDate": "2015-12-24T18:29:50.0000000",
    "PartyName": "TAS - Warhouse -FOFO",
    "TotalQty": "236.6000",
    "TotalMRPValue": "196480.7000",
    "TotalCost": "86619.0000"
  },
  {
    "ID": "59",
    "InwardNo": "C33GR600018",
    "InwardDate": "2016-07-13T12:38:16.0000000",
    "InvoiceNo": "OCF6000466",
    "InvoiceDate": "2016-06-29T18:29:50.0000000",
    "PartyName": "TAS - Warhouse -FOFO",
    "TotalQty": "11.2000",
    "TotalMRPValue": "8500.8000",
    "TotalCost": "3763.2000"
  },
  {
    "ID": "60",
    "InwardNo": "C33GR1800072",
    "InwardDate": "2018-12-31T11:56:09.0000000",
    "InvoiceNo": "TDI1805266",
    "InvoiceDate": "2018-11-29T18:29:50.0000000",
    "PartyName": "DTR - TAS Warehouse",
    "TotalQty": "20.0000",
    "TotalMRPValue": "19980.0000",
    "TotalCost": "1200.0000"
  },
  {
    "ID": "61",
    "InwardNo": "C33GR600019",
    "InwardDate": "2016-07-13T12:40:03.0000000",
    "InvoiceNo": "OCF6000478",
    "InvoiceDate": "2016-06-29T18:29:50.0000000",
    "PartyName": "TAS - Warhouse -FOFO",
    "TotalQty": "10.4000",
    "TotalMRPValue": "13863.2000",
    "TotalCost": "6801.6000"
  },
  {
    "ID": "62",
    "InwardNo": "C33GR600021",
    "InwardDate": "2016-07-19T11:20:44.0000000",
    "InvoiceNo": "BG6IV00132",
    "InvoiceDate": "2016-07-05T18:29:50.0000000",
    "PartyName": "Bangalore WH",
    "TotalQty": "91.0000",
    "TotalMRPValue": "164209.0000",
    "TotalCost": "107898.5682"
  },
  {
    "ID": "63",
    "InwardNo": "C33GR600053",
    "InwardDate": "2016-11-13T12:55:18.0000000",
    "InvoiceNo": "BG6IV00459",
    "InvoiceDate": "2016-10-25T18:29:50.0000000",
    "PartyName": "Bangalore WH",
    "TotalQty": "12.0000",
    "TotalMRPValue": "61388.0000",
    "TotalCost": "40336.8384"
  },
  {
    "ID": "64",
    "InwardNo": "C33GR600054",
    "InwardDate": "2016-11-13T12:56:22.0000000",
    "InvoiceNo": "BG6IV00438",
    "InvoiceDate": "2016-10-21T18:29:50.0000000",
    "PartyName": "Bangalore WH",
    "TotalQty": "23.0000",
    "TotalMRPValue": "58677.0000",
    "TotalCost": "38555.5308"
  },
  {
    "ID": "65",
    "InwardNo": "C33GR600055",
    "InwardDate": "2016-11-19T06:52:34.0000000",
    "InvoiceNo": "BG6IV00472",
    "InvoiceDate": "2016-11-04T18:29:50.0000000",
    "PartyName": "Bangalore WH",
    "TotalQty": "27.0000",
    "TotalMRPValue": "64173.0000",
    "TotalCost": "42166.8510"
  },
  {
    "ID": "66",
    "InwardNo": "C33GR600056",
    "InwardDate": "2016-12-05T08:37:24.0000000",
    "InvoiceNo": "BG6IV00499",
    "InvoiceDate": "2016-11-21T18:29:50.0000000",
    "PartyName": "Bangalore WH",
    "TotalQty": "17.0000",
    "TotalMRPValue": "59183.0000",
    "TotalCost": "38887.9284"
  },
  {
    "ID": "67",
    "InwardNo": "C33GR600057",
    "InwardDate": "2016-12-12T06:53:49.0000000",
    "InvoiceNo": "OCF6001175",
    "InvoiceDate": "2016-11-28T18:29:50.0000000",
    "PartyName": "TAS - Warhouse -FOFO",
    "TotalQty": "18.4000",
    "TotalMRPValue": "21584.0000",
    "TotalCost": "9704.0000"
  },
  {
    "ID": "68",
    "InwardNo": "C33GR600058",
    "InwardDate": "2016-12-12T06:55:09.0000000",
    "InvoiceNo": "OCF6001155",
    "InvoiceDate": "2016-11-24T18:29:50.0000000",
    "PartyName": "TAS - Warhouse -FOFO",
    "TotalQty": "75.1000",
    "TotalMRPValue": "64779.0000",
    "TotalCost": "28593.0000"
  },
  {
    "ID": "69",
    "InwardNo": "C33GR600059",
    "InwardDate": "2016-12-12T06:56:01.9990000",
    "InvoiceNo": "OCF6001153",
    "InvoiceDate": "2016-11-24T18:29:50.0000000",
    "PartyName": "TAS - Warhouse -FOFO",
    "TotalQty": "413.3000",
    "TotalMRPValue": "658378.3000",
    "TotalCost": "293981.9000"
  },
  {
    "ID": "70",
    "InwardNo": "C33GR600060",
    "InwardDate": "2016-12-23T12:21:58.0000000",
    "InvoiceNo": "OCF6001173",
    "InvoiceDate": "2016-11-27T18:29:50.0000000",
    "PartyName": "TAS - Warhouse -FOFO",
    "TotalQty": "26.0000",
    "TotalMRPValue": "27300.0000",
    "TotalCost": "13650.0000"
  },
  {
    "ID": "71",
    "InwardNo": "C33GR600061",
    "InwardDate": "2016-12-23T12:23:24.0000000",
    "InvoiceNo": "OCF6001202",
    "InvoiceDate": "2016-12-02T18:29:50.0000000",
    "PartyName": "TAS - Warhouse -FOFO",
    "TotalQty": "33.8000",
    "TotalMRPValue": "103755.6000",
    "TotalCost": "44868.2000"
  },
  {
    "ID": "72",
    "InwardNo": "C33GR600062",
    "InwardDate": "2017-01-07T07:48:35.0000000",
    "InvoiceNo": "OCF6001218",
    "InvoiceDate": "2016-12-12T18:29:50.0000000",
    "PartyName": "TAS - Warhouse -FOFO",
    "TotalQty": "11.0000",
    "TotalMRPValue": "23887.6000",
    "TotalCost": "10938.4000"
  },
  {
    "ID": "73",
    "InwardNo": "C33GR600063",
    "InwardDate": "2017-01-07T07:49:53.0000000",
    "InvoiceNo": "OCF6001162",
    "InvoiceDate": "2016-11-25T18:29:50.0000000",
    "PartyName": "TAS - Warhouse -FOFO",
    "TotalQty": "6.5000",
    "TotalMRPValue": "13260.0000",
    "TotalCost": "5785.0000"
  },
  {
    "ID": "74",
    "InwardNo": "C33GR600064",
    "InwardDate": "2017-01-07T07:50:40.0000000",
    "InvoiceNo": "OCF6001160",
    "InvoiceDate": "2016-11-24T18:29:50.0000000",
    "PartyName": "TAS - Warhouse -FOFO",
    "TotalQty": "19.5000",
    "TotalMRPValue": "39910.0000",
    "TotalCost": "17494.7500"
  },
  {
    "ID": "75",
    "InwardNo": "C33GR600052",
    "InwardDate": "2016-11-04T09:50:12.0000000",
    "InvoiceNo": "OCF6001037",
    "InvoiceDate": "2016-10-19T18:29:50.0000000",
    "PartyName": "TAS RTS - Warhouse",
    "TotalQty": "90.0000",
    "TotalMRPValue": "13680.0000",
    "TotalCost": "9720.0000"
  },
  {
    "ID": "76",
    "InwardNo": "C33GR600065",
    "InwardDate": "2017-01-27T11:34:05.9990000",
    "InvoiceNo": "OCF6001341",
    "InvoiceDate": "2017-01-09T18:29:50.0000000",
    "PartyName": "TAS - Warhouse -FOFO",
    "TotalQty": "13.0000",
    "TotalMRPValue": "7436.0000",
    "TotalCost": "3653.0000"
  },
  {
    "ID": "77",
    "InwardNo": "C33GR600067",
    "InwardDate": "2017-02-03T09:18:26.9990000",
    "InvoiceNo": "OCF6001326",
    "InvoiceDate": "2017-01-05T18:29:50.0000000",
    "PartyName": "TAS - Warhouse -FOFO",
    "TotalQty": "9.1000",
    "TotalMRPValue": "28018.9000",
    "TotalCost": "12112.1000"
  },
  {
    "ID": "78",
    "InwardNo": "C33GR600068",
    "InwardDate": "2017-02-13T12:27:19.0000000",
    "InvoiceNo": "OCF6001417",
    "InvoiceDate": "2017-01-30T18:29:50.0000000",
    "PartyName": "TAS - Warhouse -FOFO",
    "TotalQty": "147.2000",
    "TotalMRPValue": "165931.2000",
    "TotalCost": "77569.0000"
  },
  {
    "ID": "79",
    "InwardNo": "C33GR600069",
    "InwardDate": "2017-02-22T05:19:41.0000000",
    "InvoiceNo": "OCF6001476",
    "InvoiceDate": "2017-02-08T18:29:50.0000000",
    "PartyName": "TAS - Warhouse -FOFO",
    "TotalQty": "13.0000",
    "TotalMRPValue": "63173.5000",
    "TotalCost": "25970.7500"
  },
  {
    "ID": "80",
    "InwardNo": "C33GR600070",
    "InwardDate": "2017-02-22T05:26:25.0000000",
    "InvoiceNo": "OCF6001474",
    "InvoiceDate": "2017-02-08T18:29:50.0000000",
    "PartyName": "TAS - Warhouse -FOFO",
    "TotalQty": "69.2000",
    "TotalMRPValue": "142865.8000",
    "TotalCost": "62454.0000"
  },
  {
    "ID": "81",
    "InwardNo": "C33GR600071",
    "InwardDate": "2017-02-22T06:45:56.9990000",
    "InvoiceNo": "BG6IV00582",
    "InvoiceDate": "2017-02-07T18:29:50.0000000",
    "PartyName": "Bangalore WH",
    "TotalQty": "230.0000",
    "TotalMRPValue": "444370.0000",
    "TotalCost": "291986.6382"
  },
  {
    "ID": "82",
    "InwardNo": "C33GR600072",
    "InwardDate": "2017-02-28T06:02:47.0000000",
    "InvoiceNo": "OCF6001493",
    "InvoiceDate": "2017-02-12T18:29:50.0000000",
    "PartyName": "TAS - Warhouse -FOFO",
    "TotalQty": "74.7000",
    "TotalMRPValue": "98782.8000",
    "TotalCost": "44706.7000"
  },
  {
    "ID": "83",
    "InwardNo": "C33GR600073",
    "InwardDate": "2017-03-04T05:48:44.0000000",
    "InvoiceNo": "BG6IV00607",
    "InvoiceDate": "2017-02-12T18:29:50.0000000",
    "PartyName": "Bangalore WH",
    "TotalQty": "47.0000",
    "TotalMRPValue": "93953.0000",
    "TotalCost": "61734.6636"
  },
  {
    "ID": "84",
    "InwardNo": "C33GR600074",
    "InwardDate": "2017-03-16T06:18:20.9990000",
    "InvoiceNo": "OCF6001557",
    "InvoiceDate": "2017-02-27T18:29:50.0000000",
    "PartyName": "TAS - Warhouse -FOFO",
    "TotalQty": "64.0000",
    "TotalMRPValue": "37227.2000",
    "TotalCost": "17161.6000"
  },
  {
    "ID": "85",
    "InwardNo": "C33GR600075",
    "InwardDate": "2017-03-16T06:32:30.0000000",
    "InvoiceNo": "OCF6001565",
    "InvoiceDate": "2017-02-28T18:29:50.0000000",
    "PartyName": "TAS - Warhouse -FOFO",
    "TotalQty": "140.8000",
    "TotalMRPValue": "273312.6000",
    "TotalCost": "117882.0000"
  },
  {
    "ID": "86",
    "InwardNo": "C33GR600076",
    "InwardDate": "2017-03-19T07:02:36.0000000",
    "InvoiceNo": "BG6IV00629",
    "InvoiceDate": "2017-03-06T18:29:50.0000000",
    "PartyName": "Bangalore WH",
    "TotalQty": "174.0000",
    "TotalMRPValue": "352826.0000",
    "TotalCost": "231834.9534"
  },
  {
    "ID": "87",
    "InwardNo": "C33GR700001",
    "InwardDate": "2017-04-04T10:56:32.9990000",
    "InvoiceNo": "BG6IV00651",
    "InvoiceDate": "2017-03-23T18:29:50.0000000",
    "PartyName": "Bangalore WH",
    "TotalQty": "38.0000",
    "TotalMRPValue": "83162.0000",
    "TotalCost": "54644.0418"
  },
  {
    "ID": "88",
    "InwardNo": "C33GR700002",
    "InwardDate": "2017-04-14T05:44:46.0000000",
    "InvoiceNo": "OCF7000004",
    "InvoiceDate": "2017-04-03T18:29:50.0000000",
    "PartyName": "TAS - Warhouse -FOFO",
    "TotalQty": "184.1000",
    "TotalMRPValue": "274013.4000",
    "TotalCost": "119641.1000"
  },
  {
    "ID": "89",
    "InwardNo": "C33GR600066",
    "InwardDate": "2017-01-27T11:56:20.0000000",
    "InvoiceNo": "BG6IV00557",
    "InvoiceDate": "2017-01-15T18:29:50.0000000",
    "PartyName": "Bangalore WH",
    "TotalQty": "80.0000",
    "TotalMRPValue": "109020.0000",
    "TotalCost": "71634.8244"
  },
  {
    "ID": "90",
    "InwardNo": "C33GR600051",
    "InwardDate": "2016-10-28T09:21:49.0000000",
    "InvoiceNo": "OCF6000979",
    "InvoiceDate": "2016-10-06T18:29:50.0000000",
    "PartyName": "TAS - Warhouse -FOFO",
    "TotalQty": "400.8000",
    "TotalMRPValue": "476118.2000",
    "TotalCost": "207488.7000"
  },
  {
    "ID": "91",
    "InwardNo": "C33GR600050",
    "InwardDate": "2016-10-27T12:02:24.0000000",
    "InvoiceNo": "BG6IV00418",
    "InvoiceDate": "2016-10-12T18:29:50.0000000",
    "PartyName": "Bangalore WH",
    "TotalQty": "64.0000",
    "TotalMRPValue": "132836.0000",
    "TotalCost": "87284.0316"
  },
  {
    "ID": "92",
    "InwardNo": "C33GR600049",
    "InwardDate": "2016-10-19T12:00:13.0000000",
    "InvoiceNo": "BG6IV00411",
    "InvoiceDate": "2016-10-02T18:29:50.0000000",
    "PartyName": "Bangalore WH",
    "TotalQty": "115.0000",
    "TotalMRPValue": "251185.0000",
    "TotalCost": "165048.8826"
  },
  {
    "ID": "93",
    "InwardNo": "C33GR600022",
    "InwardDate": "2016-07-22T06:30:39.9990000",
    "InvoiceNo": "OCF6000427",
    "InvoiceDate": "2016-06-15T18:29:50.0000000",
    "PartyName": "TAS - Warhouse -FOFO",
    "TotalQty": "83.2000",
    "TotalMRPValue": "119274.4000",
    "TotalCost": "54198.4000"
  },
  {
    "ID": "94",
    "InwardNo": "C33GR600023",
    "InwardDate": "2016-07-26T09:24:01.0000000",
    "InvoiceNo": "BG6IV00162",
    "InvoiceDate": "2016-07-15T18:29:50.0000000",
    "PartyName": "Bangalore WH",
    "TotalQty": "24.0000",
    "TotalMRPValue": "39676.0000",
    "TotalCost": "26070.3228"
  },
  {
    "ID": "95",
    "InwardNo": "C33GR600024",
    "InwardDate": "2016-07-26T10:54:55.9990000",
    "InvoiceNo": "BG6IV00151",
    "InvoiceDate": "2016-07-13T18:29:50.0000000",
    "PartyName": "Bangalore WH",
    "TotalQty": "127.0000",
    "TotalMRPValue": "229973.0000",
    "TotalCost": "151110.8274"
  },
  {
    "ID": "96",
    "InwardNo": "C33GR600025",
    "InwardDate": "2016-08-01T10:35:52.0000000",
    "InvoiceNo": "OCF6000492",
    "InvoiceDate": "2016-07-14T18:29:50.0000000",
    "PartyName": "TAS - Warhouse -FOFO",
    "TotalQty": "84.8000",
    "TotalMRPValue": "68206.4000",
    "TotalCost": "29992.0000"
  },
  {
    "ID": "97",
    "InwardNo": "C33GR600026",
    "InwardDate": "2016-08-01T10:37:18.9990000",
    "InvoiceNo": "OCF6000519",
    "InvoiceDate": "2016-07-19T18:29:50.0000000",
    "PartyName": "TAS - Warhouse -FOFO",
    "TotalQty": "31.5000",
    "TotalMRPValue": "41678.0000",
    "TotalCost": "20413.0000"
  },
  {
    "ID": "98",
    "InwardNo": "C33GR600027",
    "InwardDate": "2016-08-01T10:38:33.0000000",
    "InvoiceNo": "OCF6000502",
    "InvoiceDate": "2016-07-18T18:29:50.0000000",
    "PartyName": "TAS - Warhouse -FOFO",
    "TotalQty": "156.8000",
    "TotalMRPValue": "133683.2000",
    "TotalCost": "59785.6000"
  },
  {
    "ID": "99",
    "InwardNo": "C33GR600028",
    "InwardDate": "2016-08-01T10:39:39.0000000",
    "InvoiceNo": "OCF6000511",
    "InvoiceDate": "2016-07-18T18:29:50.0000000",
    "PartyName": "TAS - Warhouse -FOFO",
    "TotalQty": "352.9000",
    "TotalMRPValue": "276015.2000",
    "TotalCost": "128647.0000"
  },
  {
    "ID": "100",
    "InwardNo": "C33GR600029",
    "InwardDate": "2016-08-05T05:18:26.0000000",
    "InvoiceNo": "OCF6000559",
    "InvoiceDate": "2016-07-25T18:29:50.0000000",
    "PartyName": "TAS - Warhouse -FOFO",
    "TotalQty": "9.6000",
    "TotalMRPValue": "5596.8000",
    "TotalCost": "2736.0000"
  },
  {
    "ID": "101",
    "InwardNo": "C33GR600030",
    "InwardDate": "2016-08-06T12:29:46.9990000",
    "InvoiceNo": "OCF6000572",
    "InvoiceDate": "2016-07-26T18:29:50.0000000",
    "PartyName": "TAS - Warhouse -FOFO",
    "TotalQty": "11.2000",
    "TotalMRPValue": "8500.8000",
    "TotalCost": "3763.2000"
  },
  {
    "ID": "102",
    "InwardNo": "C33GR600031",
    "InwardDate": "2016-08-08T13:20:28.0000000",
    "InvoiceNo": "OCF6000587",
    "InvoiceDate": "2016-07-27T18:29:50.0000000",
    "PartyName": "TAS - Warhouse -FOFO",
    "TotalQty": "20.0000",
    "TotalMRPValue": "23945.6000",
    "TotalCost": "11255.2000"
  },
  {
    "ID": "103",
    "InwardNo": "C33GR600032",
    "InwardDate": "2016-08-10T05:14:49.0000000",
    "InvoiceNo": "BG6IV00203",
    "InvoiceDate": "2016-07-26T18:29:50.0000000",
    "PartyName": "Bangalore WH",
    "TotalQty": "49.0000",
    "TotalMRPValue": "93051.0000",
    "TotalCost": "61142.0334"
  },
  {
    "ID": "104",
    "InwardNo": "C33GR600033",
    "InwardDate": "2016-08-30T10:49:26.0000000",
    "InvoiceNo": "BG6IV00231",
    "InvoiceDate": "2016-08-12T18:29:50.0000000",
    "PartyName": "Bangalore WH",
    "TotalQty": "16.0000",
    "TotalMRPValue": "37084.0000",
    "TotalCost": "24367.2084"
  },
  {
    "ID": "105",
    "InwardNo": "C33GR600034",
    "InwardDate": "2016-08-30T10:50:31.0000000",
    "InvoiceNo": "BG6IV00230",
    "InvoiceDate": "2016-08-12T18:29:50.0000000",
    "PartyName": "Bangalore WH",
    "TotalQty": "27.0000",
    "TotalMRPValue": "63973.0000",
    "TotalCost": "42035.4750"
  },
  {
    "ID": "106",
    "InwardNo": "C33GR600035",
    "InwardDate": "2016-09-01T07:00:59.0000000",
    "InvoiceNo": "OCF6000679",
    "InvoiceDate": "2016-08-20T18:29:50.0000000",
    "PartyName": "TAS - Warhouse -FOFO",
    "TotalQty": "207.0000",
    "TotalMRPValue": "181463.2000",
    "TotalCost": "78992.8000"
  },
  {
    "ID": "107",
    "InwardNo": "C33GR600036",
    "InwardDate": "2016-09-09T13:28:36.0000000",
    "InvoiceNo": "OCF6000780",
    "InvoiceDate": "2016-08-29T18:29:50.0000000",
    "PartyName": "TAS - Warhouse -FOFO",
    "TotalQty": "29.3000",
    "TotalMRPValue": "71986.5000",
    "TotalCost": "33048.8000"
  },
  {
    "ID": "108",
    "InwardNo": "C33GR600037",
    "InwardDate": "2016-09-09T13:29:17.0000000",
    "InvoiceNo": "OCF6000698",
    "InvoiceDate": "2016-08-25T18:29:50.0000000",
    "PartyName": "TAS - Warhouse -FOFO",
    "TotalQty": "186.9000",
    "TotalMRPValue": "328841.5000",
    "TotalCost": "144967.4000"
  },
  {
    "ID": "109",
    "InwardNo": "C33GR600038",
    "InwardDate": "2016-09-10T06:57:57.0000000",
    "InvoiceNo": "BG6IV00279",
    "InvoiceDate": "2016-08-28T18:29:50.0000000",
    "PartyName": "Bangalore WH",
    "TotalQty": "1.0000",
    "TotalMRPValue": "1599.0000",
    "TotalCost": "1050.6714"
  },
  {
    "ID": "110",
    "InwardNo": "C33GR600039",
    "InwardDate": "2016-09-10T06:58:48.9990000",
    "InvoiceNo": "BG6IV00278",
    "InvoiceDate": "2016-08-28T18:29:50.0000000",
    "PartyName": "Bangalore WH",
    "TotalQty": "2.0000",
    "TotalMRPValue": "3998.0000",
    "TotalCost": "2627.0100"
  },
  {
    "ID": "111",
    "InwardNo": "C33GR600040",
    "InwardDate": "2016-09-10T07:00:00.0000000",
    "InvoiceNo": "BG6IV00249",
    "InvoiceDate": "2016-08-18T18:29:50.0000000",
    "PartyName": "Bangalore WH",
    "TotalQty": "13.0000",
    "TotalMRPValue": "27387.0000",
    "TotalCost": "17995.4826"
  },
  {
    "ID": "112",
    "InwardNo": "C33GR600041",
    "InwardDate": "2016-09-10T07:00:36.0000000",
    "InvoiceNo": "BG6IV00277",
    "InvoiceDate": "2016-08-28T18:29:50.0000000",
    "PartyName": "Bangalore WH",
    "TotalQty": "43.0000",
    "TotalMRPValue": "103457.0000",
    "TotalCost": "67979.4912"
  },
  {
    "ID": "113",
    "InwardNo": "C33GR600042",
    "InwardDate": "2016-09-10T07:06:48.0000000",
    "InvoiceNo": "DS02041",
    "InvoiceDate": "2016-09-07T18:29:50.0000000",
    "PartyName": "Khush",
    "TotalQty": "52.0000",
    "TotalMRPValue": "51948.0000",
    "TotalCost": "15600.0000"
  },
  {
    "ID": "114",
    "InwardNo": "C33GR600043",
    "InwardDate": "2016-09-10T07:08:48.0000000",
    "InvoiceNo": "SB4013",
    "InvoiceDate": "2016-09-07T18:29:50.0000000",
    "PartyName": "Safari Industries India Ltd",
    "TotalQty": "5.0000",
    "TotalMRPValue": "27450.0000",
    "TotalCost": "9250.0000"
  },
  {
    "ID": "115",
    "InwardNo": "C33GR600044",
    "InwardDate": "2016-09-26T09:17:58.0000000",
    "InvoiceNo": "OCF6000840",
    "InvoiceDate": "2016-09-11T18:29:50.0000000",
    "PartyName": "TAS - Warhouse -FOFO",
    "TotalQty": "38.4000",
    "TotalMRPValue": "35867.2000",
    "TotalCost": "15523.2000"
  },
  {
    "ID": "116",
    "InwardNo": "C33GR600045",
    "InwardDate": "2016-09-26T10:02:08.0000000",
    "InvoiceNo": "BG6IV00341",
    "InvoiceDate": "2016-09-13T18:29:50.0000000",
    "PartyName": "Bangalore WH",
    "TotalQty": "90.0000",
    "TotalMRPValue": "194710.0000",
    "TotalCost": "127940.2932"
  },
  {
    "ID": "117",
    "InwardNo": "C33GR600046",
    "InwardDate": "2016-10-01T11:05:25.9990000",
    "InvoiceNo": "OCF6000826",
    "InvoiceDate": "2016-09-11T18:29:50.0000000",
    "PartyName": "TAS - Warhouse -FOFO",
    "TotalQty": "31.2000",
    "TotalMRPValue": "29743.2000",
    "TotalCost": "12956.8000"
  },
  {
    "ID": "118",
    "InwardNo": "C33GR600047",
    "InwardDate": "2016-10-05T08:44:27.0000000",
    "InvoiceNo": "BG6IV00369",
    "InvoiceDate": "2016-09-24T18:29:50.0000000",
    "PartyName": "Bangalore WH",
    "TotalQty": "56.0000",
    "TotalMRPValue": "123044.0000",
    "TotalCost": "80849.8614"
  },
  {
    "ID": "119",
    "InwardNo": "C33GR600048",
    "InwardDate": "2016-10-07T07:15:56.0000000",
    "InvoiceNo": "OCF6000931",
    "InvoiceDate": "2016-09-25T18:29:50.0000000",
    "PartyName": "TAS - Warhouse -FOFO",
    "TotalQty": "270.4000",
    "TotalMRPValue": "245187.2000",
    "TotalCost": "115307.2000"
  },
  {
    "ID": "120",
    "InwardNo": "C33GR600020",
    "InwardDate": "2016-07-13T12:42:56.9990000",
    "InvoiceNo": "OCF6000460",
    "InvoiceDate": "2016-06-29T18:29:50.0000000",
    "PartyName": "TAS - Warhouse -FOFO",
    "TotalQty": "33.6000",
    "TotalMRPValue": "25502.4000",
    "TotalCost": "11289.6000"
  },
  {
    "ID": "121",
    "InwardNo": "C33GR700003",
    "InwardDate": "2017-04-25T11:18:51.0000000",
    "InvoiceNo": "OCF7000026",
    "InvoiceDate": "2017-04-12T18:29:50.0000000",
    "PartyName": "TAS - Warhouse -FOFO",
    "TotalQty": "253.8000",
    "TotalMRPValue": "283460.4000",
    "TotalCost": "130530.3000"
  },
  {
    "ID": "122",
    "InwardNo": "C33GR1800071",
    "InwardDate": "2018-12-31T11:55:53.0000000",
    "InvoiceNo": "TDI1805012",
    "InvoiceDate": "2018-11-28T18:29:50.0000000",
    "PartyName": "DTR - TAS Warehouse",
    "TotalQty": "86.4000",
    "TotalMRPValue": "116278.4000",
    "TotalCost": "51193.6000"
  },
  {
    "ID": "123",
    "InwardNo": "C33GR1800069",
    "InwardDate": "2018-12-31T11:55:17.9990000",
    "InvoiceNo": "1805147761",
    "InvoiceDate": "2018-10-09T18:29:50.0000000",
    "PartyName": "Arvind Brands Limited",
    "TotalQty": "26.0000",
    "TotalMRPValue": "63274.0000",
    "TotalCost": "38416.3600"
  },
  {
    "ID": "124",
    "InwardNo": "C33GR1700033",
    "InwardDate": "2018-03-11T11:26:23.0000000",
    "InvoiceNo": "1705150959",
    "InvoiceDate": "2018-02-20T18:29:50.0000000",
    "PartyName": "Arvind Brands Limited",
    "TotalQty": "7.0000",
    "TotalMRPValue": "25193.0000",
    "TotalCost": "15295.7700"
  },
  {
    "ID": "125",
    "InwardNo": "C33GR1700034",
    "InwardDate": "2018-03-11T11:27:25.9990000",
    "InvoiceNo": "1705147567",
    "InvoiceDate": "2018-02-20T18:29:50.0000000",
    "PartyName": "Arvind Brands Limited",
    "TotalQty": "34.0000",
    "TotalMRPValue": "85666.0000",
    "TotalCost": "52497.2600"
  },
  {
    "ID": "126",
    "InwardNo": "C33GR1700035",
    "InwardDate": "2018-03-11T11:28:42.0000000",
    "InvoiceNo": "1705154289",
    "InvoiceDate": "2018-02-26T18:29:50.0000000",
    "PartyName": "Arvind Brands Limited",
    "TotalQty": "55.0000",
    "TotalMRPValue": "157345.0000",
    "TotalCost": "95956.0600"
  },
  {
    "ID": "127",
    "InwardNo": "C33GR1700036",
    "InwardDate": "2018-03-11T11:29:24.0000000",
    "InvoiceNo": "1705152097",
    "InvoiceDate": "2018-02-26T18:29:50.0000000",
    "PartyName": "Arvind Brands Limited",
    "TotalQty": "16.0000",
    "TotalMRPValue": "28784.0000",
    "TotalCost": "17779.3900"
  },
  {
    "ID": "128",
    "InwardNo": "C33GR1700037",
    "InwardDate": "2018-03-11T11:30:30.0000000",
    "InvoiceNo": "1721224010",
    "InvoiceDate": "2018-02-27T18:29:50.0000000",
    "PartyName": "Arvind Brands Limited",
    "TotalQty": "94.0000",
    "TotalMRPValue": "121706.0000",
    "TotalCost": "76076.0800"
  },
  {
    "ID": "129",
    "InwardNo": "C33GR1700038",
    "InwardDate": "2018-03-11T11:30:59.0000000",
    "InvoiceNo": "1721223786",
    "InvoiceDate": "2018-02-26T18:29:50.0000000",
    "PartyName": "Arvind Brands Limited",
    "TotalQty": "19.0000",
    "TotalMRPValue": "40681.0000",
    "TotalCost": "24860.9400"
  },
  {
    "ID": "130",
    "InwardNo": "C33GR1700039",
    "InwardDate": "2018-03-27T06:34:44.0000000",
    "InvoiceNo": "BG7VI00625",
    "InvoiceDate": "2018-03-15T18:29:50.0000000",
    "PartyName": "Bangalore WH",
    "TotalQty": "18.0000",
    "TotalMRPValue": "34182.0000",
    "TotalCost": "20142.9000"
  },
  {
    "ID": "131",
    "InwardNo": "C33GR1700040",
    "InwardDate": "2018-03-27T06:35:43.0000000",
    "InvoiceNo": "BG7VI00626",
    "InvoiceDate": "2018-03-15T18:29:50.0000000",
    "PartyName": "Bangalore WH",
    "TotalQty": "7.0000",
    "TotalMRPValue": "13993.0000",
    "TotalCost": "8245.8600"
  },
  {
    "ID": "132",
    "InwardNo": "C33GR1700041",
    "InwardDate": "2018-03-27T06:36:52.0000000",
    "InvoiceNo": "BG7VI00627",
    "InvoiceDate": "2018-03-15T18:29:50.0000000",
    "PartyName": "Bangalore WH",
    "TotalQty": "42.0000",
    "TotalMRPValue": "92358.0000",
    "TotalCost": "54425.2200"
  },
  {
    "ID": "133",
    "InwardNo": "C33GR1700042",
    "InwardDate": "2018-03-27T06:37:39.0000000",
    "InvoiceNo": "BG7VI00628",
    "InvoiceDate": "2018-03-15T18:29:50.0000000",
    "PartyName": "Bangalore WH",
    "TotalQty": "14.0000",
    "TotalMRPValue": "27986.0000",
    "TotalCost": "16491.7200"
  },
  {
    "ID": "134",
    "InwardNo": "C33GR1700043",
    "InwardDate": "2018-03-27T06:38:26.0000000",
    "InvoiceNo": "BG7VI00629",
    "InvoiceDate": "2018-03-15T18:29:50.0000000",
    "PartyName": "Bangalore WH",
    "TotalQty": "61.0000",
    "TotalMRPValue": "347539.0000",
    "TotalCost": "204799.7100"
  },
  {
    "ID": "135",
    "InwardNo": "C33GR1700044",
    "InwardDate": "2018-03-27T06:39:02.0000000",
    "InvoiceNo": "BG7VI00630",
    "InvoiceDate": "2018-03-15T18:29:50.0000000",
    "PartyName": "Bangalore WH",
    "TotalQty": "16.0000",
    "TotalMRPValue": "106784.0000",
    "TotalCost": "62926.2600"
  },
  {
    "ID": "136",
    "InwardNo": "C33GR1700032",
    "InwardDate": "2018-03-11T11:23:40.9990000",
    "InvoiceNo": "1705149023",
    "InvoiceDate": "2018-02-10T18:29:50.0000000",
    "PartyName": "Arvind Brands Limited",
    "TotalQty": "63.0000",
    "TotalMRPValue": "144537.0000",
    "TotalCost": "87754.7200"
  },
  {
    "ID": "137",
    "InwardNo": "C33GR1700045",
    "InwardDate": "2018-03-27T06:39:44.0000000",
    "InvoiceNo": "BG7VI00631",
    "InvoiceDate": "2018-03-15T18:29:50.0000000",
    "PartyName": "Bangalore WH",
    "TotalQty": "12.0000",
    "TotalMRPValue": "23988.0000",
    "TotalCost": "14135.7600"
  },
  {
    "ID": "138",
    "InwardNo": "C33GR1700047",
    "InwardDate": "2018-03-31T06:43:47.9990000",
    "InvoiceNo": "1705160610",
    "InvoiceDate": "2018-03-20T18:29:50.0000000",
    "PartyName": "Arvind Brands Limited",
    "TotalQty": "15.0000",
    "TotalMRPValue": "31485.0000",
    "TotalCost": "19115.9000"
  },
  {
    "ID": "139",
    "InwardNo": "C33GR1700048",
    "InwardDate": "2018-03-31T06:44:53.0000000",
    "InvoiceNo": "1705160462",
    "InvoiceDate": "2018-03-20T18:29:50.0000000",
    "PartyName": "Arvind Brands Limited",
    "TotalQty": "18.0000",
    "TotalMRPValue": "26982.0000",
    "TotalCost": "17474.0400"
  },
  {
    "ID": "140",
    "InwardNo": "C33GR1700049",
    "InwardDate": "2018-03-31T06:45:48.9990000",
    "InvoiceNo": "1705160319",
    "InvoiceDate": "2018-03-20T18:29:50.0000000",
    "PartyName": "Arvind Brands Limited",
    "TotalQty": "32.0000",
    "TotalMRPValue": "80068.0000",
    "TotalCost": "48612.7700"
  },
  {
    "ID": "141",
    "InwardNo": "C33GR1700050",
    "InwardDate": "2018-03-31T09:52:01.0000000",
    "InvoiceNo": "1721236189",
    "InvoiceDate": "2018-03-22T18:29:50.0000000",
    "PartyName": "Arvind Brands Limited",
    "TotalQty": "6.0000",
    "TotalMRPValue": "4794.0000",
    "TotalCost": "3104.7000"
  },
  {
    "ID": "142",
    "InwardNo": "C33GR1700051",
    "InwardDate": "2018-03-31T09:53:11.0000000",
    "InvoiceNo": "1721232400",
    "InvoiceDate": "2018-03-22T18:29:50.0000000",
    "PartyName": "Arvind Brands Limited",
    "TotalQty": "49.0000",
    "TotalMRPValue": "57351.0000",
    "TotalCost": "35847.1500"
  },
  {
    "ID": "143",
    "InwardNo": "C33GR1800001",
    "InwardDate": "2018-04-07T09:12:46.0000000",
    "InvoiceNo": "FGV130",
    "InvoiceDate": "2018-04-03T18:29:50.0000000",
    "PartyName": "Arvind Limited",
    "TotalQty": "50.0000",
    "TotalMRPValue": "50.0000",
    "TotalCost": "50.0000"
  },
  {
    "ID": "144",
    "InwardNo": "C33GR1800002",
    "InwardDate": "2018-04-10T05:24:48.0000000",
    "InvoiceNo": "BG7VI00756",
    "InvoiceDate": "2018-03-23T18:29:50.0000000",
    "PartyName": "Bangalore WH",
    "TotalQty": "55.0000",
    "TotalMRPValue": "373945.0000",
    "TotalCost": "220360.4700"
  },
  {
    "ID": "145",
    "InwardNo": "C33GR1800003",
    "InwardDate": "2018-04-10T05:25:52.0000000",
    "InvoiceNo": "BG7VI00937",
    "InvoiceDate": "2018-03-27T18:29:50.0000000",
    "PartyName": "Bangalore WH",
    "TotalQty": "31.0000",
    "TotalMRPValue": "119669.0000",
    "TotalCost": "70519.2400"
  },
  {
    "ID": "146",
    "InwardNo": "C33GR1800004",
    "InwardDate": "2018-04-15T13:10:58.0000000",
    "InvoiceNo": "BG8VI00026",
    "InvoiceDate": "2018-04-01T18:29:50.0000000",
    "PartyName": "Bangalore WH",
    "TotalQty": "6.0000",
    "TotalMRPValue": "11394.0000",
    "TotalCost": "6714.3000"
  },
  {
    "ID": "147",
    "InwardNo": "C33GR1800005",
    "InwardDate": "2018-04-19T08:04:25.0000000",
    "InvoiceNo": "BG8VI00074",
    "InvoiceDate": "2018-04-04T18:29:50.0000000",
    "PartyName": "Bangalore WH",
    "TotalQty": "12.0000",
    "TotalMRPValue": "26988.0000",
    "TotalCost": "15903.6600"
  },
  {
    "ID": "148",
    "InwardNo": "C33GR1800006",
    "InwardDate": "2018-04-23T13:03:16.0000000",
    "InvoiceNo": "BG8VI00170",
    "InvoiceDate": "2018-04-10T18:29:50.0000000",
    "PartyName": "Bangalore WH",
    "TotalQty": "8.0000",
    "TotalMRPValue": "15792.0000",
    "TotalCost": "9305.9800"
  },
  {
    "ID": "149",
    "InwardNo": "C33GR1800007",
    "InwardDate": "2018-04-23T13:04:47.0000000",
    "InvoiceNo": "1805102108",
    "InvoiceDate": "2018-04-06T18:29:50.0000000",
    "PartyName": "Arvind Brands Limited",
    "TotalQty": "6.0000",
    "TotalMRPValue": "13394.0000",
    "TotalCost": "8374.9200"
  },
  {
    "ID": "150",
    "InwardNo": "C33GR1700046",
    "InwardDate": "2018-03-31T06:43:01.9990000",
    "InvoiceNo": "1705152627",
    "InvoiceDate": "2018-03-20T18:29:50.0000000",
    "PartyName": "Arvind Brands Limited",
    "TotalQty": "5.0000",
    "TotalMRPValue": "11495.0000",
    "TotalCost": "6979.1000"
  },
  {
    "ID": "151",
    "InwardNo": "C33GR1700031",
    "InwardDate": "2018-03-11T11:22:42.9990000",
    "InvoiceNo": "1705149024",
    "InvoiceDate": "2018-02-10T18:29:50.0000000",
    "PartyName": "Arvind Brands Limited",
    "TotalQty": "139.0000",
    "TotalMRPValue": "296861.0000",
    "TotalCost": "180867.8200"
  },
  {
    "ID": "152",
    "InwardNo": "C33GR1700030",
    "InwardDate": "2018-03-06T05:27:35.9990000",
    "InvoiceNo": "GDS7081995",
    "InvoiceDate": "2018-02-20T18:29:50.0000000",
    "PartyName": "DTR - TAS Warehouse",
    "TotalQty": "22.0000",
    "TotalMRPValue": "23056.0000",
    "TotalCost": "11530.2000"
  },
  {
    "ID": "153",
    "InwardNo": "C33GR1700029",
    "InwardDate": "2018-02-21T08:40:23.0000000",
    "InvoiceNo": "GDS7077343",
    "InvoiceDate": "2018-02-04T18:29:50.0000000",
    "PartyName": "TAS - Warhouse -FOFO",
    "TotalQty": "70.0000",
    "TotalMRPValue": "12756.0000",
    "TotalCost": "10248.0000"
  },
  {
    "ID": "154",
    "InwardNo": "C33GR1700002",
    "InwardDate": "2017-08-22T07:46:29.0000000",
    "InvoiceNo": "GDS7008918",
    "InvoiceDate": "2017-08-02T18:29:50.0000000",
    "PartyName": "TAS - Warhouse -FOFO",
    "TotalQty": "829.7000",
    "TotalMRPValue": "1187139.5000",
    "TotalCost": "514257.6000"
  },
  {
    "ID": "155",
    "InwardNo": "C33GR1700003",
    "InwardDate": "2017-09-02T12:09:00.9990000",
    "InvoiceNo": "SB7023",
    "InvoiceDate": "2017-08-31T18:29:50.0000000",
    "PartyName": "Khush",
    "TotalQty": "8.0000",
    "TotalMRPValue": "8.0000",
    "TotalCost": "8960.2400"
  },
  {
    "ID": "156",
    "InwardNo": "C33GR1700004",
    "InwardDate": "2017-09-02T12:10:07.0000000",
    "InvoiceNo": "DS7023",
    "InvoiceDate": "2017-08-31T18:29:50.0000000",
    "PartyName": "Khush",
    "TotalQty": "60.0000",
    "TotalMRPValue": "60.0000",
    "TotalCost": "23692.2000"
  },
  {
    "ID": "157",
    "InwardNo": "C33GR1700005",
    "InwardDate": "2017-09-14T07:35:17.9990000",
    "InvoiceNo": "GDS7019345",
    "InvoiceDate": "2017-09-03T18:29:50.0000000",
    "PartyName": "TAS - Warhouse -FOFO",
    "TotalQty": "42.1000",
    "TotalMRPValue": "61109.3000",
    "TotalCost": "26869.7200"
  },
  {
    "ID": "158",
    "InwardNo": "C33GR1700006",
    "InwardDate": "2017-09-15T07:31:28.0000000",
    "InvoiceNo": "GDS7019346",
    "InvoiceDate": "2017-09-03T18:29:50.0000000",
    "PartyName": "TAS - Warhouse -FOFO",
    "TotalQty": "30.3000",
    "TotalMRPValue": "104553.1000",
    "TotalCost": "47020.2370"
  },
  {
    "ID": "159",
    "InwardNo": "C33GR1700007",
    "InwardDate": "2017-09-16T15:08:33.0000000",
    "InvoiceNo": "BG7VI00104",
    "InvoiceDate": "2017-09-04T18:29:50.0000000",
    "PartyName": "Bangalore WH",
    "TotalQty": "654.0000",
    "TotalMRPValue": "1546096.0000",
    "TotalCost": "946398.5200"
  },
  {
    "ID": "160",
    "InwardNo": "C33GR1700008",
    "InwardDate": "2017-09-16T15:09:49.0000000",
    "InvoiceNo": "BG7VI00111",
    "InvoiceDate": "2017-09-06T18:29:50.0000000",
    "PartyName": "Bangalore WH",
    "TotalQty": "151.0000",
    "TotalMRPValue": "454999.0000",
    "TotalCost": "277049.9200"
  },
  {
    "ID": "161",
    "InwardNo": "C33GR1700009",
    "InwardDate": "2017-09-24T08:48:33.0000000",
    "InvoiceNo": "BG7VI00173",
    "InvoiceDate": "2017-09-13T18:29:50.0000000",
    "PartyName": "Bangalore WH",
    "TotalQty": "62.0000",
    "TotalMRPValue": "147388.0000",
    "TotalCost": "90284.3500"
  },
  {
    "ID": "162",
    "InwardNo": "C33GR1700010",
    "InwardDate": "2017-10-17T07:49:54.0000000",
    "InvoiceNo": "BG7VI00232",
    "InvoiceDate": "2017-10-04T18:29:50.0000000",
    "PartyName": "Bangalore WH",
    "TotalQty": "68.0000",
    "TotalMRPValue": "238132.0000",
    "TotalCost": "145089.7900"
  },
  {
    "ID": "163",
    "InwardNo": "C33GR1700011",
    "InwardDate": "2017-10-22T07:00:17.0000000",
    "InvoiceNo": "GDS7033389",
    "InvoiceDate": "2017-10-09T18:29:50.0000000",
    "PartyName": "TAS - Warhouse -FOFO",
    "TotalQty": "48.9000",
    "TotalMRPValue": "66301.2000",
    "TotalCost": "29846.9800"
  },
  {
    "ID": "164",
    "InwardNo": "C33GR1700012",
    "InwardDate": "2017-10-31T12:17:58.0000000",
    "InvoiceNo": "BG7VI00265",
    "InvoiceDate": "2017-10-17T18:29:50.0000000",
    "PartyName": "Bangalore WH",
    "TotalQty": "168.0000",
    "TotalMRPValue": "550732.0000",
    "TotalCost": "336039.1900"
  },
  {
    "ID": "165",
    "InwardNo": "C33GR1700013",
    "InwardDate": "2017-11-01T04:54:06.0000000",
    "InvoiceNo": "GDS7034342",
    "InvoiceDate": "2017-10-12T18:29:50.0000000",
    "PartyName": "TAS - Warhouse -FOFO",
    "TotalQty": "129.3500",
    "TotalMRPValue": "119413.1500",
    "TotalCost": "52474.2140"
  },
  {
    "ID": "166",
    "InwardNo": "C33GR1700014",
    "InwardDate": "2017-11-23T07:41:12.0000000",
    "InvoiceNo": "GDS7046025",
    "InvoiceDate": "2017-11-09T18:29:50.0000000",
    "PartyName": "DTR Packed WH",
    "TotalQty": "126.4000",
    "TotalMRPValue": "106564.1000",
    "TotalCost": "49813.7400"
  },
  {
    "ID": "167",
    "InwardNo": "C33GR1700015",
    "InwardDate": "2017-12-04T05:47:30.0000000",
    "InvoiceNo": "GDS7048844",
    "InvoiceDate": "2017-11-20T18:29:50.0000000",
    "PartyName": "DTR - TAS Warehouse",
    "TotalQty": "127.7000",
    "TotalMRPValue": "162761.0000",
    "TotalCost": "82641.1350"
  },
  {
    "ID": "168",
    "InwardNo": "C33GR1700016",
    "InwardDate": "2017-12-06T09:45:16.9990000",
    "InvoiceNo": "BG7VI00332",
    "InvoiceDate": "2017-11-28T18:29:50.0000000",
    "PartyName": "Bangalore WH",
    "TotalQty": "60.0000",
    "TotalMRPValue": "248440.0000",
    "TotalCost": "151020.5300"
  },
  {
    "ID": "169",
    "InwardNo": "C33GR1700017",
    "InwardDate": "2017-12-06T09:46:46.0000000",
    "InvoiceNo": "BG7VI00333",
    "InvoiceDate": "2017-11-28T18:29:50.0000000",
    "PartyName": "Bangalore WH",
    "TotalQty": "35.0000",
    "TotalMRPValue": "191465.0000",
    "TotalCost": "116246.5400"
  },
  {
    "ID": "170",
    "InwardNo": "C33GR1700018",
    "InwardDate": "2017-12-06T09:47:31.0000000",
    "InvoiceNo": "BG7VI00334",
    "InvoiceDate": "2017-11-28T18:29:50.0000000",
    "PartyName": "Bangalore WH",
    "TotalQty": "26.0000",
    "TotalMRPValue": "98074.0000",
    "TotalCost": "59544.8900"
  },
  {
    "ID": "171",
    "InwardNo": "C33GR1700019",
    "InwardDate": "2017-12-06T09:48:01.0000000",
    "InvoiceNo": "BG7VI00335",
    "InvoiceDate": "2017-11-28T18:29:50.0000000",
    "PartyName": "Bangalore WH",
    "TotalQty": "24.0000",
    "TotalMRPValue": "250976.0000",
    "TotalCost": "152378.2900"
  },
  {
    "ID": "172",
    "InwardNo": "C33GR1700020",
    "InwardDate": "2017-12-09T04:58:22.0000000",
    "InvoiceNo": "GDS7048717",
    "InvoiceDate": "2017-11-19T18:29:50.0000000",
    "PartyName": "DTR - TAS Warehouse",
    "TotalQty": "4.5000",
    "TotalMRPValue": "8968.5000",
    "TotalCost": "4484.7000"
  },
  {
    "ID": "173",
    "InwardNo": "C33GR1700021",
    "InwardDate": "2017-12-09T04:58:56.0000000",
    "InvoiceNo": "GDS7048846",
    "InvoiceDate": "2017-11-20T18:29:50.0000000",
    "PartyName": "DTR - TAS Warehouse",
    "TotalQty": "11.2000",
    "TotalMRPValue": "8355.2000",
    "TotalCost": "4176.4800"
  },
  {
    "ID": "174",
    "InwardNo": "C33GR1700022",
    "InwardDate": "2017-12-15T06:14:20.0000000",
    "InvoiceNo": "GDS7055808",
    "InvoiceDate": "2017-11-30T18:29:50.0000000",
    "PartyName": "DTR - TAS Warehouse",
    "TotalQty": "35.6000",
    "TotalMRPValue": "97207.8000",
    "TotalCost": "43490.0400"
  },
  {
    "ID": "175",
    "InwardNo": "C33GR1700023",
    "InwardDate": "2017-12-15T06:15:31.0000000",
    "InvoiceNo": "GDS7055902",
    "InvoiceDate": "2017-12-01T18:29:50.0000000",
    "PartyName": "DTR - TAS Warehouse",
    "TotalQty": "105.3000",
    "TotalMRPValue": "171970.5000",
    "TotalCost": "83260.3200"
  },
  {
    "ID": "176",
    "InwardNo": "C33GR1700024",
    "InwardDate": "2017-12-18T05:55:58.0000000",
    "InvoiceNo": "GDS7056171",
    "InvoiceDate": "2017-12-04T18:29:50.0000000",
    "PartyName": "DTR - TAS Warehouse",
    "TotalQty": "17.1000",
    "TotalMRPValue": "16911.8000",
    "TotalCost": "8456.0100"
  },
  {
    "ID": "177",
    "InwardNo": "C33GR1700025",
    "InwardDate": "2018-01-27T05:56:35.0000000",
    "InvoiceNo": "BG7VI00340",
    "InvoiceDate": "2017-11-29T18:29:50.0000000",
    "PartyName": "Bangalore WH",
    "TotalQty": "100.0000",
    "TotalMRPValue": "100.0000",
    "TotalCost": "58.0000"
  },
  {
    "ID": "178",
    "InwardNo": "C33GR1700026",
    "InwardDate": "2018-01-27T06:04:38.0000000",
    "InvoiceNo": "GDS7057121",
    "InvoiceDate": "2017-12-10T18:29:50.0000000",
    "PartyName": "DTR - TAS Warehouse",
    "TotalQty": "2.2000",
    "TotalMRPValue": "18475.6000",
    "TotalCost": "7390.0200"
  },
  {
    "ID": "179",
    "InwardNo": "C33GR1700027",
    "InwardDate": "2018-02-06T10:26:41.9990000",
    "InvoiceNo": "GDS7069277",
    "InvoiceDate": "2018-01-17T18:29:50.0000000",
    "PartyName": "DTR - TAS Warehouse",
    "TotalQty": "60.3000",
    "TotalMRPValue": "137062.6000",
    "TotalCost": "66330.5100"
  },
  {
    "ID": "180",
    "InwardNo": "C33GR1700028",
    "InwardDate": "2018-02-13T10:07:33.0000000",
    "InvoiceNo": "GDS7076984",
    "InvoiceDate": "2018-01-31T18:29:50.0000000",
    "PartyName": "DTR - TAS Warehouse",
    "TotalQty": "173.9000",
    "TotalMRPValue": "324214.8000",
    "TotalCost": "162116.7900"
  },
  {
    "ID": "181",
    "InwardNo": "C33GR1800008",
    "InwardDate": "2018-04-23T13:05:31.0000000",
    "InvoiceNo": "1805101985",
    "InvoiceDate": "2018-04-06T18:29:50.0000000",
    "PartyName": "Arvind Brands Limited",
    "TotalQty": "5.0000",
    "TotalMRPValue": "6495.0000",
    "TotalCost": "4206.3000"
  },
  {
    "ID": "182",
    "InwardNo": "C33GR1800070",
    "InwardDate": "2018-12-31T11:55:31.0000000",
    "InvoiceNo": "1805147763",
    "InvoiceDate": "2018-10-09T18:29:50.0000000",
    "PartyName": "Arvind Brands Limited",
    "TotalQty": "10.0000",
    "TotalMRPValue": "25490.0000",
    "TotalCost": "15476.1000"
  },
  {
    "ID": "183",
    "InwardNo": "C33GR1800009",
    "InwardDate": "2018-05-02T09:38:02.0000000",
    "InvoiceNo": "BG8VI00200",
    "InvoiceDate": "2018-04-16T18:29:50.0000000",
    "PartyName": "Bangalore WH",
    "TotalQty": "15.0000",
    "TotalMRPValue": "15.0000",
    "TotalCost": "8.7000"
  },
  {
    "ID": "184",
    "InwardNo": "C33GR1800011",
    "InwardDate": "2018-05-07T13:43:54.9990000",
    "InvoiceNo": "BG8VI00286",
    "InvoiceDate": "2018-04-25T18:29:50.0000000",
    "PartyName": "Bangalore WH",
    "TotalQty": "6.0000",
    "TotalMRPValue": "11994.0000",
    "TotalCost": "7067.8800"
  },
  {
    "ID": "185",
    "InwardNo": "C33GR1800043",
    "InwardDate": "2018-11-03T05:21:06.0000000",
    "InvoiceNo": "1821208013",
    "InvoiceDate": "2018-10-19T18:29:50.0000000",
    "PartyName": "Arvind Brands Limited",
    "TotalQty": "14.0000",
    "TotalMRPValue": "33586.0000",
    "TotalCost": "20391.5500"
  },
  {
    "ID": "186",
    "InwardNo": "C33GR1800044",
    "InwardDate": "2018-11-03T06:55:45.0000000",
    "InvoiceNo": "TDI1800016",
    "InvoiceDate": "2018-10-12T18:29:50.0000000",
    "PartyName": "DTR - TAS Warehouse",
    "TotalQty": "96.3000",
    "TotalMRPValue": "107711.0000",
    "TotalCost": "51286.8000"
  },
  {
    "ID": "187",
    "InwardNo": "C33GR1800045",
    "InwardDate": "2018-11-15T12:34:21.0000000",
    "InvoiceNo": "TDI1800872",
    "InvoiceDate": "2018-10-19T18:29:50.0000000",
    "PartyName": "DTR - TAS Warehouse",
    "TotalQty": "10.0000",
    "TotalMRPValue": "9430.0000",
    "TotalCost": "4490.0000"
  },
  {
    "ID": "188",
    "InwardNo": "C33GR1800046",
    "InwardDate": "2018-11-15T12:35:37.0000000",
    "InvoiceNo": "1808123245",
    "InvoiceDate": "2018-10-29T18:29:50.0000000",
    "PartyName": "Arvind Brands Limited",
    "TotalQty": "4.0000",
    "TotalMRPValue": "25996.0000",
    "TotalCost": "14980.7600"
  },
  {
    "ID": "189",
    "InwardNo": "C33GR1800047",
    "InwardDate": "2018-11-19T12:14:37.0000000",
    "InvoiceNo": "TDI1802514",
    "InvoiceDate": "2018-10-30T18:29:50.0000000",
    "PartyName": "DTR - TAS Warehouse",
    "TotalQty": "20.0000",
    "TotalMRPValue": "73460.0000",
    "TotalCost": "34980.0000"
  },
  {
    "ID": "190",
    "InwardNo": "C33GR1800048",
    "InwardDate": "2018-11-19T12:15:16.0000000",
    "InvoiceNo": "TDI1802128",
    "InvoiceDate": "2018-10-28T18:29:50.0000000",
    "PartyName": "DTR - TAS Warehouse",
    "TotalQty": "57.6000",
    "TotalMRPValue": "56390.4000",
    "TotalCost": "26860.8000"
  },
  {
    "ID": "191",
    "InwardNo": "C33GR1800049",
    "InwardDate": "2018-11-19T12:16:07.0000000",
    "InvoiceNo": "TDI1802238",
    "InvoiceDate": "2018-10-28T18:29:50.0000000",
    "PartyName": "DTR - TAS Warehouse",
    "TotalQty": "56.4000",
    "TotalMRPValue": "106738.8000",
    "TotalCost": "43640.4000"
  },
  {
    "ID": "192",
    "InwardNo": "C33GR1800050",
    "InwardDate": "2018-11-19T12:16:59.0000000",
    "InvoiceNo": "1808122575",
    "InvoiceDate": "2018-10-30T18:29:50.0000000",
    "PartyName": "Arvind Brands Limited",
    "TotalQty": "5.0000",
    "TotalMRPValue": "12995.0000",
    "TotalCost": "7889.8200"
  },
  {
    "ID": "193",
    "InwardNo": "C33GR1800051",
    "InwardDate": "2018-11-19T12:17:42.9990000",
    "InvoiceNo": "1808120290",
    "InvoiceDate": "2018-10-30T18:29:50.0000000",
    "PartyName": "Arvind Brands Limited",
    "TotalQty": "4.0000",
    "TotalMRPValue": "23996.0000",
    "TotalCost": "13828.2000"
  },
  {
    "ID": "194",
    "InwardNo": "C33GR1800052",
    "InwardDate": "2018-11-19T12:18:26.9990000",
    "InvoiceNo": "1808124018",
    "InvoiceDate": "2018-10-30T18:29:50.0000000",
    "PartyName": "Arvind Brands Limited",
    "TotalQty": "8.0000",
    "TotalMRPValue": "28792.0000",
    "TotalCost": "17480.8800"
  },
  {
    "ID": "195",
    "InwardNo": "C33GR1800053",
    "InwardDate": "2018-11-24T08:40:59.0000000",
    "InvoiceNo": "TDI1803384",
    "InvoiceDate": "2018-11-11T18:29:50.0000000",
    "PartyName": "DTR - TAS Warehouse",
    "TotalQty": "36.4000",
    "TotalMRPValue": "50580.4000",
    "TotalCost": "23920.6500"
  },
  {
    "ID": "196",
    "InwardNo": "C33GR1800054",
    "InwardDate": "2018-12-04T12:06:05.0000000",
    "InvoiceNo": "TDI1804129",
    "InvoiceDate": "2018-11-18T18:29:50.0000000",
    "PartyName": "DTR - TAS Warehouse",
    "TotalQty": "11.2000",
    "TotalMRPValue": "10561.6000",
    "TotalCost": "5028.8000"
  },
  {
    "ID": "197",
    "InwardNo": "C33GR1800042",
    "InwardDate": "2018-10-31T07:43:27.0000000",
    "InvoiceNo": "1805149702",
    "InvoiceDate": "2018-10-17T18:29:50.0000000",
    "PartyName": "Arvind Brands Limited",
    "TotalQty": "5.0000",
    "TotalMRPValue": "13495.0000",
    "TotalCost": "8193.4000"
  },
  {
    "ID": "198",
    "InwardNo": "C33GR1800055",
    "InwardDate": "2018-12-13T12:09:40.0000000",
    "InvoiceNo": "TDI1804991",
    "InvoiceDate": "2018-11-28T18:29:50.0000000",
    "PartyName": "DTR - TAS Warehouse",
    "TotalQty": "145.2000",
    "TotalMRPValue": "159899.4000",
    "TotalCost": "76152.0000"
  },
  {
    "ID": "199",
    "InwardNo": "C33GR1800057",
    "InwardDate": "2018-12-20T06:09:30.0000000",
    "InvoiceNo": "TDI1805590",
    "InvoiceDate": "2018-12-06T18:29:50.0000000",
    "PartyName": "DTR - TAS Warehouse",
    "TotalQty": "74.1000",
    "TotalMRPValue": "86400.6000",
    "TotalCost": "41125.5000"
  },
  {
    "ID": "200",
    "InwardNo": "C33GR1800058",
    "InwardDate": "2018-12-20T06:10:36.0000000",
    "InvoiceNo": "TDI1805592",
    "InvoiceDate": "2018-12-06T18:29:50.0000000",
    "PartyName": "DTR - TAS Warehouse",
    "TotalQty": "104.0000",
    "TotalMRPValue": "129467.0000",
    "TotalCost": "61646.0000"
  },
  {
    "ID": "201",
    "InwardNo": "C33GR1800059",
    "InwardDate": "2018-12-20T06:11:47.0000000",
    "InvoiceNo": "TDI1805643",
    "InvoiceDate": "2018-12-06T18:29:50.0000000",
    "PartyName": "DTR - TAS Warehouse",
    "TotalQty": "10.4000",
    "TotalMRPValue": "7623.2000",
    "TotalCost": "3629.6000"
  },
  {
    "ID": "202",
    "InwardNo": "C33GR1800060",
    "InwardDate": "2018-12-20T06:44:32.0000000",
    "InvoiceNo": "TDI1805452",
    "InvoiceDate": "2018-12-04T18:29:50.0000000",
    "PartyName": "DTR - TAS Warehouse",
    "TotalQty": "158.6000",
    "TotalMRPValue": "184472.6000",
    "TotalCost": "87837.1000"
  },
  {
    "ID": "203",
    "InwardNo": "C33GR1800061",
    "InwardDate": "2018-12-20T06:45:40.0000000",
    "InvoiceNo": "TDI1805451",
    "InvoiceDate": "2018-12-04T18:29:50.0000000",
    "PartyName": "DTR - TAS Warehouse",
    "TotalQty": "185.9000",
    "TotalMRPValue": "159268.2000",
    "TotalCost": "75838.1000"
  },
  {
    "ID": "204",
    "InwardNo": "C33GR1800062",
    "InwardDate": "2018-12-20T06:46:22.0000000",
    "InvoiceNo": "TDI1805453",
    "InvoiceDate": "2018-12-04T18:29:50.0000000",
    "PartyName": "DTR - TAS Warehouse",
    "TotalQty": "52.0000",
    "TotalMRPValue": "62686.0000",
    "TotalCost": "29848.0000"
  },
  {
    "ID": "205",
    "InwardNo": "C33GR1800063",
    "InwardDate": "2018-12-20T11:56:33.0000000",
    "InvoiceNo": "TDI1805328",
    "InvoiceDate": "2018-12-02T18:29:50.0000000",
    "PartyName": "DTR - TAS Warehouse",
    "TotalQty": "19.5000",
    "TotalMRPValue": "68211.0000",
    "TotalCost": "29232.4500"
  },
  {
    "ID": "206",
    "InwardNo": "C33GR1800064",
    "InwardDate": "2018-12-20T12:01:43.0000000",
    "InvoiceNo": "TDI1803949",
    "InvoiceDate": "2018-11-16T18:29:50.0000000",
    "PartyName": "DTR - TAS Warehouse",
    "TotalQty": "2.0000",
    "TotalMRPValue": "11966.0000",
    "TotalCost": "5698.0000"
  },
  {
    "ID": "207",
    "InwardNo": "C33GR1800065",
    "InwardDate": "2018-12-20T12:03:27.0000000",
    "InvoiceNo": "TDI1803761",
    "InvoiceDate": "2018-11-14T18:29:50.0000000",
    "PartyName": "DTR - TAS Warehouse",
    "TotalQty": "224.4000",
    "TotalMRPValue": "233872.9000",
    "TotalCost": "111355.8000"
  },
  {
    "ID": "208",
    "InwardNo": "C33GR1800066",
    "InwardDate": "2018-12-20T12:10:20.0000000",
    "InvoiceNo": "TDI1803807",
    "InvoiceDate": "2018-11-15T18:29:50.0000000",
    "PartyName": "DTR - TAS Warehouse",
    "TotalQty": "7.0000",
    "TotalMRPValue": "16520.0000",
    "TotalCost": "6293.0000"
  },
  {
    "ID": "209",
    "InwardNo": "C33GR1800067",
    "InwardDate": "2018-12-20T12:11:09.0000000",
    "InvoiceNo": "TDI1803880",
    "InvoiceDate": "2018-11-15T18:29:50.0000000",
    "PartyName": "DTR - TAS Warehouse",
    "TotalQty": "2.2500",
    "TotalMRPValue": "16533.0000",
    "TotalCost": "7872.7500"
  },
  {
    "ID": "210",
    "InwardNo": "C33GR1800068",
    "InwardDate": "2018-12-31T11:54:55.0000000",
    "InvoiceNo": "1805147764",
    "InvoiceDate": "2018-10-09T18:29:50.0000000",
    "PartyName": "Arvind Brands Limited",
    "TotalQty": "14.0000",
    "TotalMRPValue": "30386.0000",
    "TotalCost": "18448.6800"
  },
  {
    "ID": "211",
    "InwardNo": "C33GR1800056",
    "InwardDate": "2018-12-13T12:10:39.0000000",
    "InvoiceNo": "TDI1805267",
    "InvoiceDate": "2018-11-29T18:29:50.0000000",
    "PartyName": "DTR - TAS Warehouse",
    "TotalQty": "20.0000",
    "TotalMRPValue": "19980.0000",
    "TotalCost": "1200.0000"
  },
  {
    "ID": "212",
    "InwardNo": "C33GR1800041",
    "InwardDate": "2018-10-31T07:41:39.0000000",
    "InvoiceNo": "1805149676",
    "InvoiceDate": "2018-10-17T18:29:50.0000000",
    "PartyName": "Arvind Brands Limited",
    "TotalQty": "10.0000",
    "TotalMRPValue": "24990.0000",
    "TotalCost": "15172.5000"
  },
  {
    "ID": "213",
    "InwardNo": "C33GR1800040",
    "InwardDate": "2018-10-31T07:40:36.0000000",
    "InvoiceNo": "1821207032",
    "InvoiceDate": "2018-10-17T18:29:50.0000000",
    "PartyName": "Arvind Brands Limited",
    "TotalQty": "21.0000",
    "TotalMRPValue": "55279.0000",
    "TotalCost": "33562.3300"
  },
  {
    "ID": "214",
    "InwardNo": "C33GR1800039",
    "InwardDate": "2018-10-23T07:59:32.0000000",
    "InvoiceNo": "1805146379",
    "InvoiceDate": "2018-10-09T18:29:50.0000000",
    "PartyName": "Arvind Brands Limited",
    "TotalQty": "20.0000",
    "TotalMRPValue": "39480.0000",
    "TotalCost": "23970.0000"
  },
  {
    "ID": "215",
    "InwardNo": "C33GR1800012",
    "InwardDate": "2018-05-11T06:11:45.0000000",
    "InvoiceNo": "OSF8001298",
    "InvoiceDate": "2018-04-24T18:29:50.0000000",
    "PartyName": "DTR - TAS Warehouse",
    "TotalQty": "63.6000",
    "TotalMRPValue": "66652.8000",
    "TotalCost": "31736.4000"
  },
  {
    "ID": "216",
    "InwardNo": "C33GR1800013",
    "InwardDate": "2018-05-11T06:12:49.9990000",
    "InvoiceNo": "OSF8001300",
    "InvoiceDate": "2018-04-24T18:29:50.0000000",
    "PartyName": "DTR - TAS Warehouse",
    "TotalQty": "257.6000",
    "TotalMRPValue": "240616.7000",
    "TotalCost": "115084.9000"
  },
  {
    "ID": "217",
    "InwardNo": "C33GR1800014",
    "InwardDate": "2018-05-11T06:13:38.0000000",
    "InvoiceNo": "OSF8001331",
    "InvoiceDate": "2018-04-25T18:29:50.0000000",
    "PartyName": "DTR - TAS Warehouse",
    "TotalQty": "107.2000",
    "TotalMRPValue": "109033.6000",
    "TotalCost": "51940.8000"
  },
  {
    "ID": "218",
    "InwardNo": "C33GR1800015",
    "InwardDate": "2018-05-12T09:03:34.0000000",
    "InvoiceNo": "1805107886",
    "InvoiceDate": "2018-04-29T18:29:50.0000000",
    "PartyName": "Arvind Brands Limited",
    "TotalQty": "12.0000",
    "TotalMRPValue": "21588.0000",
    "TotalCost": "13107.0000"
  },
  {
    "ID": "219",
    "InwardNo": "C33GR1800016",
    "InwardDate": "2018-05-12T09:04:29.0000000",
    "InvoiceNo": "1805106988",
    "InvoiceDate": "2018-04-29T18:29:50.0000000",
    "PartyName": "Arvind Brands Limited",
    "TotalQty": "20.0000",
    "TotalMRPValue": "48380.0000",
    "TotalCost": "29373.6400"
  },
  {
    "ID": "220",
    "InwardNo": "C33GR1800017",
    "InwardDate": "2018-05-12T09:04:58.0000000",
    "InvoiceNo": "1805108302",
    "InvoiceDate": "2018-04-29T18:29:50.0000000",
    "PartyName": "Arvind Brands Limited",
    "TotalQty": "5.0000",
    "TotalMRPValue": "12495.0000",
    "TotalCost": "7586.2500"
  },
  {
    "ID": "221",
    "InwardNo": "C33GR1800018",
    "InwardDate": "2018-05-12T11:50:27.0000000",
    "InvoiceNo": "OSF8001642",
    "InvoiceDate": "2018-04-29T18:29:50.0000000",
    "PartyName": "DTR - TAS Warehouse",
    "TotalQty": "51.2000",
    "TotalMRPValue": "25976.0000",
    "TotalCost": "12644.8000"
  },
  {
    "ID": "222",
    "InwardNo": "C33GR1800019",
    "InwardDate": "2018-05-24T07:47:31.0000000",
    "InvoiceNo": "OSF8001924",
    "InvoiceDate": "2018-05-03T18:29:50.0000000",
    "PartyName": "DTR - TAS Warehouse",
    "TotalQty": "54.4000",
    "TotalMRPValue": "59545.6000",
    "TotalCost": "28355.2000"
  },
  {
    "ID": "223",
    "InwardNo": "C33GR1800020",
    "InwardDate": "2018-07-19T11:54:21.0000000",
    "InvoiceNo": "BG8VI00502",
    "InvoiceDate": "2018-07-04T18:29:50.0000000",
    "PartyName": "Bangalore WH",
    "TotalQty": "35.0000",
    "TotalMRPValue": "82365.0000",
    "TotalCost": "48536.5300"
  },
  {
    "ID": "224",
    "InwardNo": "C33GR1800021",
    "InwardDate": "2018-07-31T06:28:37.0000000",
    "InvoiceNo": "BG8VI00591",
    "InvoiceDate": "2018-07-12T18:29:50.0000000",
    "PartyName": "Bangalore WH",
    "TotalQty": "54.0000",
    "TotalMRPValue": "113046.0000",
    "TotalCost": "66616.3500"
  },
  {
    "ID": "225",
    "InwardNo": "C33GR1800022",
    "InwardDate": "2018-08-23T07:40:34.9990000",
    "InvoiceNo": "BG8VI00753",
    "InvoiceDate": "2018-08-03T18:29:50.0000000",
    "PartyName": "Bangalore WH",
    "TotalQty": "12.0000",
    "TotalMRPValue": "27588.0000",
    "TotalCost": "16257.2400"
  },
  {
    "ID": "226",
    "InwardNo": "C33GR1800023",
    "InwardDate": "2018-08-23T07:41:20.9990000",
    "InvoiceNo": "BG8VI00708",
    "InvoiceDate": "2018-08-02T18:29:50.0000000",
    "PartyName": "Bangalore WH",
    "TotalQty": "39.0000",
    "TotalMRPValue": "90861.0000",
    "TotalCost": "53543.1900"
  },
  {
    "ID": "227",
    "InwardNo": "C33GR1800024",
    "InwardDate": "2018-08-23T07:42:14.0000000",
    "InvoiceNo": "BG8VI00820",
    "InvoiceDate": "2018-08-09T18:29:50.0000000",
    "PartyName": "Bangalore WH",
    "TotalQty": "60.0000",
    "TotalMRPValue": "230940.0000",
    "TotalCost": "136089.7800"
  },
  {
    "ID": "228",
    "InwardNo": "C33GR1800025",
    "InwardDate": "2018-08-23T07:43:05.0000000",
    "InvoiceNo": "BG8VI00802",
    "InvoiceDate": "2018-08-09T18:29:50.0000000",
    "PartyName": "Bangalore WH",
    "TotalQty": "12.0000",
    "TotalMRPValue": "12.0000",
    "TotalCost": "10.2000"
  },
  {
    "ID": "229",
    "InwardNo": "C33GR1800026",
    "InwardDate": "2018-09-03T09:05:28.0000000",
    "InvoiceNo": "BG8VI00946",
    "InvoiceDate": "2018-08-19T18:29:50.0000000",
    "PartyName": "Bangalore WH",
    "TotalQty": "19.0000",
    "TotalMRPValue": "40681.0000",
    "TotalCost": "23972.7300"
  },
  {
    "ID": "230",
    "InwardNo": "C33GR1800027",
    "InwardDate": "2018-09-03T09:06:20.0000000",
    "InvoiceNo": "BG8VI00988",
    "InvoiceDate": "2018-08-24T18:29:50.0000000",
    "PartyName": "Bangalore WH",
    "TotalQty": "15.0000",
    "TotalMRPValue": "35985.0000",
    "TotalCost": "21205.4500"
  },
  {
    "ID": "231",
    "InwardNo": "C33GR1800028",
    "InwardDate": "2018-09-03T09:17:45.0000000",
    "InvoiceNo": "BG8VI01017",
    "InvoiceDate": "2018-08-24T18:29:50.0000000",
    "PartyName": "Bangalore WH",
    "TotalQty": "14.0000",
    "TotalMRPValue": "34986.0000",
    "TotalCost": "20616.8200"
  },
  {
    "ID": "232",
    "InwardNo": "C33GR1800029",
    "InwardDate": "2018-09-16T12:52:10.9990000",
    "InvoiceNo": "BG8VI01062",
    "InvoiceDate": "2018-09-02T18:29:50.0000000",
    "PartyName": "Bangalore WH",
    "TotalQty": "81.0000",
    "TotalMRPValue": "208819.0000",
    "TotalCost": "123054.1500"
  },
  {
    "ID": "233",
    "InwardNo": "C33GR1800030",
    "InwardDate": "2018-09-16T12:55:54.9990000",
    "InvoiceNo": "BG8VI01095",
    "InvoiceDate": "2018-09-03T18:29:50.0000000",
    "PartyName": "Bangalore WH",
    "TotalQty": "8.0000",
    "TotalMRPValue": "8.0000",
    "TotalCost": "6.8000"
  },
  {
    "ID": "234",
    "InwardNo": "C33GR1800031",
    "InwardDate": "2018-09-16T12:57:06.0000000",
    "InvoiceNo": "BG8VI01153",
    "InvoiceDate": "2018-09-04T18:29:50.0000000",
    "PartyName": "Bangalore WH",
    "TotalQty": "17.0000",
    "TotalMRPValue": "40383.0000",
    "TotalCost": "23797.1300"
  },
  {
    "ID": "235",
    "InwardNo": "C33GR1800032",
    "InwardDate": "2018-09-27T14:15:17.9990000",
    "InvoiceNo": "WA02100",
    "InvoiceDate": "2018-09-14T18:29:50.0000000",
    "PartyName": "Arvind Limited",
    "TotalQty": "10.0000",
    "TotalMRPValue": "12990.0000",
    "TotalCost": "1700.0000"
  },
  {
    "ID": "236",
    "InwardNo": "C33GR1800033",
    "InwardDate": "2018-09-27T14:31:29.0000000",
    "InvoiceNo": "FGV251",
    "InvoiceDate": "2018-09-14T18:29:50.0000000",
    "PartyName": "Arvind Limited",
    "TotalQty": "45.0000",
    "TotalMRPValue": "45.0000",
    "TotalCost": "45.0000"
  },
  {
    "ID": "237",
    "InwardNo": "C33GR1800034",
    "InwardDate": "2018-10-23T07:51:55.9990000",
    "InvoiceNo": "1805147677",
    "InvoiceDate": "2018-10-09T18:29:50.0000000",
    "PartyName": "Arvind Brands Limited",
    "TotalQty": "15.0000",
    "TotalMRPValue": "47485.0000",
    "TotalCost": "28830.2000"
  },
  {
    "ID": "238",
    "InwardNo": "C33GR1800035",
    "InwardDate": "2018-10-23T07:53:30.0000000",
    "InvoiceNo": "1805147680",
    "InvoiceDate": "2018-10-09T18:29:50.0000000",
    "PartyName": "Arvind Brands Limited",
    "TotalQty": "5.0000",
    "TotalMRPValue": "14995.0000",
    "TotalCost": "9104.1000"
  },
  {
    "ID": "239",
    "InwardNo": "C33GR1800036",
    "InwardDate": "2018-10-23T07:54:06.0000000",
    "InvoiceNo": "1805147762",
    "InvoiceDate": "2018-10-09T18:29:50.0000000",
    "PartyName": "Arvind Brands Limited",
    "TotalQty": "10.0000",
    "TotalMRPValue": "27990.0000",
    "TotalCost": "16993.9500"
  },
  {
    "ID": "240",
    "InwardNo": "C33GR1800037",
    "InwardDate": "2018-10-23T07:55:01.0000000",
    "InvoiceNo": "1805147679",
    "InvoiceDate": "2018-10-09T18:29:50.0000000",
    "PartyName": "Arvind Brands Limited",
    "TotalQty": "5.0000",
    "TotalMRPValue": "5995.0000",
    "TotalCost": "3882.4700"
  },
  {
    "ID": "241",
    "InwardNo": "C33GR1800038",
    "InwardDate": "2018-10-23T07:58:42.0000000",
    "InvoiceNo": "1805147678",
    "InvoiceDate": "2018-10-09T18:29:50.0000000",
    "PartyName": "Arvind Brands Limited",
    "TotalQty": "18.0000",
    "TotalMRPValue": "38382.0000",
    "TotalCost": "23546.0500"
  },
  {
    "ID": "242",
    "InwardNo": "C33GR1800010",
    "InwardDate": "2018-05-02T09:38:55.9990000",
    "InvoiceNo": "BG8VI00208",
    "InvoiceDate": "2018-04-16T18:29:50.0000000",
    "PartyName": "Bangalore WH",
    "TotalQty": "37.0000",
    "TotalMRPValue": "76963.0000",
    "TotalCost": "45353.1600"
  },
  {
    "ID": "243",
    "InwardNo": "C33GR700004",
    "InwardDate": "2017-04-26T08:20:46.0000000",
    "InvoiceNo": "BG7IV00017",
    "InvoiceDate": "2017-04-11T18:29:50.0000000",
    "PartyName": "Bangalore WH",
    "TotalQty": "68.0000",
    "TotalMRPValue": "140332.0000",
    "TotalCost": "92209.3872"
  }
]