[
  {
    "PaymentId": "1",
    "PartyName": "MBenz Loan GLE 350D",
    "PaymentSlipNo": "BIL/NEFT/002082459179/",
    "UserId": "AmitKumar",
    "EntryStatus": "0",
    "IsReadOnly": "True",
    "StoreId": "1",
    "OnDate": "2020-09-25T00:00:00.0000000",
    "PayMode": "3",
    "BankAccountId": null,
    "PaymentDetails": "BIL/NEFT/002082459179/",
    "Amount": "103000.0000",
    "Remarks": "BIL/NEFT/002082459179/ ICICI 2791",
    "PartyId": null,
    "LedgerEnteryId": null,
    "IsCash": "False",
    "IsOn": "True",
    "IsDyn": "False",
    "LedgerEntryId": null
  },
  {
    "PaymentId": "2",
    "PartyName": "WorkShop",
    "PaymentSlipNo": "",
    "UserId": "AmitKumar",
    "EntryStatus": "0",
    "IsReadOnly": "True",
    "StoreId": "1",
    "OnDate": "2019-04-15T00:00:00.0000000",
    "PayMode": "0",
    "BankAccountId": null,
    "PaymentDetails": "workshop rent",
    "Amount": "16500.0000",
    "Remarks": "workshope rent (Jan+Feb)",
    "PartyId": null,
    "LedgerEnteryId": null,
    "IsCash": "False",
    "IsOn": "True",
    "IsDyn": "False",
    "LedgerEntryId": null
  },
  {
    "PaymentId": "3",
    "PartyName": "WorkShop",
    "PaymentSlipNo": "",
    "UserId": "AmitKumar",
    "EntryStatus": "0",
    "IsReadOnly": "True",
    "StoreId": "1",
    "OnDate": "2019-04-26T00:00:00.0000000",
    "PayMode": "0",
    "BankAccountId": null,
    "PaymentDetails": "workshop rent",
    "Amount": "17000.0000",
    "Remarks": "workshope rent (mar+apr)",
    "PartyId": null,
    "LedgerEnteryId": null,
    "IsCash": "False",
    "IsOn": "True",
    "IsDyn": "False",
    "LedgerEntryId": null
  },
  {
    "PaymentId": "4",
    "PartyName": "WorkShop",
    "PaymentSlipNo": "640",
    "UserId": "AlokKumar",
    "EntryStatus": "0",
    "IsReadOnly": "True",
    "StoreId": "1",
    "OnDate": "2019-05-21T00:00:00.0000000",
    "PayMode": "0",
    "BankAccountId": null,
    "PaymentDetails": "WorkShop Eletricity Bill",
    "Amount": "2075.0000",
    "Remarks": "E. bill ( workshope) 2019",
    "PartyId": null,
    "LedgerEnteryId": null,
    "IsCash": "False",
    "IsOn": "True",
    "IsDyn": "False",
    "LedgerEntryId": null
  },
  {
    "PaymentId": "5",
    "PartyName": "WorkShop",
    "PaymentSlipNo": "659",
    "UserId": "AlokKumar",
    "EntryStatus": "0",
    "IsReadOnly": "True",
    "StoreId": "1",
    "OnDate": "2019-06-21T00:00:00.0000000",
    "PayMode": "0",
    "BankAccountId": null,
    "PaymentDetails": "WorkShop Eletricity Bill",
    "Amount": "1250.0000",
    "Remarks": "E. bill ( workshope) 2019",
    "PartyId": null,
    "LedgerEnteryId": null,
    "IsCash": "False",
    "IsOn": "True",
    "IsDyn": "False",
    "LedgerEntryId": null
  },
  {
    "PaymentId": "6",
    "PartyName": "basant coffee",
    "PaymentSlipNo": "671",
    "UserId": "AlokKumar",
    "EntryStatus": "0",
    "IsReadOnly": "True",
    "StoreId": "1",
    "OnDate": "2019-07-06T00:00:00.0000000",
    "PayMode": "0",
    "BankAccountId": null,
    "PaymentDetails": "basant coffee",
    "Amount": "10000.0000",
    "Remarks": "coffee + water",
    "PartyId": null,
    "LedgerEnteryId": null,
    "IsCash": "False",
    "IsOn": "True",
    "IsDyn": "False",
    "LedgerEntryId": null
  },
  {
    "PaymentId": "7",
    "PartyName": "WorkShop",
    "PaymentSlipNo": "680",
    "UserId": "AlokKumar",
    "EntryStatus": "0",
    "IsReadOnly": "True",
    "StoreId": "1",
    "OnDate": "2019-07-22T00:00:00.0000000",
    "PayMode": "0",
    "BankAccountId": null,
    "PaymentDetails": "WorkShop Eletricity Bill",
    "Amount": "1610.0000",
    "Remarks": "E. bill ( workshope) 2019",
    "PartyId": null,
    "LedgerEnteryId": null,
    "IsCash": "False",
    "IsOn": "True",
    "IsDyn": "False",
    "LedgerEntryId": null
  },
  {
    "PaymentId": "8",
    "PartyName": "WorkShop",
    "PaymentSlipNo": "",
    "UserId": "AmitKumar",
    "EntryStatus": "0",
    "IsReadOnly": "True",
    "StoreId": "1",
    "OnDate": "2019-09-23T00:00:00.0000000",
    "PayMode": "0",
    "BankAccountId": null,
    "PaymentDetails": "workshop rent",
    "Amount": "17000.0000",
    "Remarks": "workshope rent(may+june)",
    "PartyId": null,
    "LedgerEnteryId": null,
    "IsCash": "False",
    "IsOn": "True",
    "IsDyn": "False",
    "LedgerEntryId": null
  },
  {
    "PaymentId": "9",
    "PartyName": "WorkShop",
    "PaymentSlipNo": "",
    "UserId": "AmitKumar",
    "EntryStatus": "0",
    "IsReadOnly": "True",
    "StoreId": "1",
    "OnDate": "2019-11-12T00:00:00.0000000",
    "PayMode": "0",
    "BankAccountId": null,
    "PaymentDetails": "workshop rent",
    "Amount": "17000.0000",
    "Remarks": "workshope rent (july+aug)",
    "PartyId": null,
    "LedgerEnteryId": null,
    "IsCash": "False",
    "IsOn": "True",
    "IsDyn": "False",
    "LedgerEntryId": null
  },
  {
    "PaymentId": "10",
    "PartyName": "BABA  FLOWER NUSSARY",
    "PaymentSlipNo": "863",
    "UserId": "AlokKumar",
    "EntryStatus": "0",
    "IsReadOnly": "True",
    "StoreId": "1",
    "OnDate": "2019-11-13T00:00:00.0000000",
    "PayMode": "0",
    "BankAccountId": null,
    "PaymentDetails": "DIWALI DECORATION",
    "Amount": "1500.0000",
    "Remarks": "diwali decoration",
    "PartyId": null,
    "LedgerEnteryId": null,
    "IsCash": "False",
    "IsOn": "True",
    "IsDyn": "False",
    "LedgerEntryId": null
  },
  {
    "PaymentId": "11",
    "PartyName": "WorkShop",
    "PaymentSlipNo": "871",
    "UserId": "AlokKumar",
    "EntryStatus": "0",
    "IsReadOnly": "True",
    "StoreId": "1",
    "OnDate": "2019-11-25T00:00:00.0000000",
    "PayMode": "0",
    "BankAccountId": null,
    "PaymentDetails": "WorkShop Eletricity Bill",
    "Amount": "28250.0000",
    "Remarks": "workshope rent + e-bill",
    "PartyId": null,
    "LedgerEnteryId": null,
    "IsCash": "False",
    "IsOn": "True",
    "IsDyn": "False",
    "LedgerEntryId": null
  },
  {
    "PaymentId": "12",
    "PartyName": "WorkShop",
    "PaymentSlipNo": null,
    "UserId": "Admin",
    "EntryStatus": "0",
    "IsReadOnly": "False",
    "StoreId": "1",
    "OnDate": "2019-11-25T00:00:00.0000000",
    "PayMode": "0",
    "BankAccountId": null,
    "PaymentDetails": "workshop rent",
    "Amount": "28250.0000",
    "Remarks": "workshope rent(sep+oct+nov)",
    "PartyId": "21",
    "LedgerEnteryId": null,
    "IsCash": "False",
    "IsOn": null,
    "IsDyn": "False",
    "LedgerEntryId": null
  },
  {
    "PaymentId": "13",
    "PartyName": "LAXMAN PANDIT",
    "PaymentSlipNo": "",
    "UserId": "AlokKumar",
    "EntryStatus": "0",
    "IsReadOnly": "True",
    "StoreId": "1",
    "OnDate": "2019-12-01T00:00:00.0000000",
    "PayMode": "0",
    "BankAccountId": null,
    "PaymentDetails": "CASH",
    "Amount": "100000.0000",
    "Remarks": "",
    "PartyId": null,
    "LedgerEnteryId": null,
    "IsCash": "False",
    "IsOn": "True",
    "IsDyn": "False",
    "LedgerEntryId": null
  },
  {
    "PaymentId": "14",
    "PartyName": "daimler financial services pvt.ltd",
    "PaymentSlipNo": "",
    "UserId": "AlokKumar",
    "EntryStatus": "0",
    "IsReadOnly": "True",
    "StoreId": "1",
    "OnDate": "2019-12-07T00:00:00.0000000",
    "PayMode": "3",
    "BankAccountId": null,
    "PaymentDetails": "sbi cc ch:-140086",
    "Amount": "103014.1600",
    "Remarks": "mercidise primium",
    "PartyId": null,
    "LedgerEnteryId": null,
    "IsCash": "False",
    "IsOn": "True",
    "IsDyn": "False",
    "LedgerEntryId": null
  },
  {
    "PaymentId": "15",
    "PartyName": "HDFC BANK(CREDIT CARD OF U.N.SAH)",
    "PaymentSlipNo": "",
    "UserId": "AlokKumar",
    "EntryStatus": "0",
    "IsReadOnly": "True",
    "StoreId": "1",
    "OnDate": "2020-01-16T00:00:00.0000000",
    "PayMode": "6",
    "BankAccountId": null,
    "PaymentDetails": "CH. NUM:-002105 OF ICICI A/C-2791",
    "Amount": "11600.0000",
    "Remarks": "CREDIT CARD PAYMENT OF CHACHA JEE",
    "PartyId": null,
    "LedgerEnteryId": null,
    "IsCash": "False",
    "IsOn": "True",
    "IsDyn": "False",
    "LedgerEntryId": null
  },
  {
    "PaymentId": "16",
    "PartyName": "LAXMAN PANDIT",
    "PaymentSlipNo": "908",
    "UserId": "AlokKumar",
    "EntryStatus": "0",
    "IsReadOnly": "True",
    "StoreId": "1",
    "OnDate": "2020-01-21T00:00:00.0000000",
    "PayMode": "0",
    "BankAccountId": null,
    "PaymentDetails": "CASH",
    "Amount": "25000.0000",
    "Remarks": "",
    "PartyId": null,
    "LedgerEnteryId": null,
    "IsCash": "False",
    "IsOn": "True",
    "IsDyn": "False",
    "LedgerEntryId": null
  },
  {
    "PaymentId": "17",
    "PartyName": "LAXMAN PANDIT",
    "PaymentSlipNo": "909",
    "UserId": "AlokKumar",
    "EntryStatus": "0",
    "IsReadOnly": "True",
    "StoreId": "1",
    "OnDate": "2020-01-23T00:00:00.0000000",
    "PayMode": "0",
    "BankAccountId": null,
    "PaymentDetails": "",
    "Amount": "25000.0000",
    "Remarks": "",
    "PartyId": null,
    "LedgerEnteryId": null,
    "IsCash": "False",
    "IsOn": "True",
    "IsDyn": "False",
    "LedgerEntryId": null
  },
  {
    "PaymentId": "18",
    "PartyName": "PRINCE TAILOR",
    "PaymentSlipNo": "",
    "UserId": "AlokKumar",
    "EntryStatus": "0",
    "IsReadOnly": "True",
    "StoreId": "1",
    "OnDate": "2020-02-18T00:00:00.0000000",
    "PayMode": "0",
    "BankAccountId": null,
    "PaymentDetails": "CASH",
    "Amount": "6000.0000",
    "Remarks": "TAILORING METERIAL",
    "PartyId": null,
    "LedgerEnteryId": null,
    "IsCash": "False",
    "IsOn": "True",
    "IsDyn": "False",
    "LedgerEntryId": null
  },
  {
    "PaymentId": "19",
    "PartyName": "WorkShop",
    "PaymentSlipNo": "934",
    "UserId": "AlokKumar",
    "EntryStatus": "0",
    "IsReadOnly": "True",
    "StoreId": "1",
    "OnDate": "2020-02-21T00:00:00.0000000",
    "PayMode": "0",
    "BankAccountId": null,
    "PaymentDetails": "WorkShop Eletricity Bill",
    "Amount": "4149.0000",
    "Remarks": "E. bill ( workshope) up to bill date 21-2-2020",
    "PartyId": null,
    "LedgerEnteryId": null,
    "IsCash": "False",
    "IsOn": "True",
    "IsDyn": "False",
    "LedgerEntryId": null
  },
  {
    "PaymentId": "20",
    "PartyName": "WorkShop",
    "PaymentSlipNo": "941",
    "UserId": "AlokKumar",
    "EntryStatus": "0",
    "IsReadOnly": "True",
    "StoreId": "1",
    "OnDate": "2020-03-01T00:00:00.0000000",
    "PayMode": "0",
    "BankAccountId": null,
    "PaymentDetails": "WorkShop Eletricity Bill",
    "Amount": "600.0000",
    "Remarks": "E. bill ( workshope) 2020",
    "PartyId": null,
    "LedgerEnteryId": null,
    "IsCash": "False",
    "IsOn": "True",
    "IsDyn": "False",
    "LedgerEntryId": null
  },
  {
    "PaymentId": "21",
    "PartyName": "WorkShop machine",
    "PaymentSlipNo": "959",
    "UserId": "AlokKumar",
    "EntryStatus": "0",
    "IsReadOnly": "True",
    "StoreId": "1",
    "OnDate": "2020-03-19T00:00:00.0000000",
    "PayMode": "0",
    "BankAccountId": null,
    "PaymentDetails": "workeshope maching servicing ",
    "Amount": "3000.0000",
    "Remarks": "workshope machine servicing+ invetor repairing",
    "PartyId": null,
    "LedgerEnteryId": null,
    "IsCash": "False",
    "IsOn": "True",
    "IsDyn": "False",
    "LedgerEntryId": null
  },
  {
    "PaymentId": "22",
    "PartyName": "WorkShop",
    "PaymentSlipNo": "960",
    "UserId": "AlokKumar",
    "EntryStatus": "0",
    "IsReadOnly": "True",
    "StoreId": "1",
    "OnDate": "2020-03-20T00:00:00.0000000",
    "PayMode": "0",
    "BankAccountId": null,
    "PaymentDetails": "WorkShop Eletricity Bill",
    "Amount": "1363.0000",
    "Remarks": "E. bill ( workshope) 2020",
    "PartyId": null,
    "LedgerEnteryId": null,
    "IsCash": "False",
    "IsOn": "True",
    "IsDyn": "False",
    "LedgerEntryId": null
  },
  {
    "PaymentId": "23",
    "PartyName": "Glass House",
    "PaymentSlipNo": "Online",
    "UserId": "AlokKumar",
    "EntryStatus": "0",
    "IsReadOnly": "True",
    "StoreId": "1",
    "OnDate": "2020-04-24T00:00:00.0000000",
    "PayMode": "4",
    "BankAccountId": null,
    "PaymentDetails": "Due from old",
    "Amount": "15000.0000",
    "Remarks": "Online Made from icici 2791 10k plus 5k",
    "PartyId": null,
    "LedgerEnteryId": null,
    "IsCash": "False",
    "IsOn": "True",
    "IsDyn": "False",
    "LedgerEntryId": null
  },
  {
    "PaymentId": "24",
    "PartyName": "samsung plaza",
    "PaymentSlipNo": "",
    "UserId": "AlokKumar",
    "EntryStatus": "0",
    "IsReadOnly": "True",
    "StoreId": "1",
    "OnDate": "2020-07-13T00:00:00.0000000",
    "PayMode": "1",
    "BankAccountId": null,
    "PaymentDetails": "due from old",
    "Amount": "18298.0000",
    "Remarks": "CARD PAYMENT from A/C 2791",
    "PartyId": null,
    "LedgerEnteryId": null,
    "IsCash": "False",
    "IsOn": "True",
    "IsDyn": "False",
    "LedgerEntryId": null
  },
  {
    "PaymentId": "25",
    "PartyName": "ARVIND LIMITED",
    "PaymentSlipNo": "",
    "UserId": "AlokKumar",
    "EntryStatus": "0",
    "IsReadOnly": "True",
    "StoreId": "1",
    "OnDate": "2020-07-14T00:00:00.0000000",
    "PayMode": "6",
    "BankAccountId": null,
    "PaymentDetails": "CH. NUM:-000209",
    "Amount": "100000.0000",
    "Remarks": "UTR NUM:-BDBLH20196013605",
    "PartyId": null,
    "LedgerEnteryId": null,
    "IsCash": "False",
    "IsOn": "True",
    "IsDyn": "False",
    "LedgerEntryId": null
  },
  {
    "PaymentId": "26",
    "PartyName": "MAA BHAWANI ART",
    "PaymentSlipNo": "NA",
    "UserId": "AlokKumar",
    "EntryStatus": "0",
    "IsReadOnly": "True",
    "StoreId": "1",
    "OnDate": "2020-07-17T00:00:00.0000000",
    "PayMode": "3",
    "BankAccountId": null,
    "PaymentDetails": "due from old",
    "Amount": "50000.0000",
    "Remarks": "BDBLH20199017476",
    "PartyId": "17",
    "LedgerEnteryId": null,
    "IsCash": "False",
    "IsOn": "True",
    "IsDyn": "False",
    "LedgerEntryId": null
  },
  {
    "PaymentId": "27",
    "PartyName": "WorkShop",
    "PaymentSlipNo": "975",
    "UserId": "AlokKumar",
    "EntryStatus": "0",
    "IsReadOnly": "True",
    "StoreId": "1",
    "OnDate": "2020-07-27T00:00:00.0000000",
    "PayMode": "0",
    "BankAccountId": null,
    "PaymentDetails": "workshop rent",
    "Amount": "16000.0000",
    "Remarks": "workshope rent",
    "PartyId": "21",
    "LedgerEnteryId": null,
    "IsCash": "False",
    "IsOn": "True",
    "IsDyn": "False",
    "LedgerEntryId": null
  },
  {
    "PaymentId": "28",
    "PartyName": "Bhakat Brothers",
    "PaymentSlipNo": "",
    "UserId": "AlokKumar",
    "EntryStatus": "0",
    "IsReadOnly": "True",
    "StoreId": "1",
    "OnDate": "2020-08-21T00:00:00.0000000",
    "PayMode": "0",
    "BankAccountId": null,
    "PaymentDetails": "TV+CAR TAPE",
    "Amount": "72000.0000",
    "Remarks": "withdrawl from ATM(ICICI)",
    "PartyId": null,
    "LedgerEnteryId": null,
    "IsCash": "False",
    "IsOn": "True",
    "IsDyn": "False",
    "LedgerEntryId": null
  },
  {
    "PaymentId": "29",
    "PartyName": "MainaakGardern E3C",
    "PaymentSlipNo": "UPI payment ICICI 2791",
    "UserId": "AmitKumar",
    "EntryStatus": "0",
    "IsReadOnly": "True",
    "StoreId": "1",
    "OnDate": "2020-09-24T00:00:00.0000000",
    "PayMode": "5",
    "BankAccountId": null,
    "PaymentDetails": "UPI/026815083222/ADDA",
    "Amount": "33291.0000",
    "Remarks": "UPI Payment ICICI 2791",
    "PartyId": null,
    "LedgerEnteryId": null,
    "IsCash": "False",
    "IsOn": "True",
    "IsDyn": "False",
    "LedgerEntryId": null
  },
  {
    "PaymentId": "30",
    "PartyName": "MainaakGardern E3C",
    "PaymentSlipNo": "UPI payment ICICI 2791",
    "UserId": "AmitKumar",
    "EntryStatus": "0",
    "IsReadOnly": "True",
    "StoreId": "1",
    "OnDate": "2020-09-24T00:00:00.0000000",
    "PayMode": "5",
    "BankAccountId": null,
    "PaymentDetails": "UPI/026815060645/ADDA/apartmentadda",
    "Amount": "1200.0000",
    "Remarks": "for beak in charge",
    "PartyId": null,
    "LedgerEnteryId": null,
    "IsCash": "False",
    "IsOn": "True",
    "IsDyn": "False",
    "LedgerEntryId": null
  },
  {
    "PaymentId": "31",
    "PartyName": "WorkShop",
    "PaymentSlipNo": "538",
    "UserId": "AlokKumar",
    "EntryStatus": "0",
    "IsReadOnly": "True",
    "StoreId": "1",
    "OnDate": "2019-02-14T00:00:00.0000000",
    "PayMode": "0",
    "BankAccountId": null,
    "PaymentDetails": "WorkShop Eletricity Bill",
    "Amount": "4387.0000",
    "Remarks": "paid to ashok jee 19",
    "PartyId": null,
    "LedgerEnteryId": null,
    "IsCash": "False",
    "IsOn": "True",
    "IsDyn": "False",
    "LedgerEntryId": null
  },
  {
    "PaymentId": "32",
    "PartyName": "santosh pandit workshope",
    "PaymentSlipNo": "509",
    "UserId": "AlokKumar",
    "EntryStatus": "0",
    "IsReadOnly": "True",
    "StoreId": "1",
    "OnDate": "2019-01-29T00:00:00.0000000",
    "PayMode": "0",
    "BankAccountId": null,
    "PaymentDetails": "paper beg",
    "Amount": "350.0000",
    "Remarks": "paper beg",
    "PartyId": null,
    "LedgerEnteryId": null,
    "IsCash": "False",
    "IsOn": "True",
    "IsDyn": "False",
    "LedgerEntryId": null
  },
  {
    "PaymentId": "35",
    "PartyName": "Pine Labs Pvt Ltd",
    "PaymentSlipNo": "NA",
    "UserId": "Admin",
    "EntryStatus": "0",
    "IsReadOnly": "False",
    "StoreId": "1",
    "OnDate": "2021-04-16T00:00:00.0000000",
    "PayMode": "1",
    "BankAccountId": "1",
    "PaymentDetails": "imps00159553657",
    "Amount": "5487.0000",
    "Remarks": "EDC Installation ",
    "PartyId": "79",
    "LedgerEnteryId": null,
    "IsCash": "False",
    "IsOn": null,
    "IsDyn": "False",
    "LedgerEntryId": null
  },
  {
    "PaymentId": "36",
    "PartyName": "Arvind Limited",
    "PaymentSlipNo": "SBIN221109362355",
    "UserId": "Admin",
    "EntryStatus": "0",
    "IsReadOnly": "False",
    "StoreId": "1",
    "OnDate": "2021-04-19T00:00:00.0000000",
    "PayMode": "3",
    "BankAccountId": "1",
    "PaymentDetails": "NEFT SBIN221109362355",
    "Amount": "4759.0000",
    "Remarks": "Trim Payment",
    "PartyId": "78",
    "LedgerEnteryId": null,
    "IsCash": "False",
    "IsOn": null,
    "IsDyn": "False",
    "LedgerEntryId": null
  },
  {
    "PaymentId": "37",
    "PartyName": "Madhu Bua(Malang)",
    "PaymentSlipNo": "ARD/DB 0316",
    "UserId": "WebUI",
    "EntryStatus": "0",
    "IsReadOnly": "False",
    "StoreId": "1",
    "OnDate": "2021-07-07T10:40:08.0000000",
    "PayMode": "0",
    "BankAccountId": "6",
    "PaymentDetails": "CH. NUM:-0002206",
    "Amount": "80000.0000",
    "Remarks": "Madhu Bua(Malang)",
    "PartyId": "43",
    "LedgerEnteryId": null,
    "IsCash": "False",
    "IsOn": "False",
    "IsDyn": "False",
    "LedgerEntryId": null
  },
  {
    "PaymentId": "38",
    "PartyName": "Madhu Bua(Malang)",
    "PaymentSlipNo": "ARD/DB 0316",
    "UserId": "WebUI",
    "EntryStatus": "0",
    "IsReadOnly": "False",
    "StoreId": "1",
    "OnDate": "2021-07-07T10:41:48.0000000",
    "PayMode": "0",
    "BankAccountId": "9",
    "PaymentDetails": "CH. NUM:-000233",
    "Amount": "40000.0000",
    "Remarks": "Madhu Bua(Malang)",
    "PartyId": "43",
    "LedgerEnteryId": null,
    "IsCash": "False",
    "IsOn": "False",
    "IsDyn": "False",
    "LedgerEntryId": null
  },
  {
    "PaymentId": "40",
    "PartyName": "Randhir Jee(ICICI)",
    "PaymentSlipNo": "ARD/DB 0318",
    "UserId": "WebUI",
    "EntryStatus": "0",
    "IsReadOnly": "False",
    "StoreId": "1",
    "OnDate": "2021-07-09T05:13:46.0000000",
    "PayMode": "0",
    "BankAccountId": "2",
    "PaymentDetails": "Cash",
    "Amount": "9800.0000",
    "Remarks": "Randhir Jee(ICICI)",
    "PartyId": "4",
    "LedgerEnteryId": null,
    "IsCash": "False",
    "IsOn": "False",
    "IsDyn": "False",
    "LedgerEntryId": null
  }
]