[
  {
    "ReceiptId": "1",
    "PartyName": "AMIT JEE",
    "RecieptSlipNo": "",
    "UserId": "alok",
    "EntryStatus": "0",
    "IsReadOnly": "True",
    "StoreId": "1",
    "OnDate": "2020-12-29T00:00:00.0000000",
    "PayMode": "0",
    "BankAccountId": null,
    "PaymentDetails": "CASH",
    "Amount": "150000.0000",
    "Remarks": "cash by sushil kumar jhunjhunwala ",
    "PartyId": null,
    "LedgerEnteryId": null,
    "IsCash": "False",
    "IsOn": "True",
    "IsDyn": "False",
    "LedgerEntryId": null
  },
  {
    "ReceiptId": "2",
    "PartyName": "GOPI CHOUASIA",
    "RecieptSlipNo": "card",
    "UserId": "alok",
    "EntryStatus": "0",
    "IsReadOnly": "True",
    "StoreId": "1",
    "OnDate": "2020-12-07T00:00:00.0000000",
    "PayMode": "1",
    "BankAccountId": null,
    "PaymentDetails": "",
    "Amount": "80000.0000",
    "Remarks": "CARD PAYMENT",
    "PartyId": null,
    "LedgerEnteryId": null,
    "IsCash": "False",
    "IsOn": "True",
    "IsDyn": "False",
    "LedgerEntryId": null
  },
  {
    "ReceiptId": "3",
    "PartyName": "GOPI CHOUASIA",
    "RecieptSlipNo": "",
    "UserId": "alok",
    "EntryStatus": "0",
    "IsReadOnly": "True",
    "StoreId": "1",
    "OnDate": "2020-11-23T00:00:00.0000000",
    "PayMode": "1",
    "BankAccountId": null,
    "PaymentDetails": "",
    "Amount": "88000.0000",
    "Remarks": "CARD PAYMENT",
    "PartyId": null,
    "LedgerEnteryId": null,
    "IsCash": "False",
    "IsOn": "True",
    "IsDyn": "False",
    "LedgerEntryId": null
  },
  {
    "ReceiptId": "4",
    "PartyName": "GOPI CHOUASIA",
    "RecieptSlipNo": "",
    "UserId": "alok",
    "EntryStatus": "0",
    "IsReadOnly": "True",
    "StoreId": "1",
    "OnDate": "2020-11-20T00:00:00.0000000",
    "PayMode": "1",
    "BankAccountId": null,
    "PaymentDetails": "",
    "Amount": "48000.0000",
    "Remarks": "card payment",
    "PartyId": null,
    "LedgerEnteryId": null,
    "IsCash": "False",
    "IsOn": "True",
    "IsDyn": "False",
    "LedgerEntryId": null
  },
  {
    "ReceiptId": "5",
    "PartyName": "AMIT JEE",
    "RecieptSlipNo": "ARDR0040",
    "UserId": "alok",
    "EntryStatus": "0",
    "IsReadOnly": "True",
    "StoreId": "1",
    "OnDate": "2020-10-31T00:00:00.0000000",
    "PayMode": "0",
    "BankAccountId": null,
    "PaymentDetails": "ATM WITHDRAWL",
    "Amount": "16000.0000",
    "Remarks": "BANK OF BARDA ",
    "PartyId": null,
    "LedgerEnteryId": null,
    "IsCash": "False",
    "IsOn": "True",
    "IsDyn": "False",
    "LedgerEntryId": null
  },
  {
    "ReceiptId": "6",
    "PartyName": "AMIT JEE",
    "RecieptSlipNo": "",
    "UserId": "alok",
    "EntryStatus": "0",
    "IsReadOnly": "True",
    "StoreId": "1",
    "OnDate": "2020-10-07T00:00:00.0000000",
    "PayMode": "0",
    "BankAccountId": null,
    "PaymentDetails": "ATM WITHDRAWL",
    "Amount": "15000.0000",
    "Remarks": "ATM WITHDRAWL",
    "PartyId": null,
    "LedgerEnteryId": null,
    "IsCash": "False",
    "IsOn": "True",
    "IsDyn": "False",
    "LedgerEntryId": null
  },
  {
    "ReceiptId": "7",
    "PartyName": "bikash patwari",
    "RecieptSlipNo": "",
    "UserId": "AlokKumar",
    "EntryStatus": "0",
    "IsReadOnly": "True",
    "StoreId": "1",
    "OnDate": "2020-08-29T00:00:00.0000000",
    "PayMode": "0",
    "BankAccountId": null,
    "PaymentDetails": "DUES AMOUNT",
    "Amount": "6824.0000",
    "Remarks": "dues from bikash patwari cloth",
    "PartyId": null,
    "LedgerEnteryId": null,
    "IsCash": "False",
    "IsOn": "True",
    "IsDyn": "False",
    "LedgerEntryId": null
  },
  {
    "ReceiptId": "8",
    "PartyName": "gopi chouasia",
    "RecieptSlipNo": "",
    "UserId": "AlokKumar",
    "EntryStatus": "0",
    "IsReadOnly": "True",
    "StoreId": "1",
    "OnDate": "2020-02-18T00:00:00.0000000",
    "PayMode": "0",
    "BankAccountId": null,
    "PaymentDetails": "Cash ",
    "Amount": "197400.0000",
    "Remarks": "gopi",
    "PartyId": null,
    "LedgerEnteryId": null,
    "IsCash": "False",
    "IsOn": "True",
    "IsDyn": "False",
    "LedgerEntryId": null
  },
  {
    "ReceiptId": "9",
    "PartyName": "mantu ",
    "RecieptSlipNo": "",
    "UserId": "AlokKumar",
    "EntryStatus": "0",
    "IsReadOnly": "True",
    "StoreId": "1",
    "OnDate": "2020-02-06T00:00:00.0000000",
    "PayMode": "0",
    "BankAccountId": null,
    "PaymentDetails": "Cash ",
    "Amount": "25000.0000",
    "Remarks": "mantu ( cash at home )",
    "PartyId": null,
    "LedgerEnteryId": null,
    "IsCash": "False",
    "IsOn": "True",
    "IsDyn": "False",
    "LedgerEntryId": null
  },
  {
    "ReceiptId": "10",
    "PartyName": "Gopi",
    "RecieptSlipNo": "",
    "UserId": "AlokKumar",
    "EntryStatus": "0",
    "IsReadOnly": "True",
    "StoreId": "1",
    "OnDate": "2020-02-01T00:00:00.0000000",
    "PayMode": "0",
    "BankAccountId": null,
    "PaymentDetails": "Cash ",
    "Amount": "10000.0000",
    "Remarks": "gopi",
    "PartyId": null,
    "LedgerEnteryId": null,
    "IsCash": "False",
    "IsOn": "True",
    "IsDyn": "False",
    "LedgerEntryId": null
  },
  {
    "ReceiptId": "11",
    "PartyName": "GOPI CHOUASIA",
    "RecieptSlipNo": "",
    "UserId": "AlokKumar",
    "EntryStatus": "0",
    "IsReadOnly": "True",
    "StoreId": "1",
    "OnDate": "2020-01-23T00:00:00.0000000",
    "PayMode": "0",
    "BankAccountId": null,
    "PaymentDetails": "",
    "Amount": "25000.0000",
    "Remarks": "CASH RECEIVED AT CAMPCO",
    "PartyId": null,
    "LedgerEnteryId": null,
    "IsCash": "False",
    "IsOn": "True",
    "IsDyn": "False",
    "LedgerEntryId": null
  },
  {
    "ReceiptId": "12",
    "PartyName": "GOPI CHOUASIA",
    "RecieptSlipNo": "",
    "UserId": "AlokKumar",
    "EntryStatus": "0",
    "IsReadOnly": "True",
    "StoreId": "1",
    "OnDate": "2020-01-21T00:00:00.0000000",
    "PayMode": "0",
    "BankAccountId": null,
    "PaymentDetails": "CASH",
    "Amount": "30000.0000",
    "Remarks": "CASH RECEIVED AT CAMPCO",
    "PartyId": null,
    "LedgerEnteryId": null,
    "IsCash": "False",
    "IsOn": "True",
    "IsDyn": "False",
    "LedgerEntryId": null
  },
  {
    "ReceiptId": "13",
    "PartyName": "Mantu",
    "RecieptSlipNo": "",
    "UserId": "AlokKumar",
    "EntryStatus": "0",
    "IsReadOnly": "True",
    "StoreId": "1",
    "OnDate": "2019-12-07T00:00:00.0000000",
    "PayMode": "0",
    "BankAccountId": null,
    "PaymentDetails": "Cash ",
    "Amount": "25000.0000",
    "Remarks": "mantu",
    "PartyId": null,
    "LedgerEnteryId": null,
    "IsCash": "False",
    "IsOn": "True",
    "IsDyn": "False",
    "LedgerEntryId": null
  },
  {
    "ReceiptId": "14",
    "PartyName": "Gopi",
    "RecieptSlipNo": "",
    "UserId": "AlokKumar",
    "EntryStatus": "0",
    "IsReadOnly": "True",
    "StoreId": "1",
    "OnDate": "2019-12-01T00:00:00.0000000",
    "PayMode": "0",
    "BankAccountId": null,
    "PaymentDetails": "Cash ",
    "Amount": "60000.0000",
    "Remarks": "gopi",
    "PartyId": null,
    "LedgerEnteryId": null,
    "IsCash": "False",
    "IsOn": "True",
    "IsDyn": "False",
    "LedgerEntryId": null
  }
]