[
  {
    "RentId": "1",
    "RentedLocationId": "1",
    "RentType": "0",
    "OnDate": "2016-05-31T00:00:00.0000000",
    "Period": "MAY",
    "Amount": "7000.0000",
    "Mode": "0",
    "PaymentDetails": "workshop rent",
    "Remarks": "workshop rent",
    "UserId": "GeetanjaliKumariVerma",
    "EntryStatus": "3",
    "IsReadOnly": "False",
    "StoreId": "1"
  },
  {
    "RentId": "2",
    "RentedLocationId": "1",
    "RentType": "0",
    "OnDate": "2016-06-30T00:00:00.0000000",
    "Period": "JUNE",
    "Amount": "7000.0000",
    "Mode": "0",
    "PaymentDetails": "workshop rent",
    "Remarks": "workshop rent",
    "UserId": "GeetanjaliKumariVerma",
    "EntryStatus": "3",
    "IsReadOnly": "False",
    "StoreId": "1"
  },
  {
    "RentId": "3",
    "RentedLocationId": "1",
    "RentType": "0",
    "OnDate": "2016-07-31T00:00:00.0000000",
    "Period": "JULY",
    "Amount": "7000.0000",
    "Mode": "0",
    "PaymentDetails": "workshop rent",
    "Remarks": "workshop rent",
    "UserId": "GeetanjaliKumariVerma",
    "EntryStatus": "3",
    "IsReadOnly": "False",
    "StoreId": "1"
  },
  {
    "RentId": "4",
    "RentedLocationId": "1",
    "RentType": "0",
    "OnDate": "2016-08-31T00:00:00.0000000",
    "Period": "AUGUST",
    "Amount": "7000.0000",
    "Mode": "0",
    "PaymentDetails": "workshop rent",
    "Remarks": "workshop rent",
    "UserId": "GeetanjaliKumariVerma",
    "EntryStatus": "3",
    "IsReadOnly": "False",
    "StoreId": "1"
  },
  {
    "RentId": "5",
    "RentedLocationId": "1",
    "RentType": "0",
    "OnDate": "2016-09-30T00:00:00.0000000",
    "Period": "SEPTEMBER",
    "Amount": "7000.0000",
    "Mode": "0",
    "PaymentDetails": "workshop rent",
    "Remarks": "workshop rent",
    "UserId": "GeetanjaliKumariVerma",
    "EntryStatus": "3",
    "IsReadOnly": "False",
    "StoreId": "1"
  },
  {
    "RentId": "6",
    "RentedLocationId": "1",
    "RentType": "0",
    "OnDate": "2016-10-31T00:00:00.0000000",
    "Period": "OCTOBER",
    "Amount": "7000.0000",
    "Mode": "0",
    "PaymentDetails": "workshop rent",
    "Remarks": "workshop rent",
    "UserId": "GeetanjaliKumariVerma",
    "EntryStatus": "3",
    "IsReadOnly": "False",
    "StoreId": "1"
  },
  {
    "RentId": "7",
    "RentedLocationId": "1",
    "RentType": "0",
    "OnDate": "2016-11-30T00:00:00.0000000",
    "Period": "NOVEMBER",
    "Amount": "7000.0000",
    "Mode": "0",
    "PaymentDetails": "workshop rent",
    "Remarks": "workshop rent",
    "UserId": "GeetanjaliKumariVerma",
    "EntryStatus": "3",
    "IsReadOnly": "False",
    "StoreId": "1"
  },
  {
    "RentId": "8",
    "RentedLocationId": "1",
    "RentType": "0",
    "OnDate": "2016-12-31T00:00:00.0000000",
    "Period": "DECEMBER",
    "Amount": "7000.0000",
    "Mode": "0",
    "PaymentDetails": "workshop rent",
    "Remarks": "workshop rent",
    "UserId": "GeetanjaliKumariVerma",
    "EntryStatus": "3",
    "IsReadOnly": "False",
    "StoreId": "1"
  },
  {
    "RentId": "9",
    "RentedLocationId": "1",
    "RentType": "0",
    "OnDate": "2017-01-31T00:00:00.0000000",
    "Period": "JANUARY",
    "Amount": "7000.0000",
    "Mode": "0",
    "PaymentDetails": "workshop rent",
    "Remarks": "workshop rent",
    "UserId": "GeetanjaliKumariVerma",
    "EntryStatus": "3",
    "IsReadOnly": "False",
    "StoreId": "1"
  },
  {
    "RentId": "10",
    "RentedLocationId": "1",
    "RentType": "0",
    "OnDate": "2017-02-28T00:00:00.0000000",
    "Period": "FEBRUARY",
    "Amount": "7000.0000",
    "Mode": "0",
    "PaymentDetails": "workshop rent",
    "Remarks": "workshop rent",
    "UserId": "GeetanjaliKumariVerma",
    "EntryStatus": "3",
    "IsReadOnly": "False",
    "StoreId": "1"
  },
  {
    "RentId": "11",
    "RentedLocationId": "1",
    "RentType": "0",
    "OnDate": "2017-03-31T00:00:00.0000000",
    "Period": "MARCH",
    "Amount": "7000.0000",
    "Mode": "0",
    "PaymentDetails": "workshop rent",
    "Remarks": "workshop rent",
    "UserId": "GeetanjaliKumariVerma",
    "EntryStatus": "3",
    "IsReadOnly": "False",
    "StoreId": "1"
  },
  {
    "RentId": "12",
    "RentedLocationId": "1",
    "RentType": "0",
    "OnDate": "2017-04-30T00:00:00.0000000",
    "Period": "APRIL",
    "Amount": "7500.0000",
    "Mode": "0",
    "PaymentDetails": "workshop rent",
    "Remarks": "workshop rent",
    "UserId": "GeetanjaliKumariVerma",
    "EntryStatus": "3",
    "IsReadOnly": "False",
    "StoreId": "1"
  },
  {
    "RentId": "13",
    "RentedLocationId": "1",
    "RentType": "0",
    "OnDate": "2017-05-31T00:00:00.0000000",
    "Period": "MAY",
    "Amount": "7500.0000",
    "Mode": "0",
    "PaymentDetails": "workshop rent",
    "Remarks": "workshop rent",
    "UserId": "GeetanjaliKumariVerma",
    "EntryStatus": "0",
    "IsReadOnly": "False",
    "StoreId": "1"
  },
  {
    "RentId": "14",
    "RentedLocationId": "1",
    "RentType": "0",
    "OnDate": "2017-06-30T00:00:00.0000000",
    "Period": "JUNE",
    "Amount": "7500.0000",
    "Mode": "0",
    "PaymentDetails": "workshop rent",
    "Remarks": "workshop rent",
    "UserId": "GeetanjaliKumariVerma",
    "EntryStatus": "0",
    "IsReadOnly": "False",
    "StoreId": "1"
  },
  {
    "RentId": "15",
    "RentedLocationId": "1",
    "RentType": "0",
    "OnDate": "2017-07-31T00:00:00.0000000",
    "Period": "JULY",
    "Amount": "7500.0000",
    "Mode": "0",
    "PaymentDetails": "workshop rent",
    "Remarks": "workshop rent",
    "UserId": "GeetanjaliKumariVerma",
    "EntryStatus": "0",
    "IsReadOnly": "False",
    "StoreId": "1"
  },
  {
    "RentId": "16",
    "RentedLocationId": "1",
    "RentType": "0",
    "OnDate": "2017-08-31T00:00:00.0000000",
    "Period": "AUGUST",
    "Amount": "7500.0000",
    "Mode": "0",
    "PaymentDetails": "workshop rent",
    "Remarks": "workshop rent",
    "UserId": "GeetanjaliKumariVerma",
    "EntryStatus": "0",
    "IsReadOnly": "False",
    "StoreId": "1"
  },
  {
    "RentId": "17",
    "RentedLocationId": "1",
    "RentType": "0",
    "OnDate": "2017-09-30T00:00:00.0000000",
    "Period": "SEPTEMBER",
    "Amount": "7500.0000",
    "Mode": "0",
    "PaymentDetails": "workshop rent",
    "Remarks": "workshop rent",
    "UserId": "GeetanjaliKumariVerma",
    "EntryStatus": "0",
    "IsReadOnly": "False",
    "StoreId": "1"
  },
  {
    "RentId": "18",
    "RentedLocationId": "1",
    "RentType": "0",
    "OnDate": "2017-10-31T00:00:00.0000000",
    "Period": "OCTOBER",
    "Amount": "7500.0000",
    "Mode": "0",
    "PaymentDetails": "workshop rent",
    "Remarks": "workshop rent",
    "UserId": "GeetanjaliKumariVerma",
    "EntryStatus": "0",
    "IsReadOnly": "False",
    "StoreId": "1"
  },
  {
    "RentId": "19",
    "RentedLocationId": "1",
    "RentType": "0",
    "OnDate": "2017-11-30T00:00:00.0000000",
    "Period": "NOVEMBER",
    "Amount": "7500.0000",
    "Mode": "0",
    "PaymentDetails": "workshop rent",
    "Remarks": "workshop rent",
    "UserId": "GeetanjaliKumariVerma",
    "EntryStatus": "0",
    "IsReadOnly": "False",
    "StoreId": "1"
  },
  {
    "RentId": "20",
    "RentedLocationId": "1",
    "RentType": "0",
    "OnDate": "2017-12-31T00:00:00.0000000",
    "Period": "DECEMBER",
    "Amount": "7500.0000",
    "Mode": "0",
    "PaymentDetails": "workshop rent",
    "Remarks": "workshop rent",
    "UserId": "GeetanjaliKumariVerma",
    "EntryStatus": "0",
    "IsReadOnly": "False",
    "StoreId": "1"
  },
  {
    "RentId": "21",
    "RentedLocationId": "1",
    "RentType": "0",
    "OnDate": "2018-01-31T00:00:00.0000000",
    "Period": "JANUARY",
    "Amount": "7500.0000",
    "Mode": "0",
    "PaymentDetails": "workshop rent",
    "Remarks": "workshop rent",
    "UserId": "GeetanjaliKumariVerma",
    "EntryStatus": "0",
    "IsReadOnly": "False",
    "StoreId": "1"
  },
  {
    "RentId": "22",
    "RentedLocationId": "1",
    "RentType": "0",
    "OnDate": "2018-02-28T00:00:00.0000000",
    "Period": "FEBRUARY",
    "Amount": "7500.0000",
    "Mode": "0",
    "PaymentDetails": "workshop rent",
    "Remarks": "workshop rent",
    "UserId": "GeetanjaliKumariVerma",
    "EntryStatus": "0",
    "IsReadOnly": "False",
    "StoreId": "1"
  },
  {
    "RentId": "23",
    "RentedLocationId": "1",
    "RentType": "0",
    "OnDate": "2018-03-31T00:00:00.0000000",
    "Period": "MARCH",
    "Amount": "8000.0000",
    "Mode": "0",
    "PaymentDetails": "workshop rent",
    "Remarks": "workshop rent",
    "UserId": "GeetanjaliKumariVerma",
    "EntryStatus": "0",
    "IsReadOnly": "False",
    "StoreId": "1"
  },
  {
    "RentId": "24",
    "RentedLocationId": "1",
    "RentType": "0",
    "OnDate": "2018-04-30T00:00:00.0000000",
    "Period": "APRIL",
    "Amount": "8000.0000",
    "Mode": "0",
    "PaymentDetails": "workshop rent",
    "Remarks": "workshop rent",
    "UserId": "GeetanjaliKumariVerma",
    "EntryStatus": "0",
    "IsReadOnly": "False",
    "StoreId": "1"
  },
  {
    "RentId": "25",
    "RentedLocationId": "1",
    "RentType": "0",
    "OnDate": "2018-05-31T00:00:00.0000000",
    "Period": "MAY",
    "Amount": "8000.0000",
    "Mode": "0",
    "PaymentDetails": "workshop rent",
    "Remarks": "workshop rent",
    "UserId": "GeetanjaliKumariVerma",
    "EntryStatus": "0",
    "IsReadOnly": "False",
    "StoreId": "1"
  },
  {
    "RentId": "26",
    "RentedLocationId": "1",
    "RentType": "0",
    "OnDate": "2018-06-30T00:00:00.0000000",
    "Period": "JUNE",
    "Amount": "8000.0000",
    "Mode": "0",
    "PaymentDetails": "workshop rent",
    "Remarks": "workshop rent",
    "UserId": "GeetanjaliKumariVerma",
    "EntryStatus": "0",
    "IsReadOnly": "False",
    "StoreId": "1"
  },
  {
    "RentId": "27",
    "RentedLocationId": "1",
    "RentType": "0",
    "OnDate": "2018-07-31T00:00:00.0000000",
    "Period": "JULY",
    "Amount": "8000.0000",
    "Mode": "0",
    "PaymentDetails": "workshop rent",
    "Remarks": "workshop rent",
    "UserId": "GeetanjaliKumariVerma",
    "EntryStatus": "0",
    "IsReadOnly": "False",
    "StoreId": "1"
  },
  {
    "RentId": "28",
    "RentedLocationId": "1",
    "RentType": "0",
    "OnDate": "2018-08-31T00:00:00.0000000",
    "Period": "AUGUST",
    "Amount": "8000.0000",
    "Mode": "0",
    "PaymentDetails": "workshop rent",
    "Remarks": "workshop rent",
    "UserId": "GeetanjaliKumariVerma",
    "EntryStatus": "0",
    "IsReadOnly": "False",
    "StoreId": "1"
  },
  {
    "RentId": "29",
    "RentedLocationId": "1",
    "RentType": "0",
    "OnDate": "2018-09-30T00:00:00.0000000",
    "Period": "SEPTEMBER",
    "Amount": "8000.0000",
    "Mode": "0",
    "PaymentDetails": "workshop rent",
    "Remarks": "workshop rent",
    "UserId": "GeetanjaliKumariVerma",
    "EntryStatus": "0",
    "IsReadOnly": "False",
    "StoreId": "1"
  },
  {
    "RentId": "30",
    "RentedLocationId": "1",
    "RentType": "0",
    "OnDate": "2018-10-31T00:00:00.0000000",
    "Period": "OCTOBER",
    "Amount": "8000.0000",
    "Mode": "0",
    "PaymentDetails": "workshop rent",
    "Remarks": "workshop rent",
    "UserId": "GeetanjaliKumariVerma",
    "EntryStatus": "0",
    "IsReadOnly": "False",
    "StoreId": "1"
  },
  {
    "RentId": "31",
    "RentedLocationId": "1",
    "RentType": "0",
    "OnDate": "2018-11-30T00:00:00.0000000",
    "Period": "NOVEMBER",
    "Amount": "8000.0000",
    "Mode": "0",
    "PaymentDetails": "workshop rent",
    "Remarks": "workshop rent",
    "UserId": "GeetanjaliKumariVerma",
    "EntryStatus": "0",
    "IsReadOnly": "False",
    "StoreId": "1"
  },
  {
    "RentId": "32",
    "RentedLocationId": "1",
    "RentType": "0",
    "OnDate": "2018-12-31T00:00:00.0000000",
    "Period": "DECEMBER",
    "Amount": "8000.0000",
    "Mode": "0",
    "PaymentDetails": "workshop rent",
    "Remarks": "workshop rent",
    "UserId": "GeetanjaliKumariVerma",
    "EntryStatus": "0",
    "IsReadOnly": "False",
    "StoreId": "1"
  },
  {
    "RentId": "33",
    "RentedLocationId": "1",
    "RentType": "0",
    "OnDate": "2019-01-31T00:00:00.0000000",
    "Period": "JANUARY",
    "Amount": "8000.0000",
    "Mode": "0",
    "PaymentDetails": "workshop rent",
    "Remarks": "workshop rent",
    "UserId": "GeetanjaliKumariVerma",
    "EntryStatus": "0",
    "IsReadOnly": "False",
    "StoreId": "1"
  },
  {
    "RentId": "34",
    "RentedLocationId": "1",
    "RentType": "0",
    "OnDate": "2019-02-28T00:00:00.0000000",
    "Period": "FEBRUARY",
    "Amount": "8500.0000",
    "Mode": "0",
    "PaymentDetails": "workshop rent",
    "Remarks": "workshop rent",
    "UserId": "GeetanjaliKumariVerma",
    "EntryStatus": "0",
    "IsReadOnly": "False",
    "StoreId": "1"
  },
  {
    "RentId": "35",
    "RentedLocationId": "1",
    "RentType": "0",
    "OnDate": "2019-03-31T00:00:00.0000000",
    "Period": "MARCH",
    "Amount": "8500.0000",
    "Mode": "0",
    "PaymentDetails": "workshop rent",
    "Remarks": "workshop rent",
    "UserId": "GeetanjaliKumariVerma",
    "EntryStatus": "0",
    "IsReadOnly": "False",
    "StoreId": "1"
  },
  {
    "RentId": "36",
    "RentedLocationId": "1",
    "RentType": "0",
    "OnDate": "2019-04-30T00:00:00.0000000",
    "Period": "APRIL",
    "Amount": "8500.0000",
    "Mode": "0",
    "PaymentDetails": "workshop rent",
    "Remarks": "workshop rent",
    "UserId": "GeetanjaliKumariVerma",
    "EntryStatus": "0",
    "IsReadOnly": "False",
    "StoreId": "1"
  },
  {
    "RentId": "37",
    "RentedLocationId": "1",
    "RentType": "0",
    "OnDate": "2019-05-31T00:00:00.0000000",
    "Period": "MAY",
    "Amount": "8500.0000",
    "Mode": "0",
    "PaymentDetails": "workshop rent",
    "Remarks": "workshop rent",
    "UserId": "GeetanjaliKumariVerma",
    "EntryStatus": "0",
    "IsReadOnly": "False",
    "StoreId": "1"
  },
  {
    "RentId": "38",
    "RentedLocationId": "1",
    "RentType": "0",
    "OnDate": "2019-06-30T00:00:00.0000000",
    "Period": "JUNE",
    "Amount": "8500.0000",
    "Mode": "0",
    "PaymentDetails": "workshop rent",
    "Remarks": "workshop rent",
    "UserId": "GeetanjaliKumariVerma",
    "EntryStatus": "0",
    "IsReadOnly": "False",
    "StoreId": "1"
  },
  {
    "RentId": "39",
    "RentedLocationId": "1",
    "RentType": "0",
    "OnDate": "2019-07-31T00:00:00.0000000",
    "Period": "JULY",
    "Amount": "8500.0000",
    "Mode": "0",
    "PaymentDetails": "workshop rent",
    "Remarks": "workshop rent",
    "UserId": "GeetanjaliKumariVerma",
    "EntryStatus": "0",
    "IsReadOnly": "False",
    "StoreId": "1"
  },
  {
    "RentId": "40",
    "RentedLocationId": "1",
    "RentType": "0",
    "OnDate": "2019-08-31T00:00:00.0000000",
    "Period": "AUGUST",
    "Amount": "8500.0000",
    "Mode": "0",
    "PaymentDetails": "workshop rent",
    "Remarks": "workshop rent",
    "UserId": "GeetanjaliKumariVerma",
    "EntryStatus": "0",
    "IsReadOnly": "False",
    "StoreId": "1"
  },
  {
    "RentId": "41",
    "RentedLocationId": "1",
    "RentType": "0",
    "OnDate": "2019-09-30T00:00:00.0000000",
    "Period": "SEPTEMBER",
    "Amount": "8500.0000",
    "Mode": "0",
    "PaymentDetails": "workshop rent",
    "Remarks": "workshop rent",
    "UserId": "GeetanjaliKumariVerma",
    "EntryStatus": "0",
    "IsReadOnly": "False",
    "StoreId": "1"
  },
  {
    "RentId": "42",
    "RentedLocationId": "1",
    "RentType": "0",
    "OnDate": "2019-10-31T00:00:00.0000000",
    "Period": "OCTOBER",
    "Amount": "8500.0000",
    "Mode": "0",
    "PaymentDetails": "workshop rent",
    "Remarks": "workshop rent",
    "UserId": "GeetanjaliKumariVerma",
    "EntryStatus": "0",
    "IsReadOnly": "False",
    "StoreId": "1"
  },
  {
    "RentId": "43",
    "RentedLocationId": "1",
    "RentType": "0",
    "OnDate": "2019-11-30T00:00:00.0000000",
    "Period": "NOVEMBER",
    "Amount": "8500.0000",
    "Mode": "0",
    "PaymentDetails": "workshop rent",
    "Remarks": "workshop rent",
    "UserId": "GeetanjaliKumariVerma",
    "EntryStatus": "0",
    "IsReadOnly": "False",
    "StoreId": "1"
  },
  {
    "RentId": "44",
    "RentedLocationId": "1",
    "RentType": "0",
    "OnDate": "2019-12-31T00:00:00.0000000",
    "Period": "DECEMBER",
    "Amount": "8500.0000",
    "Mode": "0",
    "PaymentDetails": "workshop rent",
    "Remarks": "workshop rent",
    "UserId": "GeetanjaliKumariVerma",
    "EntryStatus": "0",
    "IsReadOnly": "False",
    "StoreId": "1"
  },
  {
    "RentId": "45",
    "RentedLocationId": "1",
    "RentType": "0",
    "OnDate": "2020-07-27T00:00:00.0000000",
    "Period": "JULY",
    "Amount": "16000.0000",
    "Mode": "0",
    "PaymentDetails": "workshop rent",
    "Remarks": "workshop rent",
    "UserId": "GeetanjaliKumariVerma",
    "EntryStatus": "0",
    "IsReadOnly": "False",
    "StoreId": "1"
  },
  {
    "RentId": "46",
    "RentedLocationId": "1",
    "RentType": "0",
    "OnDate": "2021-01-08T00:00:00.0000000",
    "Period": "JANUARY",
    "Amount": "5000.0000",
    "Mode": "0",
    "PaymentDetails": "workshop rent",
    "Remarks": "workshop rent",
    "UserId": "GeetanjaliKumariVerma",
    "EntryStatus": "0",
    "IsReadOnly": "False",
    "StoreId": "1"
  },
  {
    "RentId": "47",
    "RentedLocationId": "1",
    "RentType": "0",
    "OnDate": "2021-02-08T00:00:00.0000000",
    "Period": "FEBRUARY",
    "Amount": "5000.0000",
    "Mode": "0",
    "PaymentDetails": "workshop rent",
    "Remarks": "workshop rent",
    "UserId": "GeetanjaliKumariVerma",
    "EntryStatus": "0",
    "IsReadOnly": "False",
    "StoreId": "1"
  },
  {
    "RentId": "50",
    "RentedLocationId": "1",
    "RentType": "0",
    "OnDate": "2021-03-12T00:00:00.0000000",
    "Period": "MARCH",
    "Amount": "5000.0000",
    "Mode": "0",
    "PaymentDetails": "workshop rent",
    "Remarks": "workshop rent",
    "UserId": "Admin",
    "EntryStatus": "3",
    "IsReadOnly": "False",
    "StoreId": "1"
  },
  {
    "RentId": "51",
    "RentedLocationId": "1",
    "RentType": "0",
    "OnDate": "2021-04-06T00:00:00.0000000",
    "Period": "APRIL",
    "Amount": "5000.0000",
    "Mode": "0",
    "PaymentDetails": "workshop rent",
    "Remarks": "workshop rent",
    "UserId": "Admin",
    "EntryStatus": "0",
    "IsReadOnly": "False",
    "StoreId": "1"
  },
  {
    "RentId": "52",
    "RentedLocationId": "1",
    "RentType": "0",
    "OnDate": "2021-06-12T04:44:11.0000000",
    "Period": "MAY ",
    "Amount": "5000.0000",
    "Mode": "0",
    "PaymentDetails": "ARD/DB 0290",
    "Remarks": "Workshop rent",
    "UserId": "WebUI",
    "EntryStatus": "0",
    "IsReadOnly": "False",
    "StoreId": "1"
  },
  {
    "RentId": "53",
    "RentedLocationId": "1",
    "RentType": "0",
    "OnDate": "2021-07-03T05:01:38.0000000",
    "Period": "June",
    "Amount": "5000.0000",
    "Mode": "0",
    "PaymentDetails": "ARD/DB 0313",
    "Remarks": "Workshop Rent",
    "UserId": "WebUI",
    "EntryStatus": "0",
    "IsReadOnly": "False",
    "StoreId": "1"
  }
]