[
  {
    "CurrentSalaryId": "1",
    "EmployeeId": "11",
    "BasicSalary": "7000.0000",
    "LPRate": "0.0000",
    "IncentiveRate": "0.0000",
    "IncentiveTarget": "0.0000",
    "WOWBillRate": "0.0000",
    "WOWBillTarget": "0.0000",
    "IsFullMonth": "0",
    "IsSundayBillable": "0",
    "EffectiveDate": "2020-09-11T00:00:00.0000000",
    "CloseDate": null,
    "IsEffective": "1",
    "IsTailoring": "0",
    "UserId": "Admin",
    "EntryStatus": "0",
    "IsReadOnly": "1"
  },
  {
    "CurrentSalaryId": "2",
    "EmployeeId": "1",
    "BasicSalary": "13500.0000",
    "LPRate": "0.0000",
    "IncentiveRate": "0.0000",
    "IncentiveTarget": "0.0000",
    "WOWBillRate": "0.0000",
    "WOWBillTarget": "0.0000",
    "IsFullMonth": "0",
    "IsSundayBillable": "1",
    "EffectiveDate": "2019-04-01T00:00:00.0000000",
    "CloseDate": null,
    "IsEffective": "1",
    "IsTailoring": "0",
    "UserId": "Admin",
    "EntryStatus": "0",
    "IsReadOnly": "1"
  },
  {
    "CurrentSalaryId": "3",
    "EmployeeId": "2",
    "BasicSalary": "8000.0000",
    "LPRate": "0.0000",
    "IncentiveRate": "0.0000",
    "IncentiveTarget": "0.0000",
    "WOWBillRate": "0.0000",
    "WOWBillTarget": "0.0000",
    "IsFullMonth": "0",
    "IsSundayBillable": "1",
    "EffectiveDate": "2019-04-01T00:00:00.0000000",
    "CloseDate": null,
    "IsEffective": "1",
    "IsTailoring": "0",
    "UserId": "Admin",
    "EntryStatus": "0",
    "IsReadOnly": "1"
  },
  {
    "CurrentSalaryId": "4",
    "EmployeeId": "3",
    "BasicSalary": "8000.0000",
    "LPRate": "0.0000",
    "IncentiveRate": "0.0000",
    "IncentiveTarget": "0.0000",
    "WOWBillRate": "0.0000",
    "WOWBillTarget": "0.0000",
    "IsFullMonth": "0",
    "IsSundayBillable": "1",
    "EffectiveDate": "2019-04-01T00:00:00.0000000",
    "CloseDate": null,
    "IsEffective": "1",
    "IsTailoring": "0",
    "UserId": "Admin",
    "EntryStatus": "0",
    "IsReadOnly": "1"
  },
  {
    "CurrentSalaryId": "6",
    "EmployeeId": "5",
    "BasicSalary": "5500.0000",
    "LPRate": "0.0000",
    "IncentiveRate": "0.0000",
    "IncentiveTarget": "0.0000",
    "WOWBillRate": "0.0000",
    "WOWBillTarget": "0.0000",
    "IsFullMonth": "0",
    "IsSundayBillable": "1",
    "EffectiveDate": "2019-04-01T00:00:00.0000000",
    "CloseDate": null,
    "IsEffective": "1",
    "IsTailoring": "0",
    "UserId": "Admin",
    "EntryStatus": "0",
    "IsReadOnly": "1"
  },
  {
    "CurrentSalaryId": "7",
    "EmployeeId": "6",
    "BasicSalary": "15000.0000",
    "LPRate": "0.0000",
    "IncentiveRate": "0.0000",
    "IncentiveTarget": "0.0000",
    "WOWBillRate": "0.0000",
    "WOWBillTarget": "0.0000",
    "IsFullMonth": "0",
    "IsSundayBillable": "0",
    "EffectiveDate": "2019-04-01T00:00:00.0000000",
    "CloseDate": null,
    "IsEffective": "1",
    "IsTailoring": "0",
    "UserId": "Admin",
    "EntryStatus": "0",
    "IsReadOnly": "1"
  },
  {
    "CurrentSalaryId": "8",
    "EmployeeId": "7",
    "BasicSalary": "18000.0000",
    "LPRate": "0.0000",
    "IncentiveRate": "0.0000",
    "IncentiveTarget": "0.0000",
    "WOWBillRate": "0.0000",
    "WOWBillTarget": "0.0000",
    "IsFullMonth": "0",
    "IsSundayBillable": "0",
    "EffectiveDate": "2019-04-01T00:00:00.0000000",
    "CloseDate": null,
    "IsEffective": "1",
    "IsTailoring": "0",
    "UserId": "Admin",
    "EntryStatus": "0",
    "IsReadOnly": "1"
  },
  {
    "CurrentSalaryId": "9",
    "EmployeeId": "8",
    "BasicSalary": "10000.0000",
    "LPRate": "0.0000",
    "IncentiveRate": "0.0000",
    "IncentiveTarget": "0.0000",
    "WOWBillRate": "0.0000",
    "WOWBillTarget": "0.0000",
    "IsFullMonth": "0",
    "IsSundayBillable": "0",
    "EffectiveDate": "2019-04-01T00:00:00.0000000",
    "CloseDate": null,
    "IsEffective": "1",
    "IsTailoring": "0",
    "UserId": "Admin",
    "EntryStatus": "0",
    "IsReadOnly": "1"
  },
  {
    "CurrentSalaryId": "10",
    "EmployeeId": "9",
    "BasicSalary": "12000.0000",
    "LPRate": "0.0000",
    "IncentiveRate": "0.0000",
    "IncentiveTarget": "0.0000",
    "WOWBillRate": "0.0000",
    "WOWBillTarget": "0.0000",
    "IsFullMonth": "0",
    "IsSundayBillable": "0",
    "EffectiveDate": "2019-04-01T00:00:00.0000000",
    "CloseDate": null,
    "IsEffective": "1",
    "IsTailoring": "0",
    "UserId": "Admin",
    "EntryStatus": "0",
    "IsReadOnly": "1"
  }
]