[
  {
    "TalioringDeliveryId": "1",
    "DeliveryDate": "2021-02-09T00:00:00.0000000",
    "TalioringBookingId": "84",
    "InvNo": "ard238",
    "Amount": "3350.0000",
    "Remarks": "",
    "UserId": "alok",
    "EntryStatus": "0",
    "IsReadOnly": "True",
    "StoreId": "1"
  },
  {
    "TalioringDeliveryId": "2",
    "DeliveryDate": "2020-08-14T00:00:00.0000000",
    "TalioringBookingId": "213",
    "InvNo": "c33in2000036",
    "Amount": "1500.0000",
    "Remarks": "TAILORING",
    "UserId": "AlokKumar",
    "EntryStatus": "0",
    "IsReadOnly": "True",
    "StoreId": "1"
  },
  {
    "TalioringDeliveryId": "3",
    "DeliveryDate": "2020-08-12T00:00:00.0000000",
    "TalioringBookingId": "214",
    "InvNo": "c33in200033",
    "Amount": "350.0000",
    "Remarks": "TAILORING",
    "UserId": "AlokKumar",
    "EntryStatus": "0",
    "IsReadOnly": "True",
    "StoreId": "1"
  },
  {
    "TalioringDeliveryId": "4",
    "DeliveryDate": "2020-08-03T00:00:00.0000000",
    "TalioringBookingId": "207",
    "InvNo": "422",
    "Amount": "450.0000",
    "Remarks": "",
    "UserId": "AlokKumar",
    "EntryStatus": "0",
    "IsReadOnly": "True",
    "StoreId": "1"
  },
  {
    "TalioringDeliveryId": "5",
    "DeliveryDate": "2020-08-03T00:00:00.0000000",
    "TalioringBookingId": "206",
    "InvNo": "421",
    "Amount": "900.0000",
    "Remarks": "",
    "UserId": "AlokKumar",
    "EntryStatus": "0",
    "IsReadOnly": "True",
    "StoreId": "1"
  },
  {
    "TalioringDeliveryId": "6",
    "DeliveryDate": "2020-08-03T00:00:00.0000000",
    "TalioringBookingId": "201",
    "InvNo": "ARD 420",
    "Amount": "5600.0000",
    "Remarks": "TAILORING",
    "UserId": "AlokKumar",
    "EntryStatus": "0",
    "IsReadOnly": "True",
    "StoreId": "1"
  },
  {
    "TalioringDeliveryId": "7",
    "DeliveryDate": "2020-07-24T00:00:00.0000000",
    "TalioringBookingId": "229",
    "InvNo": "417",
    "Amount": "3800.0000",
    "Remarks": "",
    "UserId": "AlokKumar",
    "EntryStatus": "0",
    "IsReadOnly": "True",
    "StoreId": "1"
  },
  {
    "TalioringDeliveryId": "8",
    "DeliveryDate": "2020-07-18T00:00:00.0000000",
    "TalioringBookingId": "223",
    "InvNo": "413",
    "Amount": "450.0000",
    "Remarks": "",
    "UserId": "AlokKumar",
    "EntryStatus": "0",
    "IsReadOnly": "True",
    "StoreId": "1"
  },
  {
    "TalioringDeliveryId": "9",
    "DeliveryDate": "2020-07-17T00:00:00.0000000",
    "TalioringBookingId": "209",
    "InvNo": "ARD0412",
    "Amount": "450.0000",
    "Remarks": "TAILORING",
    "UserId": "AlokKumar",
    "EntryStatus": "0",
    "IsReadOnly": "True",
    "StoreId": "1"
  },
  {
    "TalioringDeliveryId": "10",
    "DeliveryDate": "2020-08-14T00:00:00.0000000",
    "TalioringBookingId": "216",
    "InvNo": "C33IN2000037",
    "Amount": "650.0000",
    "Remarks": "",
    "UserId": "AlokKumar",
    "EntryStatus": "0",
    "IsReadOnly": "True",
    "StoreId": "1"
  },
  {
    "TalioringDeliveryId": "11",
    "DeliveryDate": "2020-06-18T00:00:00.0000000",
    "TalioringBookingId": "192",
    "InvNo": "263",
    "Amount": "900.0000",
    "Remarks": "",
    "UserId": "AlokKumar",
    "EntryStatus": "0",
    "IsReadOnly": "True",
    "StoreId": "1"
  },
  {
    "TalioringDeliveryId": "12",
    "DeliveryDate": "2020-06-16T00:00:00.0000000",
    "TalioringBookingId": "236",
    "InvNo": "874",
    "Amount": "1250.0000",
    "Remarks": "TAILORING",
    "UserId": "AlokKumar",
    "EntryStatus": "0",
    "IsReadOnly": "True",
    "StoreId": "1"
  },
  {
    "TalioringDeliveryId": "13",
    "DeliveryDate": "2020-06-16T00:00:00.0000000",
    "TalioringBookingId": "238",
    "InvNo": "258",
    "Amount": "2750.0000",
    "Remarks": "",
    "UserId": "AlokKumar",
    "EntryStatus": "0",
    "IsReadOnly": "True",
    "StoreId": "1"
  },
  {
    "TalioringDeliveryId": "14",
    "DeliveryDate": "2020-03-18T00:00:00.0000000",
    "TalioringBookingId": "194",
    "InvNo": "C33IN1901071",
    "Amount": "1600.0000",
    "Remarks": "TAILORING",
    "UserId": "AlokKumar",
    "EntryStatus": "0",
    "IsReadOnly": "True",
    "StoreId": "1"
  },
  {
    "TalioringDeliveryId": "15",
    "DeliveryDate": "2020-03-17T00:00:00.0000000",
    "TalioringBookingId": "156",
    "InvNo": "C33IN1901068",
    "Amount": "4350.0000",
    "Remarks": "TAILORING",
    "UserId": "AlokKumar",
    "EntryStatus": "0",
    "IsReadOnly": "True",
    "StoreId": "1"
  },
  {
    "TalioringDeliveryId": "16",
    "DeliveryDate": "2020-03-16T00:00:00.0000000",
    "TalioringBookingId": "227",
    "InvNo": "C33IN1901067",
    "Amount": "1800.0000",
    "Remarks": "TAILORING",
    "UserId": "AlokKumar",
    "EntryStatus": "0",
    "IsReadOnly": "True",
    "StoreId": "1"
  },
  {
    "TalioringDeliveryId": "17",
    "DeliveryDate": "2020-03-16T00:00:00.0000000",
    "TalioringBookingId": "161",
    "InvNo": "C33IN1901064",
    "Amount": "3050.0000",
    "Remarks": "RS. 50 EXTRA FOR OUTSIDE FEBRIC",
    "UserId": "AlokKumar",
    "EntryStatus": "0",
    "IsReadOnly": "True",
    "StoreId": "1"
  },
  {
    "TalioringDeliveryId": "18",
    "DeliveryDate": "2020-03-12T00:00:00.0000000",
    "TalioringBookingId": "157",
    "InvNo": "C33IN1901058",
    "Amount": "900.0000",
    "Remarks": "TAILORING",
    "UserId": "AlokKumar",
    "EntryStatus": "0",
    "IsReadOnly": "True",
    "StoreId": "1"
  },
  {
    "TalioringDeliveryId": "19",
    "DeliveryDate": "2020-03-12T00:00:00.0000000",
    "TalioringBookingId": "228",
    "InvNo": "C33IN1901057",
    "Amount": "4150.0000",
    "Remarks": "TAILORING",
    "UserId": "AlokKumar",
    "EntryStatus": "0",
    "IsReadOnly": "True",
    "StoreId": "1"
  },
  {
    "TalioringDeliveryId": "20",
    "DeliveryDate": "2020-06-17T00:00:00.0000000",
    "TalioringBookingId": "245",
    "InvNo": "",
    "Amount": "4150.0000",
    "Remarks": "",
    "UserId": "AlokKumar",
    "EntryStatus": "0",
    "IsReadOnly": "True",
    "StoreId": "1"
  },
  {
    "TalioringDeliveryId": "21",
    "DeliveryDate": "2020-08-19T00:00:00.0000000",
    "TalioringBookingId": "215",
    "InvNo": "C33IN2000043",
    "Amount": "700.0000",
    "Remarks": "TAILORING",
    "UserId": "AlokKumar",
    "EntryStatus": "0",
    "IsReadOnly": "True",
    "StoreId": "1"
  },
  {
    "TalioringDeliveryId": "22",
    "DeliveryDate": "2020-08-26T00:00:00.0000000",
    "TalioringBookingId": "217",
    "InvNo": "c33in2000046",
    "Amount": "3200.0000",
    "Remarks": "TAILORING",
    "UserId": "alok",
    "EntryStatus": "0",
    "IsReadOnly": "True",
    "StoreId": "1"
  },
  {
    "TalioringDeliveryId": "23",
    "DeliveryDate": "2020-08-27T00:00:00.0000000",
    "TalioringBookingId": "218",
    "InvNo": "c33in2000047",
    "Amount": "450.0000",
    "Remarks": "",
    "UserId": "AlokKumar",
    "EntryStatus": "0",
    "IsReadOnly": "True",
    "StoreId": "1"
  },
  {
    "TalioringDeliveryId": "24",
    "DeliveryDate": "2020-10-13T00:00:00.0000000",
    "TalioringBookingId": "52",
    "InvNo": "C33IN2000141",
    "Amount": "900.0000",
    "Remarks": "TAILORING",
    "UserId": "AmitKumar",
    "EntryStatus": "0",
    "IsReadOnly": "True",
    "StoreId": "1"
  },
  {
    "TalioringDeliveryId": "25",
    "DeliveryDate": "2020-10-12T00:00:00.0000000",
    "TalioringBookingId": "50",
    "InvNo": "C33IN2000135",
    "Amount": "900.0000",
    "Remarks": "TAILORING",
    "UserId": "alok",
    "EntryStatus": "0",
    "IsReadOnly": "True",
    "StoreId": "1"
  },
  {
    "TalioringDeliveryId": "26",
    "DeliveryDate": "2020-10-11T00:00:00.0000000",
    "TalioringBookingId": "44",
    "InvNo": "c33in200129",
    "Amount": "650.0000",
    "Remarks": "rs.150 less by amit jee(saletax office,shukla jee)",
    "UserId": "alok",
    "EntryStatus": "0",
    "IsReadOnly": "True",
    "StoreId": "1"
  },
  {
    "TalioringDeliveryId": "27",
    "DeliveryDate": "2020-10-06T00:00:00.0000000",
    "TalioringBookingId": "200",
    "InvNo": "C33IN2000116",
    "Amount": "650.0000",
    "Remarks": "TAILORING",
    "UserId": "alok",
    "EntryStatus": "0",
    "IsReadOnly": "True",
    "StoreId": "1"
  },
  {
    "TalioringDeliveryId": "28",
    "DeliveryDate": "2020-10-06T00:00:00.0000000",
    "TalioringBookingId": "39",
    "InvNo": "C33IN2000115",
    "Amount": "800.0000",
    "Remarks": "TAILORING",
    "UserId": "alok",
    "EntryStatus": "0",
    "IsReadOnly": "True",
    "StoreId": "1"
  },
  {
    "TalioringDeliveryId": "29",
    "DeliveryDate": "2020-10-04T00:00:00.0000000",
    "TalioringBookingId": "42",
    "InvNo": "C33IN2000108",
    "Amount": "350.0000",
    "Remarks": "TAILORING",
    "UserId": "alok",
    "EntryStatus": "0",
    "IsReadOnly": "True",
    "StoreId": "1"
  },
  {
    "TalioringDeliveryId": "30",
    "DeliveryDate": "2020-10-04T00:00:00.0000000",
    "TalioringBookingId": "41",
    "InvNo": "C33IN2000107",
    "Amount": "1950.0000",
    "Remarks": "TAILORING",
    "UserId": "alok",
    "EntryStatus": "0",
    "IsReadOnly": "True",
    "StoreId": "1"
  },
  {
    "TalioringDeliveryId": "31",
    "DeliveryDate": "2020-10-02T00:00:00.0000000",
    "TalioringBookingId": "43",
    "InvNo": "c33in2000102",
    "Amount": "350.0000",
    "Remarks": "TAILORING",
    "UserId": "alok",
    "EntryStatus": "0",
    "IsReadOnly": "True",
    "StoreId": "1"
  },
  {
    "TalioringDeliveryId": "32",
    "DeliveryDate": "2020-09-28T00:00:00.0000000",
    "TalioringBookingId": "130",
    "InvNo": "C33IN2000097",
    "Amount": "1050.0000",
    "Remarks": "TAILORING",
    "UserId": "alok",
    "EntryStatus": "0",
    "IsReadOnly": "True",
    "StoreId": "1"
  },
  {
    "TalioringDeliveryId": "33",
    "DeliveryDate": "2020-09-27T00:00:00.0000000",
    "TalioringBookingId": "34",
    "InvNo": "c33in2000093",
    "Amount": "350.0000",
    "Remarks": "TAILORING",
    "UserId": "alok",
    "EntryStatus": "0",
    "IsReadOnly": "True",
    "StoreId": "1"
  },
  {
    "TalioringDeliveryId": "34",
    "DeliveryDate": "2020-09-23T00:00:00.0000000",
    "TalioringBookingId": "37",
    "InvNo": "c33in2000083",
    "Amount": "450.0000",
    "Remarks": "TAILORING",
    "UserId": "alok",
    "EntryStatus": "0",
    "IsReadOnly": "True",
    "StoreId": "1"
  },
  {
    "TalioringDeliveryId": "35",
    "DeliveryDate": "2020-09-20T00:00:00.0000000",
    "TalioringBookingId": "36",
    "InvNo": "c33in2000081",
    "Amount": "200.0000",
    "Remarks": "TAILORING",
    "UserId": "alok",
    "EntryStatus": "0",
    "IsReadOnly": "True",
    "StoreId": "1"
  },
  {
    "TalioringDeliveryId": "36",
    "DeliveryDate": "2020-09-19T00:00:00.0000000",
    "TalioringBookingId": "127",
    "InvNo": "c33in2000078",
    "Amount": "650.0000",
    "Remarks": "TAILORING",
    "UserId": "alok",
    "EntryStatus": "0",
    "IsReadOnly": "True",
    "StoreId": "1"
  },
  {
    "TalioringDeliveryId": "37",
    "DeliveryDate": "2020-09-13T00:00:00.0000000",
    "TalioringBookingId": "129",
    "InvNo": "c33in000073",
    "Amount": "450.0000",
    "Remarks": "TAILORING",
    "UserId": "AlokKumar",
    "EntryStatus": "0",
    "IsReadOnly": "True",
    "StoreId": "1"
  },
  {
    "TalioringDeliveryId": "38",
    "DeliveryDate": "2020-09-12T00:00:00.0000000",
    "TalioringBookingId": "35",
    "InvNo": "c33in2000082",
    "Amount": "450.0000",
    "Remarks": "TAILORING",
    "UserId": "alok",
    "EntryStatus": "0",
    "IsReadOnly": "True",
    "StoreId": "1"
  },
  {
    "TalioringDeliveryId": "39",
    "DeliveryDate": "2020-09-09T00:00:00.0000000",
    "TalioringBookingId": "220",
    "InvNo": "C33IN2000066",
    "Amount": "800.0000",
    "Remarks": "",
    "UserId": "AlokKumar",
    "EntryStatus": "0",
    "IsReadOnly": "True",
    "StoreId": "1"
  },
  {
    "TalioringDeliveryId": "40",
    "DeliveryDate": "2020-09-09T00:00:00.0000000",
    "TalioringBookingId": "222",
    "InvNo": "C33IN2000067",
    "Amount": "700.0000",
    "Remarks": "",
    "UserId": "AlokKumar",
    "EntryStatus": "0",
    "IsReadOnly": "True",
    "StoreId": "1"
  },
  {
    "TalioringDeliveryId": "41",
    "DeliveryDate": "2020-09-05T00:00:00.0000000",
    "TalioringBookingId": "219",
    "InvNo": "C33IN2000061",
    "Amount": "2200.0000",
    "Remarks": "",
    "UserId": "AlokKumar",
    "EntryStatus": "0",
    "IsReadOnly": "True",
    "StoreId": "1"
  },
  {
    "TalioringDeliveryId": "42",
    "DeliveryDate": "2020-08-29T00:00:00.0000000",
    "TalioringBookingId": "168",
    "InvNo": "226",
    "Amount": "1600.0000",
    "Remarks": "TAILORING",
    "UserId": "AlokKumar",
    "EntryStatus": "0",
    "IsReadOnly": "True",
    "StoreId": "1"
  },
  {
    "TalioringDeliveryId": "43",
    "DeliveryDate": "2020-03-09T00:00:00.0000000",
    "TalioringBookingId": "158",
    "InvNo": "C33IN1901055",
    "Amount": "1300.0000",
    "Remarks": "TAILORING",
    "UserId": "AlokKumar",
    "EntryStatus": "0",
    "IsReadOnly": "True",
    "StoreId": "1"
  },
  {
    "TalioringDeliveryId": "44",
    "DeliveryDate": "2020-10-13T00:00:00.0000000",
    "TalioringBookingId": "51",
    "InvNo": "C33IN2000140",
    "Amount": "1300.0000",
    "Remarks": "TAILORING",
    "UserId": "alok",
    "EntryStatus": "0",
    "IsReadOnly": "True",
    "StoreId": "1"
  },
  {
    "TalioringDeliveryId": "45",
    "DeliveryDate": "2020-03-08T00:00:00.0000000",
    "TalioringBookingId": "154",
    "InvNo": "C33IN1901053",
    "Amount": "4150.0000",
    "Remarks": "",
    "UserId": "AlokKumar",
    "EntryStatus": "0",
    "IsReadOnly": "True",
    "StoreId": "1"
  },
  {
    "TalioringDeliveryId": "46",
    "DeliveryDate": "2020-03-06T00:00:00.0000000",
    "TalioringBookingId": "152",
    "InvNo": "C33IN1901051",
    "Amount": "700.0000",
    "Remarks": "TAILORING",
    "UserId": "AlokKumar",
    "EntryStatus": "0",
    "IsReadOnly": "True",
    "StoreId": "1"
  },
  {
    "TalioringDeliveryId": "47",
    "DeliveryDate": "2020-01-06T00:00:00.0000000",
    "TalioringBookingId": "181",
    "InvNo": "C33IN900954",
    "Amount": "2000.0000",
    "Remarks": "RS.200 EXTRA FOR OUT SIDE",
    "UserId": "AlokKumar",
    "EntryStatus": "0",
    "IsReadOnly": "True",
    "StoreId": "1"
  },
  {
    "TalioringDeliveryId": "48",
    "DeliveryDate": "2020-01-05T00:00:00.0000000",
    "TalioringBookingId": "186",
    "InvNo": "C33IN1900952",
    "Amount": "1600.0000",
    "Remarks": "TAILORING",
    "UserId": "AlokKumar",
    "EntryStatus": "0",
    "IsReadOnly": "True",
    "StoreId": "1"
  },
  {
    "TalioringDeliveryId": "49",
    "DeliveryDate": "2020-01-04T00:00:00.0000000",
    "TalioringBookingId": "182",
    "InvNo": "C33IN1900950",
    "Amount": "900.0000",
    "Remarks": "",
    "UserId": "AlokKumar",
    "EntryStatus": "0",
    "IsReadOnly": "True",
    "StoreId": "1"
  },
  {
    "TalioringDeliveryId": "50",
    "DeliveryDate": "2020-01-02T00:00:00.0000000",
    "TalioringBookingId": "174",
    "InvNo": "C33IN1900947",
    "Amount": "900.0000",
    "Remarks": "",
    "UserId": "AlokKumar",
    "EntryStatus": "0",
    "IsReadOnly": "True",
    "StoreId": "1"
  },
  {
    "TalioringDeliveryId": "51",
    "DeliveryDate": "2019-12-25T00:00:00.0000000",
    "TalioringBookingId": "180",
    "InvNo": "C33IN1900936",
    "Amount": "350.0000",
    "Remarks": "TAILORING",
    "UserId": "AlokKumar",
    "EntryStatus": "0",
    "IsReadOnly": "True",
    "StoreId": "1"
  },
  {
    "TalioringDeliveryId": "52",
    "DeliveryDate": "2019-12-25T00:00:00.0000000",
    "TalioringBookingId": "191",
    "InvNo": "C33IN1900935",
    "Amount": "900.0000",
    "Remarks": "TAILORING",
    "UserId": "AlokKumar",
    "EntryStatus": "0",
    "IsReadOnly": "True",
    "StoreId": "1"
  },
  {
    "TalioringDeliveryId": "53",
    "DeliveryDate": "2019-12-25T00:00:00.0000000",
    "TalioringBookingId": "177",
    "InvNo": "c33in1900938",
    "Amount": "5150.0000",
    "Remarks": "",
    "UserId": "AlokKumar",
    "EntryStatus": "0",
    "IsReadOnly": "True",
    "StoreId": "1"
  },
  {
    "TalioringDeliveryId": "54",
    "DeliveryDate": "2019-12-23T00:00:00.0000000",
    "TalioringBookingId": "172",
    "InvNo": "c33in1900933",
    "Amount": "4150.0000",
    "Remarks": "",
    "UserId": "AlokKumar",
    "EntryStatus": "0",
    "IsReadOnly": "True",
    "StoreId": "1"
  },
  {
    "TalioringDeliveryId": "55",
    "DeliveryDate": "2020-01-06T00:00:00.0000000",
    "TalioringBookingId": "162",
    "InvNo": "C33IN1900955",
    "Amount": "350.0000",
    "Remarks": "TAILORING",
    "UserId": "AlokKumar",
    "EntryStatus": "0",
    "IsReadOnly": "True",
    "StoreId": "1"
  },
  {
    "TalioringDeliveryId": "56",
    "DeliveryDate": "2019-12-23T00:00:00.0000000",
    "TalioringBookingId": "163",
    "InvNo": "C33IN1900933",
    "Amount": "4150.0000",
    "Remarks": "TAILORING",
    "UserId": "AlokKumar",
    "EntryStatus": "0",
    "IsReadOnly": "True",
    "StoreId": "1"
  },
  {
    "TalioringDeliveryId": "57",
    "DeliveryDate": "2019-12-23T00:00:00.0000000",
    "TalioringBookingId": "171",
    "InvNo": "C33IN1900931",
    "Amount": "900.0000",
    "Remarks": "TAILORING",
    "UserId": "AlokKumar",
    "EntryStatus": "0",
    "IsReadOnly": "True",
    "StoreId": "1"
  },
  {
    "TalioringDeliveryId": "58",
    "DeliveryDate": "2019-12-23T00:00:00.0000000",
    "TalioringBookingId": "170",
    "InvNo": "C33IN1900930",
    "Amount": "700.0000",
    "Remarks": "",
    "UserId": "AlokKumar",
    "EntryStatus": "0",
    "IsReadOnly": "True",
    "StoreId": "1"
  },
  {
    "TalioringDeliveryId": "59",
    "DeliveryDate": "2019-12-18T00:00:00.0000000",
    "TalioringBookingId": "163",
    "InvNo": "C33IN1900925",
    "Amount": "2700.0000",
    "Remarks": "TAILORING",
    "UserId": "AlokKumar",
    "EntryStatus": "0",
    "IsReadOnly": "True",
    "StoreId": "1"
  },
  {
    "TalioringDeliveryId": "60",
    "DeliveryDate": "2019-12-17T00:00:00.0000000",
    "TalioringBookingId": "183",
    "InvNo": "C33IN1900922",
    "Amount": "350.0000",
    "Remarks": "",
    "UserId": "AlokKumar",
    "EntryStatus": "0",
    "IsReadOnly": "True",
    "StoreId": "1"
  },
  {
    "TalioringDeliveryId": "61",
    "DeliveryDate": "2019-12-17T00:00:00.0000000",
    "TalioringBookingId": "175",
    "InvNo": "C33IN1900922",
    "Amount": "350.0000",
    "Remarks": "SYSTEM DELEVERY IN ADVANCE",
    "UserId": "AlokKumar",
    "EntryStatus": "0",
    "IsReadOnly": "True",
    "StoreId": "1"
  },
  {
    "TalioringDeliveryId": "62",
    "DeliveryDate": "2019-12-16T00:00:00.0000000",
    "TalioringBookingId": "167",
    "InvNo": "C33IN1900918",
    "Amount": "400.0000",
    "Remarks": "RS.50 FOR OUTSIDE FEBRIC",
    "UserId": "AlokKumar",
    "EntryStatus": "0",
    "IsReadOnly": "True",
    "StoreId": "1"
  },
  {
    "TalioringDeliveryId": "63",
    "DeliveryDate": "2019-12-11T00:00:00.0000000",
    "TalioringBookingId": "169",
    "InvNo": "C33IN1900903",
    "Amount": "450.0000",
    "Remarks": "TAILORING",
    "UserId": "AlokKumar",
    "EntryStatus": "0",
    "IsReadOnly": "True",
    "StoreId": "1"
  },
  {
    "TalioringDeliveryId": "64",
    "DeliveryDate": "2019-12-10T00:00:00.0000000",
    "TalioringBookingId": "1",
    "InvNo": "C33IN1900901",
    "Amount": "450.0000",
    "Remarks": "",
    "UserId": "AlokKumar",
    "EntryStatus": "0",
    "IsReadOnly": "True",
    "StoreId": "1"
  },
  {
    "TalioringDeliveryId": "65",
    "DeliveryDate": "2019-12-23T00:00:00.0000000",
    "TalioringBookingId": "178",
    "InvNo": "C33IN1900932",
    "Amount": "700.0000",
    "Remarks": "TAILORING",
    "UserId": "AlokKumar",
    "EntryStatus": "0",
    "IsReadOnly": "True",
    "StoreId": "1"
  },
  {
    "TalioringDeliveryId": "66",
    "DeliveryDate": "2020-01-07T00:00:00.0000000",
    "TalioringBookingId": "179",
    "InvNo": "C33IN1900956",
    "Amount": "450.0000",
    "Remarks": "TAILORING",
    "UserId": "AlokKumar",
    "EntryStatus": "0",
    "IsReadOnly": "True",
    "StoreId": "1"
  },
  {
    "TalioringDeliveryId": "67",
    "DeliveryDate": "2020-01-14T00:00:00.0000000",
    "TalioringBookingId": "175",
    "InvNo": "C33IN1900968",
    "Amount": "4300.0000",
    "Remarks": "RS.500 FOR OUTSIDE CLOTH",
    "UserId": "AlokKumar",
    "EntryStatus": "0",
    "IsReadOnly": "True",
    "StoreId": "1"
  },
  {
    "TalioringDeliveryId": "68",
    "DeliveryDate": "2020-01-17T00:00:00.0000000",
    "TalioringBookingId": "185",
    "InvNo": "c33in1900969",
    "Amount": "800.0000",
    "Remarks": "",
    "UserId": "AlokKumar",
    "EntryStatus": "0",
    "IsReadOnly": "True",
    "StoreId": "1"
  },
  {
    "TalioringDeliveryId": "69",
    "DeliveryDate": "2020-03-03T00:00:00.0000000",
    "TalioringBookingId": "235",
    "InvNo": "c33in19001047",
    "Amount": "850.0000",
    "Remarks": "",
    "UserId": "AmitKumar",
    "EntryStatus": "0",
    "IsReadOnly": "True",
    "StoreId": "1"
  },
  {
    "TalioringDeliveryId": "70",
    "DeliveryDate": "2020-03-03T00:00:00.0000000",
    "TalioringBookingId": "151",
    "InvNo": "c33in19001046",
    "Amount": "700.0000",
    "Remarks": "",
    "UserId": "AmitKumar",
    "EntryStatus": "0",
    "IsReadOnly": "True",
    "StoreId": "1"
  },
  {
    "TalioringDeliveryId": "71",
    "DeliveryDate": "2020-03-02T00:00:00.0000000",
    "TalioringBookingId": "137",
    "InvNo": "c33in19001042",
    "Amount": "5150.0000",
    "Remarks": "",
    "UserId": "AmitKumar",
    "EntryStatus": "0",
    "IsReadOnly": "True",
    "StoreId": "1"
  },
  {
    "TalioringDeliveryId": "72",
    "DeliveryDate": "2020-02-29T00:00:00.0000000",
    "TalioringBookingId": "134",
    "InvNo": "C33IN1901032",
    "Amount": "5150.0000",
    "Remarks": "TAILORING",
    "UserId": "AlokKumar",
    "EntryStatus": "0",
    "IsReadOnly": "True",
    "StoreId": "1"
  },
  {
    "TalioringDeliveryId": "73",
    "DeliveryDate": "2020-02-29T00:00:00.0000000",
    "TalioringBookingId": "143",
    "InvNo": "c33in19001037",
    "Amount": "350.0000",
    "Remarks": "",
    "UserId": "AmitKumar",
    "EntryStatus": "0",
    "IsReadOnly": "True",
    "StoreId": "1"
  },
  {
    "TalioringDeliveryId": "74",
    "DeliveryDate": "2020-02-29T00:00:00.0000000",
    "TalioringBookingId": "146",
    "InvNo": "c33in19001036",
    "Amount": "900.0000",
    "Remarks": "",
    "UserId": "AmitKumar",
    "EntryStatus": "0",
    "IsReadOnly": "True",
    "StoreId": "1"
  },
  {
    "TalioringDeliveryId": "75",
    "DeliveryDate": "2020-02-29T00:00:00.0000000",
    "TalioringBookingId": "148",
    "InvNo": "c33in19001034",
    "Amount": "2000.0000",
    "Remarks": "",
    "UserId": "AmitKumar",
    "EntryStatus": "0",
    "IsReadOnly": "True",
    "StoreId": "1"
  },
  {
    "TalioringDeliveryId": "76",
    "DeliveryDate": "2020-02-28T00:00:00.0000000",
    "TalioringBookingId": "159",
    "InvNo": "c33in19001030",
    "Amount": "900.0000",
    "Remarks": "",
    "UserId": "AmitKumar",
    "EntryStatus": "0",
    "IsReadOnly": "True",
    "StoreId": "1"
  },
  {
    "TalioringDeliveryId": "77",
    "DeliveryDate": "2020-02-26T00:00:00.0000000",
    "TalioringBookingId": "141",
    "InvNo": "c33in19001021",
    "Amount": "900.0000",
    "Remarks": "",
    "UserId": "AmitKumar",
    "EntryStatus": "0",
    "IsReadOnly": "True",
    "StoreId": "1"
  },
  {
    "TalioringDeliveryId": "78",
    "DeliveryDate": "2020-02-26T00:00:00.0000000",
    "TalioringBookingId": "139",
    "InvNo": "c33in19001019",
    "Amount": "1700.0000",
    "Remarks": "",
    "UserId": "AmitKumar",
    "EntryStatus": "0",
    "IsReadOnly": "True",
    "StoreId": "1"
  },
  {
    "TalioringDeliveryId": "79",
    "DeliveryDate": "2020-02-26T00:00:00.0000000",
    "TalioringBookingId": "135",
    "InvNo": "c33in19001017",
    "Amount": "350.0000",
    "Remarks": "",
    "UserId": "AmitKumar",
    "EntryStatus": "0",
    "IsReadOnly": "True",
    "StoreId": "1"
  },
  {
    "TalioringDeliveryId": "80",
    "DeliveryDate": "2020-02-23T00:00:00.0000000",
    "TalioringBookingId": "147",
    "InvNo": "c33in19001014",
    "Amount": "1150.0000",
    "Remarks": "",
    "UserId": "AmitKumar",
    "EntryStatus": "0",
    "IsReadOnly": "True",
    "StoreId": "1"
  },
  {
    "TalioringDeliveryId": "81",
    "DeliveryDate": "2020-02-20T00:00:00.0000000",
    "TalioringBookingId": "138",
    "InvNo": "c33in19001008",
    "Amount": "800.0000",
    "Remarks": "",
    "UserId": "AmitKumar",
    "EntryStatus": "0",
    "IsReadOnly": "True",
    "StoreId": "1"
  },
  {
    "TalioringDeliveryId": "82",
    "DeliveryDate": "2020-02-02T00:00:00.0000000",
    "TalioringBookingId": "187",
    "InvNo": "C33IN1900982",
    "Amount": "1350.0000",
    "Remarks": "",
    "UserId": "AmitKumar",
    "EntryStatus": "0",
    "IsReadOnly": "True",
    "StoreId": "1"
  },
  {
    "TalioringDeliveryId": "83",
    "DeliveryDate": "2020-01-29T00:00:00.0000000",
    "TalioringBookingId": "190",
    "InvNo": "c33in1900980",
    "Amount": "800.0000",
    "Remarks": "",
    "UserId": "AlokKumar",
    "EntryStatus": "0",
    "IsReadOnly": "True",
    "StoreId": "1"
  },
  {
    "TalioringDeliveryId": "84",
    "DeliveryDate": "2020-01-28T00:00:00.0000000",
    "TalioringBookingId": "189",
    "InvNo": "c33in1900979",
    "Amount": "800.0000",
    "Remarks": "",
    "UserId": "AlokKumar",
    "EntryStatus": "0",
    "IsReadOnly": "True",
    "StoreId": "1"
  },
  {
    "TalioringDeliveryId": "85",
    "DeliveryDate": "2020-01-23T00:00:00.0000000",
    "TalioringBookingId": "173",
    "InvNo": "C33IN1900977",
    "Amount": "3350.0000",
    "Remarks": "RS.350 DISCOUNT",
    "UserId": "AlokKumar",
    "EntryStatus": "0",
    "IsReadOnly": "True",
    "StoreId": "1"
  },
  {
    "TalioringDeliveryId": "86",
    "DeliveryDate": "2020-01-20T00:00:00.0000000",
    "TalioringBookingId": "184",
    "InvNo": "C33IN1900974",
    "Amount": "5150.0000",
    "Remarks": "TAILORING",
    "UserId": "AlokKumar",
    "EntryStatus": "0",
    "IsReadOnly": "True",
    "StoreId": "1"
  },
  {
    "TalioringDeliveryId": "87",
    "DeliveryDate": "2020-01-20T00:00:00.0000000",
    "TalioringBookingId": "188",
    "InvNo": "C33IN1900973",
    "Amount": "2100.0000",
    "Remarks": "EXTRA 150FOR OUTSIDE CLOTH",
    "UserId": "AlokKumar",
    "EntryStatus": "0",
    "IsReadOnly": "True",
    "StoreId": "1"
  },
  {
    "TalioringDeliveryId": "88",
    "DeliveryDate": "2020-03-08T00:00:00.0000000",
    "TalioringBookingId": "155",
    "InvNo": "C33IN1901054",
    "Amount": "800.0000",
    "Remarks": "CARD PAYMENT",
    "UserId": "AlokKumar",
    "EntryStatus": "0",
    "IsReadOnly": "True",
    "StoreId": "1"
  },
  {
    "TalioringDeliveryId": "89",
    "DeliveryDate": "2020-10-13T00:00:00.0000000",
    "TalioringBookingId": "62",
    "InvNo": "C33IN2000143",
    "Amount": "2350.0000",
    "Remarks": "TAILORING",
    "UserId": "alok",
    "EntryStatus": "0",
    "IsReadOnly": "True",
    "StoreId": "1"
  },
  {
    "TalioringDeliveryId": "90",
    "DeliveryDate": "2020-10-13T00:00:00.0000000",
    "TalioringBookingId": "221",
    "InvNo": "C33IN2000144",
    "Amount": "6050.0000",
    "Remarks": "TAILORING",
    "UserId": "alok",
    "EntryStatus": "0",
    "IsReadOnly": "True",
    "StoreId": "1"
  },
  {
    "TalioringDeliveryId": "91",
    "DeliveryDate": "2020-10-13T00:00:00.0000000",
    "TalioringBookingId": "40",
    "InvNo": "C33IN2000145",
    "Amount": "2400.0000",
    "Remarks": "TAILORING",
    "UserId": "alok",
    "EntryStatus": "0",
    "IsReadOnly": "True",
    "StoreId": "1"
  },
  {
    "TalioringDeliveryId": "92",
    "DeliveryDate": "2020-12-14T00:00:00.0000000",
    "TalioringBookingId": "118",
    "InvNo": "c33in2000320",
    "Amount": "1050.0000",
    "Remarks": "TAILORING",
    "UserId": "alok",
    "EntryStatus": "0",
    "IsReadOnly": "True",
    "StoreId": "1"
  },
  {
    "TalioringDeliveryId": "93",
    "DeliveryDate": "2020-12-13T00:00:00.0000000",
    "TalioringBookingId": "120",
    "InvNo": "c33in2000319",
    "Amount": "1500.0000",
    "Remarks": "TAILORING",
    "UserId": "alok",
    "EntryStatus": "0",
    "IsReadOnly": "True",
    "StoreId": "1"
  },
  {
    "TalioringDeliveryId": "94",
    "DeliveryDate": "2020-12-12T00:00:00.0000000",
    "TalioringBookingId": "121",
    "InvNo": "c33in2000318",
    "Amount": "1600.0000",
    "Remarks": "TAILORING",
    "UserId": "alok",
    "EntryStatus": "0",
    "IsReadOnly": "True",
    "StoreId": "1"
  },
  {
    "TalioringDeliveryId": "95",
    "DeliveryDate": "2020-12-11T00:00:00.0000000",
    "TalioringBookingId": "119",
    "InvNo": "c33in2000317",
    "Amount": "450.0000",
    "Remarks": "TAILORING",
    "UserId": "alok",
    "EntryStatus": "0",
    "IsReadOnly": "True",
    "StoreId": "1"
  },
  {
    "TalioringDeliveryId": "96",
    "DeliveryDate": "2020-12-09T00:00:00.0000000",
    "TalioringBookingId": "113",
    "InvNo": "C33IN2000315",
    "Amount": "650.0000",
    "Remarks": "TAILORING",
    "UserId": "alok",
    "EntryStatus": "0",
    "IsReadOnly": "True",
    "StoreId": "1"
  },
  {
    "TalioringDeliveryId": "97",
    "DeliveryDate": "2020-12-06T00:00:00.0000000",
    "TalioringBookingId": "110",
    "InvNo": "C33IN2000313",
    "Amount": "13650.0000",
    "Remarks": "TAILORING",
    "UserId": "alok",
    "EntryStatus": "0",
    "IsReadOnly": "True",
    "StoreId": "1"
  },
  {
    "TalioringDeliveryId": "98",
    "DeliveryDate": "2020-12-05T00:00:00.0000000",
    "TalioringBookingId": "117",
    "InvNo": "c33in2000311",
    "Amount": "3350.0000",
    "Remarks": "TAILORING",
    "UserId": "alok",
    "EntryStatus": "0",
    "IsReadOnly": "True",
    "StoreId": "1"
  },
  {
    "TalioringDeliveryId": "99",
    "DeliveryDate": "2020-12-04T00:00:00.0000000",
    "TalioringBookingId": "112",
    "InvNo": "c33in2000308",
    "Amount": "4150.0000",
    "Remarks": "TAILORING",
    "UserId": "alok",
    "EntryStatus": "0",
    "IsReadOnly": "True",
    "StoreId": "1"
  },
  {
    "TalioringDeliveryId": "100",
    "DeliveryDate": "2020-12-27T00:00:00.0000000",
    "TalioringBookingId": "122",
    "InvNo": "c33in2000331",
    "Amount": "350.0000",
    "Remarks": "TAILORING",
    "UserId": "alok",
    "EntryStatus": "0",
    "IsReadOnly": "True",
    "StoreId": "1"
  },
  {
    "TalioringDeliveryId": "101",
    "DeliveryDate": "2020-12-04T00:00:00.0000000",
    "TalioringBookingId": "116",
    "InvNo": "c33in2000307",
    "Amount": "900.0000",
    "Remarks": "TAILORING",
    "UserId": "alok",
    "EntryStatus": "0",
    "IsReadOnly": "True",
    "StoreId": "1"
  },
  {
    "TalioringDeliveryId": "102",
    "DeliveryDate": "2020-12-02T00:00:00.0000000",
    "TalioringBookingId": "6",
    "InvNo": "c33in2000303",
    "Amount": "800.0000",
    "Remarks": "TAILORING",
    "UserId": "alok",
    "EntryStatus": "0",
    "IsReadOnly": "True",
    "StoreId": "1"
  },
  {
    "TalioringDeliveryId": "103",
    "DeliveryDate": "2020-11-27T00:00:00.0000000",
    "TalioringBookingId": "111",
    "InvNo": "c33in2000297",
    "Amount": "5050.0000",
    "Remarks": "TAILORING",
    "UserId": "alok",
    "EntryStatus": "0",
    "IsReadOnly": "True",
    "StoreId": "1"
  },
  {
    "TalioringDeliveryId": "104",
    "DeliveryDate": "2020-11-27T00:00:00.0000000",
    "TalioringBookingId": "114",
    "InvNo": "c33in2000295",
    "Amount": "700.0000",
    "Remarks": "TAILORING",
    "UserId": "alok",
    "EntryStatus": "0",
    "IsReadOnly": "True",
    "StoreId": "1"
  },
  {
    "TalioringDeliveryId": "105",
    "DeliveryDate": "2020-11-26T00:00:00.0000000",
    "TalioringBookingId": "109",
    "InvNo": "c33in2000294",
    "Amount": "2400.0000",
    "Remarks": "TAILORING",
    "UserId": "alok",
    "EntryStatus": "0",
    "IsReadOnly": "True",
    "StoreId": "1"
  },
  {
    "TalioringDeliveryId": "106",
    "DeliveryDate": "2020-11-24T00:00:00.0000000",
    "TalioringBookingId": "105",
    "InvNo": "c33in2000290",
    "Amount": "450.0000",
    "Remarks": "TAILORING",
    "UserId": "AmitKumar",
    "EntryStatus": "0",
    "IsReadOnly": "True",
    "StoreId": "1"
  },
  {
    "TalioringDeliveryId": "107",
    "DeliveryDate": "2020-11-23T00:00:00.0000000",
    "TalioringBookingId": "103",
    "InvNo": "C33IN2000287",
    "Amount": "700.0000",
    "Remarks": "TAILORING",
    "UserId": "alok",
    "EntryStatus": "0",
    "IsReadOnly": "True",
    "StoreId": "1"
  },
  {
    "TalioringDeliveryId": "108",
    "DeliveryDate": "2020-11-23T00:00:00.0000000",
    "TalioringBookingId": "100",
    "InvNo": "C33IN2000286",
    "Amount": "1500.0000",
    "Remarks": "TAILORING",
    "UserId": "alok",
    "EntryStatus": "0",
    "IsReadOnly": "True",
    "StoreId": "1"
  },
  {
    "TalioringDeliveryId": "109",
    "DeliveryDate": "2020-11-23T00:00:00.0000000",
    "TalioringBookingId": "99",
    "InvNo": "C33IN2000285",
    "Amount": "350.0000",
    "Remarks": "TAILORING",
    "UserId": "alok",
    "EntryStatus": "0",
    "IsReadOnly": "True",
    "StoreId": "1"
  },
  {
    "TalioringDeliveryId": "110",
    "DeliveryDate": "2020-12-03T00:00:00.0000000",
    "TalioringBookingId": "115",
    "InvNo": "C33IN2000306",
    "Amount": "400.0000",
    "Remarks": "RS. 50 EXTRA FOR OUTSIDE FEBRIC",
    "UserId": "alok",
    "EntryStatus": "0",
    "IsReadOnly": "True",
    "StoreId": "1"
  },
  {
    "TalioringDeliveryId": "111",
    "DeliveryDate": "2020-12-31T00:00:00.0000000",
    "TalioringBookingId": "124",
    "InvNo": "C33IN2000335",
    "Amount": "4150.0000",
    "Remarks": "TAILORING",
    "UserId": "alok",
    "EntryStatus": "0",
    "IsReadOnly": "True",
    "StoreId": "1"
  },
  {
    "TalioringDeliveryId": "112",
    "DeliveryDate": "2021-01-06T00:00:00.0000000",
    "TalioringBookingId": "48",
    "InvNo": "c33in2000341",
    "Amount": "350.0000",
    "Remarks": "TAILORING",
    "UserId": "alok",
    "EntryStatus": "0",
    "IsReadOnly": "True",
    "StoreId": "1"
  },
  {
    "TalioringDeliveryId": "113",
    "DeliveryDate": "2021-01-08T00:00:00.0000000",
    "TalioringBookingId": "125",
    "InvNo": "c33in2000343",
    "Amount": "1450.0000",
    "Remarks": "TAILORING",
    "UserId": "alok",
    "EntryStatus": "0",
    "IsReadOnly": "True",
    "StoreId": "1"
  },
  {
    "TalioringDeliveryId": "114",
    "DeliveryDate": "2021-02-08T00:00:00.0000000",
    "TalioringBookingId": "88",
    "InvNo": "ard237",
    "Amount": "900.0000",
    "Remarks": "tailoring",
    "UserId": "alok",
    "EntryStatus": "0",
    "IsReadOnly": "True",
    "StoreId": "1"
  },
  {
    "TalioringDeliveryId": "115",
    "DeliveryDate": "2021-02-08T00:00:00.0000000",
    "TalioringBookingId": "90",
    "InvNo": "ard236",
    "Amount": "800.0000",
    "Remarks": "tailoring",
    "UserId": "alok",
    "EntryStatus": "0",
    "IsReadOnly": "True",
    "StoreId": "1"
  },
  {
    "TalioringDeliveryId": "116",
    "DeliveryDate": "2021-02-06T00:00:00.0000000",
    "TalioringBookingId": "78",
    "InvNo": "235",
    "Amount": "4700.0000",
    "Remarks": "",
    "UserId": "alok",
    "EntryStatus": "0",
    "IsReadOnly": "True",
    "StoreId": "1"
  },
  {
    "TalioringDeliveryId": "117",
    "DeliveryDate": "2021-02-05T00:00:00.0000000",
    "TalioringBookingId": "94",
    "InvNo": "c33in2000384",
    "Amount": "800.0000",
    "Remarks": "TAILORING",
    "UserId": "alok",
    "EntryStatus": "0",
    "IsReadOnly": "True",
    "StoreId": "1"
  },
  {
    "TalioringDeliveryId": "118",
    "DeliveryDate": "2021-02-05T00:00:00.0000000",
    "TalioringBookingId": "83",
    "InvNo": "c33in200383",
    "Amount": "800.0000",
    "Remarks": "TAILORING",
    "UserId": "alok",
    "EntryStatus": "0",
    "IsReadOnly": "True",
    "StoreId": "1"
  },
  {
    "TalioringDeliveryId": "119",
    "DeliveryDate": "2021-02-04T00:00:00.0000000",
    "TalioringBookingId": "92",
    "InvNo": "C33in2000381",
    "Amount": "650.0000",
    "Remarks": "Tailoring",
    "UserId": "alok",
    "EntryStatus": "0",
    "IsReadOnly": "True",
    "StoreId": "1"
  },
  {
    "TalioringDeliveryId": "120",
    "DeliveryDate": "2021-01-29T00:00:00.0000000",
    "TalioringBookingId": "75",
    "InvNo": "ard233",
    "Amount": "1250.0000",
    "Remarks": "",
    "UserId": "alok",
    "EntryStatus": "0",
    "IsReadOnly": "True",
    "StoreId": "1"
  },
  {
    "TalioringDeliveryId": "121",
    "DeliveryDate": "2021-01-28T00:00:00.0000000",
    "TalioringBookingId": "77",
    "InvNo": "ard230",
    "Amount": "400.0000",
    "Remarks": "tailoring",
    "UserId": "alok",
    "EntryStatus": "0",
    "IsReadOnly": "True",
    "StoreId": "1"
  },
  {
    "TalioringDeliveryId": "122",
    "DeliveryDate": "2021-01-27T00:00:00.0000000",
    "TalioringBookingId": "81",
    "InvNo": "ardt229",
    "Amount": "800.0000",
    "Remarks": "advance delivery",
    "UserId": "alok",
    "EntryStatus": "0",
    "IsReadOnly": "True",
    "StoreId": "1"
  },
  {
    "TalioringDeliveryId": "123",
    "DeliveryDate": "2021-01-27T00:00:00.0000000",
    "TalioringBookingId": "81",
    "InvNo": "ardt229",
    "Amount": "800.0000",
    "Remarks": "advance delivery",
    "UserId": "alok",
    "EntryStatus": "0",
    "IsReadOnly": "True",
    "StoreId": "1"
  },
  {
    "TalioringDeliveryId": "124",
    "DeliveryDate": "2021-01-24T00:00:00.0000000",
    "TalioringBookingId": "74",
    "InvNo": "ard228",
    "Amount": "3500.0000",
    "Remarks": "tailoring",
    "UserId": "alok",
    "EntryStatus": "0",
    "IsReadOnly": "True",
    "StoreId": "1"
  },
  {
    "TalioringDeliveryId": "125",
    "DeliveryDate": "2021-01-16T00:00:00.0000000",
    "TalioringBookingId": "71",
    "InvNo": "C33IN2000364",
    "Amount": "450.0000",
    "Remarks": "TAILORING",
    "UserId": "alok",
    "EntryStatus": "0",
    "IsReadOnly": "True",
    "StoreId": "1"
  },
  {
    "TalioringDeliveryId": "126",
    "DeliveryDate": "2021-01-16T00:00:00.0000000",
    "TalioringBookingId": "123",
    "InvNo": "c33in2000362",
    "Amount": "1000.0000",
    "Remarks": "TAILORING",
    "UserId": "alok",
    "EntryStatus": "0",
    "IsReadOnly": "True",
    "StoreId": "1"
  },
  {
    "TalioringDeliveryId": "127",
    "DeliveryDate": "2021-01-14T00:00:00.0000000",
    "TalioringBookingId": "70",
    "InvNo": "c33in2000360",
    "Amount": "450.0000",
    "Remarks": "TAILORING",
    "UserId": "alok",
    "EntryStatus": "0",
    "IsReadOnly": "True",
    "StoreId": "1"
  },
  {
    "TalioringDeliveryId": "128",
    "DeliveryDate": "2021-01-12T00:00:00.0000000",
    "TalioringBookingId": "95",
    "InvNo": "c33in2000358",
    "Amount": "1150.0000",
    "Remarks": "TAILORING",
    "UserId": "alok",
    "EntryStatus": "0",
    "IsReadOnly": "True",
    "StoreId": "1"
  },
  {
    "TalioringDeliveryId": "129",
    "DeliveryDate": "2021-01-12T00:00:00.0000000",
    "TalioringBookingId": "96",
    "InvNo": "c33in2000357",
    "Amount": "800.0000",
    "Remarks": "TAILORING",
    "UserId": "alok",
    "EntryStatus": "0",
    "IsReadOnly": "True",
    "StoreId": "1"
  },
  {
    "TalioringDeliveryId": "130",
    "DeliveryDate": "2021-01-11T00:00:00.0000000",
    "TalioringBookingId": "126",
    "InvNo": "c33in2000354",
    "Amount": "800.0000",
    "Remarks": "TAILORING",
    "UserId": "alok",
    "EntryStatus": "0",
    "IsReadOnly": "True",
    "StoreId": "1"
  },
  {
    "TalioringDeliveryId": "131",
    "DeliveryDate": "2021-01-11T00:00:00.0000000",
    "TalioringBookingId": "126",
    "InvNo": "c33in2000354",
    "Amount": "800.0000",
    "Remarks": "TAILORING",
    "UserId": "alok",
    "EntryStatus": "0",
    "IsReadOnly": "True",
    "StoreId": "1"
  },
  {
    "TalioringDeliveryId": "132",
    "DeliveryDate": "2021-01-11T00:00:00.0000000",
    "TalioringBookingId": "79",
    "InvNo": "c33in2000350",
    "Amount": "3350.0000",
    "Remarks": "TAILORING",
    "UserId": "alok",
    "EntryStatus": "0",
    "IsReadOnly": "True",
    "StoreId": "1"
  },
  {
    "TalioringDeliveryId": "133",
    "DeliveryDate": "2020-11-23T00:00:00.0000000",
    "TalioringBookingId": "98",
    "InvNo": "C33IN2000284",
    "Amount": "350.0000",
    "Remarks": "TAILORING",
    "UserId": "alok",
    "EntryStatus": "0",
    "IsReadOnly": "True",
    "StoreId": "1"
  },
  {
    "TalioringDeliveryId": "134",
    "DeliveryDate": "2020-11-23T00:00:00.0000000",
    "TalioringBookingId": "104",
    "InvNo": "C33IN2000282",
    "Amount": "1150.0000",
    "Remarks": "TAILORING",
    "UserId": "alok",
    "EntryStatus": "0",
    "IsReadOnly": "True",
    "StoreId": "1"
  },
  {
    "TalioringDeliveryId": "135",
    "DeliveryDate": "2020-11-21T00:00:00.0000000",
    "TalioringBookingId": "108",
    "InvNo": "c33in2000278",
    "Amount": "350.0000",
    "Remarks": "TAILORING",
    "UserId": "alok",
    "EntryStatus": "0",
    "IsReadOnly": "True",
    "StoreId": "1"
  },
  {
    "TalioringDeliveryId": "136",
    "DeliveryDate": "2020-11-21T00:00:00.0000000",
    "TalioringBookingId": "107",
    "InvNo": "c33in2000277",
    "Amount": "800.0000",
    "Remarks": "TAILORING",
    "UserId": "alok",
    "EntryStatus": "0",
    "IsReadOnly": "True",
    "StoreId": "1"
  },
  {
    "TalioringDeliveryId": "137",
    "DeliveryDate": "2020-10-23T00:00:00.0000000",
    "TalioringBookingId": "10",
    "InvNo": "c33in2000205",
    "Amount": "800.0000",
    "Remarks": "TAILORING",
    "UserId": "alok",
    "EntryStatus": "0",
    "IsReadOnly": "True",
    "StoreId": "1"
  },
  {
    "TalioringDeliveryId": "138",
    "DeliveryDate": "2020-10-23T00:00:00.0000000",
    "TalioringBookingId": "16",
    "InvNo": "c33in2000204",
    "Amount": "350.0000",
    "Remarks": "TAILORING",
    "UserId": "alok",
    "EntryStatus": "0",
    "IsReadOnly": "True",
    "StoreId": "1"
  },
  {
    "TalioringDeliveryId": "139",
    "DeliveryDate": "2020-10-23T00:00:00.0000000",
    "TalioringBookingId": "9",
    "InvNo": "c33in2000202",
    "Amount": "1600.0000",
    "Remarks": "TAILORING",
    "UserId": "alok",
    "EntryStatus": "0",
    "IsReadOnly": "True",
    "StoreId": "1"
  },
  {
    "TalioringDeliveryId": "140",
    "DeliveryDate": "2020-10-23T00:00:00.0000000",
    "TalioringBookingId": "11",
    "InvNo": "c33in2000201",
    "Amount": "350.0000",
    "Remarks": "TAILORING",
    "UserId": "alok",
    "EntryStatus": "0",
    "IsReadOnly": "True",
    "StoreId": "1"
  },
  {
    "TalioringDeliveryId": "141",
    "DeliveryDate": "2020-10-22T00:00:00.0000000",
    "TalioringBookingId": "7",
    "InvNo": "c33in2000198",
    "Amount": "900.0000",
    "Remarks": "TAILORING",
    "UserId": "alok",
    "EntryStatus": "0",
    "IsReadOnly": "True",
    "StoreId": "1"
  },
  {
    "TalioringDeliveryId": "142",
    "DeliveryDate": "2020-10-21T00:00:00.0000000",
    "TalioringBookingId": "3",
    "InvNo": "c33in2000188",
    "Amount": "1600.0000",
    "Remarks": "TAILORING",
    "UserId": "alok",
    "EntryStatus": "0",
    "IsReadOnly": "True",
    "StoreId": "1"
  },
  {
    "TalioringDeliveryId": "143",
    "DeliveryDate": "2020-10-21T00:00:00.0000000",
    "TalioringBookingId": "55",
    "InvNo": "c33in2000189",
    "Amount": "450.0000",
    "Remarks": "TAILORING",
    "UserId": "alok",
    "EntryStatus": "0",
    "IsReadOnly": "True",
    "StoreId": "1"
  },
  {
    "TalioringDeliveryId": "144",
    "DeliveryDate": "2020-10-20T00:00:00.0000000",
    "TalioringBookingId": "8",
    "InvNo": "C33IN2000187",
    "Amount": "450.0000",
    "Remarks": "TAILORING",
    "UserId": "alok",
    "EntryStatus": "0",
    "IsReadOnly": "True",
    "StoreId": "1"
  },
  {
    "TalioringDeliveryId": "145",
    "DeliveryDate": "2020-10-20T00:00:00.0000000",
    "TalioringBookingId": "61",
    "InvNo": "c33in2000177",
    "Amount": "800.0000",
    "Remarks": "TAILORING",
    "UserId": "alok",
    "EntryStatus": "0",
    "IsReadOnly": "True",
    "StoreId": "1"
  },
  {
    "TalioringDeliveryId": "146",
    "DeliveryDate": "2020-10-20T00:00:00.0000000",
    "TalioringBookingId": "4",
    "InvNo": "C33IN2000178",
    "Amount": "1000.0000",
    "Remarks": "TAILORING",
    "UserId": "alok",
    "EntryStatus": "0",
    "IsReadOnly": "True",
    "StoreId": "1"
  },
  {
    "TalioringDeliveryId": "147",
    "DeliveryDate": "2020-10-20T00:00:00.0000000",
    "TalioringBookingId": "59",
    "InvNo": "C33IN2000185",
    "Amount": "450.0000",
    "Remarks": "TAILORING",
    "UserId": "alok",
    "EntryStatus": "0",
    "IsReadOnly": "True",
    "StoreId": "1"
  },
  {
    "TalioringDeliveryId": "148",
    "DeliveryDate": "2020-10-19T00:00:00.0000000",
    "TalioringBookingId": "56",
    "InvNo": "C33IN2000172",
    "Amount": "700.0000",
    "Remarks": "TAILORING",
    "UserId": "alok",
    "EntryStatus": "0",
    "IsReadOnly": "True",
    "StoreId": "1"
  },
  {
    "TalioringDeliveryId": "149",
    "DeliveryDate": "2020-10-19T00:00:00.0000000",
    "TalioringBookingId": "60",
    "InvNo": "c33in200169",
    "Amount": "1300.0000",
    "Remarks": "TAILORING",
    "UserId": "alok",
    "EntryStatus": "0",
    "IsReadOnly": "True",
    "StoreId": "1"
  },
  {
    "TalioringDeliveryId": "150",
    "DeliveryDate": "2020-10-19T00:00:00.0000000",
    "TalioringBookingId": "32",
    "InvNo": "c33in2000168",
    "Amount": "650.0000",
    "Remarks": "TAILORING",
    "UserId": "alok",
    "EntryStatus": "0",
    "IsReadOnly": "True",
    "StoreId": "1"
  },
  {
    "TalioringDeliveryId": "151",
    "DeliveryDate": "2020-10-18T00:00:00.0000000",
    "TalioringBookingId": "57",
    "InvNo": "C33IN2000166",
    "Amount": "350.0000",
    "Remarks": "TAILORING",
    "UserId": "alok",
    "EntryStatus": "0",
    "IsReadOnly": "True",
    "StoreId": "1"
  },
  {
    "TalioringDeliveryId": "152",
    "DeliveryDate": "2020-10-17T00:00:00.0000000",
    "TalioringBookingId": "58",
    "InvNo": "C33IN2000162",
    "Amount": "2350.0000",
    "Remarks": "TAILORING",
    "UserId": "AmitKumar",
    "EntryStatus": "0",
    "IsReadOnly": "True",
    "StoreId": "1"
  },
  {
    "TalioringDeliveryId": "153",
    "DeliveryDate": "2020-10-17T00:00:00.0000000",
    "TalioringBookingId": "53",
    "InvNo": "C33IN2000157",
    "Amount": "350.0000",
    "Remarks": "TAILORING",
    "UserId": "alok",
    "EntryStatus": "0",
    "IsReadOnly": "True",
    "StoreId": "1"
  },
  {
    "TalioringDeliveryId": "154",
    "DeliveryDate": "2020-10-16T00:00:00.0000000",
    "TalioringBookingId": "54",
    "InvNo": "C33IN2000156",
    "Amount": "800.0000",
    "Remarks": "",
    "UserId": "alok",
    "EntryStatus": "0",
    "IsReadOnly": "True",
    "StoreId": "1"
  },
  {
    "TalioringDeliveryId": "155",
    "DeliveryDate": "2020-10-14T00:00:00.0000000",
    "TalioringBookingId": "49",
    "InvNo": "C33IN2000148",
    "Amount": "800.0000",
    "Remarks": "TAILORING",
    "UserId": "alok",
    "EntryStatus": "0",
    "IsReadOnly": "True",
    "StoreId": "1"
  },
  {
    "TalioringDeliveryId": "156",
    "DeliveryDate": "2020-10-28T00:00:00.0000000",
    "TalioringBookingId": "2",
    "InvNo": "c33in2000208",
    "Amount": "450.0000",
    "Remarks": "TAILORING",
    "UserId": "alok",
    "EntryStatus": "0",
    "IsReadOnly": "True",
    "StoreId": "1"
  },
  {
    "TalioringDeliveryId": "157",
    "DeliveryDate": "2019-12-08T00:00:00.0000000",
    "TalioringBookingId": "136",
    "InvNo": "c33in1900898",
    "Amount": "800.0000",
    "Remarks": "",
    "UserId": "AlokKumar",
    "EntryStatus": "0",
    "IsReadOnly": "True",
    "StoreId": "1"
  },
  {
    "TalioringDeliveryId": "158",
    "DeliveryDate": "2020-10-28T00:00:00.0000000",
    "TalioringBookingId": "5",
    "InvNo": "c33in2000209",
    "Amount": "450.0000",
    "Remarks": "TAILORING",
    "UserId": "alok",
    "EntryStatus": "0",
    "IsReadOnly": "True",
    "StoreId": "1"
  },
  {
    "TalioringDeliveryId": "159",
    "DeliveryDate": "2020-10-30T00:00:00.0000000",
    "TalioringBookingId": "30",
    "InvNo": "c33in2000217",
    "Amount": "700.0000",
    "Remarks": "TAILORING",
    "UserId": "alok",
    "EntryStatus": "0",
    "IsReadOnly": "True",
    "StoreId": "1"
  },
  {
    "TalioringDeliveryId": "160",
    "DeliveryDate": "2020-11-17T00:00:00.0000000",
    "TalioringBookingId": "65",
    "InvNo": "c33in2000270",
    "Amount": "800.0000",
    "Remarks": "TAILORING",
    "UserId": "alok",
    "EntryStatus": "0",
    "IsReadOnly": "True",
    "StoreId": "1"
  },
  {
    "TalioringDeliveryId": "161",
    "DeliveryDate": "2020-11-17T00:00:00.0000000",
    "TalioringBookingId": "63",
    "InvNo": "c33in2000269",
    "Amount": "2200.0000",
    "Remarks": "TAILORING",
    "UserId": "alok",
    "EntryStatus": "0",
    "IsReadOnly": "True",
    "StoreId": "1"
  },
  {
    "TalioringDeliveryId": "162",
    "DeliveryDate": "2020-11-16T00:00:00.0000000",
    "TalioringBookingId": "26",
    "InvNo": "c33in2000262",
    "Amount": "700.0000",
    "Remarks": "TAILORING",
    "UserId": "Sanjeev",
    "EntryStatus": "0",
    "IsReadOnly": "True",
    "StoreId": "1"
  },
  {
    "TalioringDeliveryId": "163",
    "DeliveryDate": "2020-11-16T00:00:00.0000000",
    "TalioringBookingId": "29",
    "InvNo": "c33in2000261",
    "Amount": "1150.0000",
    "Remarks": "",
    "UserId": "Sanjeev",
    "EntryStatus": "0",
    "IsReadOnly": "True",
    "StoreId": "1"
  },
  {
    "TalioringDeliveryId": "164",
    "DeliveryDate": "2020-11-14T00:00:00.0000000",
    "TalioringBookingId": "25",
    "InvNo": "c33in2000259",
    "Amount": "2800.0000",
    "Remarks": "TAILORING",
    "UserId": "alok",
    "EntryStatus": "0",
    "IsReadOnly": "True",
    "StoreId": "1"
  },
  {
    "TalioringDeliveryId": "165",
    "DeliveryDate": "2020-11-14T00:00:00.0000000",
    "TalioringBookingId": "45",
    "InvNo": "c33in2000258",
    "Amount": "900.0000",
    "Remarks": "TAILORING",
    "UserId": "alok",
    "EntryStatus": "0",
    "IsReadOnly": "True",
    "StoreId": "1"
  },
  {
    "TalioringDeliveryId": "166",
    "DeliveryDate": "2020-11-14T00:00:00.0000000",
    "TalioringBookingId": "64",
    "InvNo": "c33in2000255",
    "Amount": "450.0000",
    "Remarks": "TAILORING",
    "UserId": "alok",
    "EntryStatus": "0",
    "IsReadOnly": "True",
    "StoreId": "1"
  },
  {
    "TalioringDeliveryId": "167",
    "DeliveryDate": "2020-11-13T00:00:00.0000000",
    "TalioringBookingId": "31",
    "InvNo": "c33in2000254",
    "Amount": "450.0000",
    "Remarks": "TAILORING",
    "UserId": "alok",
    "EntryStatus": "0",
    "IsReadOnly": "True",
    "StoreId": "1"
  },
  {
    "TalioringDeliveryId": "168",
    "DeliveryDate": "2020-11-13T00:00:00.0000000",
    "TalioringBookingId": "27",
    "InvNo": "c33in2000253",
    "Amount": "1700.0000",
    "Remarks": "TAILORING",
    "UserId": "alok",
    "EntryStatus": "0",
    "IsReadOnly": "True",
    "StoreId": "1"
  },
  {
    "TalioringDeliveryId": "169",
    "DeliveryDate": "2020-11-12T00:00:00.0000000",
    "TalioringBookingId": "28",
    "InvNo": "c33in2000251",
    "Amount": "800.0000",
    "Remarks": "TAILORING",
    "UserId": "alok",
    "EntryStatus": "0",
    "IsReadOnly": "True",
    "StoreId": "1"
  },
  {
    "TalioringDeliveryId": "170",
    "DeliveryDate": "2020-11-11T00:00:00.0000000",
    "TalioringBookingId": "23",
    "InvNo": "c33in2000250",
    "Amount": "1556.0000",
    "Remarks": "rs.6 extra from system bill",
    "UserId": "alok",
    "EntryStatus": "0",
    "IsReadOnly": "True",
    "StoreId": "1"
  },
  {
    "TalioringDeliveryId": "171",
    "DeliveryDate": "2020-11-10T00:00:00.0000000",
    "TalioringBookingId": "24",
    "InvNo": "c33in2000248",
    "Amount": "700.0000",
    "Remarks": "TAILORING",
    "UserId": "alok",
    "EntryStatus": "0",
    "IsReadOnly": "True",
    "StoreId": "1"
  },
  {
    "TalioringDeliveryId": "172",
    "DeliveryDate": "2020-11-09T00:00:00.0000000",
    "TalioringBookingId": "46",
    "InvNo": "c33in2000246",
    "Amount": "700.0000",
    "Remarks": "TAILORING",
    "UserId": "alok",
    "EntryStatus": "0",
    "IsReadOnly": "True",
    "StoreId": "1"
  },
  {
    "TalioringDeliveryId": "173",
    "DeliveryDate": "2020-11-09T00:00:00.0000000",
    "TalioringBookingId": "17",
    "InvNo": "c33in2000244",
    "Amount": "1150.0000",
    "Remarks": "TAILORING",
    "UserId": "alok",
    "EntryStatus": "0",
    "IsReadOnly": "True",
    "StoreId": "1"
  },
  {
    "TalioringDeliveryId": "174",
    "DeliveryDate": "2020-11-07T00:00:00.0000000",
    "TalioringBookingId": "19",
    "InvNo": "c33in2000242",
    "Amount": "350.0000",
    "Remarks": "TAILORING",
    "UserId": "alok",
    "EntryStatus": "0",
    "IsReadOnly": "True",
    "StoreId": "1"
  },
  {
    "TalioringDeliveryId": "175",
    "DeliveryDate": "2020-11-06T00:00:00.0000000",
    "TalioringBookingId": "21",
    "InvNo": "C33IN2000239",
    "Amount": "450.0000",
    "Remarks": "TAILORING",
    "UserId": "alok",
    "EntryStatus": "0",
    "IsReadOnly": "True",
    "StoreId": "1"
  },
  {
    "TalioringDeliveryId": "176",
    "DeliveryDate": "2020-11-04T00:00:00.0000000",
    "TalioringBookingId": "20",
    "InvNo": "C33IN2000230",
    "Amount": "450.0000",
    "Remarks": "TAILORING",
    "UserId": "alok",
    "EntryStatus": "0",
    "IsReadOnly": "True",
    "StoreId": "1"
  },
  {
    "TalioringDeliveryId": "177",
    "DeliveryDate": "2020-11-02T00:00:00.0000000",
    "TalioringBookingId": "13",
    "InvNo": "c33in2000224",
    "Amount": "950.0000",
    "Remarks": "TAILORING",
    "UserId": "alok",
    "EntryStatus": "0",
    "IsReadOnly": "True",
    "StoreId": "1"
  },
  {
    "TalioringDeliveryId": "178",
    "DeliveryDate": "2020-10-31T00:00:00.0000000",
    "TalioringBookingId": "15",
    "InvNo": "C33IN2000218",
    "Amount": "800.0000",
    "Remarks": "TAILORING",
    "UserId": "alok",
    "EntryStatus": "0",
    "IsReadOnly": "True",
    "StoreId": "1"
  },
  {
    "TalioringDeliveryId": "179",
    "DeliveryDate": "2020-10-30T00:00:00.0000000",
    "TalioringBookingId": "12",
    "InvNo": "c33in2000213",
    "Amount": "800.0000",
    "Remarks": "TAILORING",
    "UserId": "alok",
    "EntryStatus": "0",
    "IsReadOnly": "True",
    "StoreId": "1"
  },
  {
    "TalioringDeliveryId": "180",
    "DeliveryDate": "2019-12-07T00:00:00.0000000",
    "TalioringBookingId": "165",
    "InvNo": "C33IN1900895",
    "Amount": "350.0000",
    "Remarks": "",
    "UserId": "AlokKumar",
    "EntryStatus": "0",
    "IsReadOnly": "True",
    "StoreId": "1"
  }
]