[
  {
    "BRANDCODE": "ADR",
    "BRANDNAME": "Arvind Ready Wear"
  },
  {
    "BRANDCODE": "AGV",
    "BRANDNAME": "Arvind GV"
  },
  {
    "BRANDCODE": "ANK",
    "BRANDNAME": "Ankur Fabrics"
  },
  {
    "BRANDCODE": "ARA",
    "BRANDNAME": "Arvind Accessories"
  },
  {
    "BRANDCODE": "ARD",
    "BRANDNAME": "Arvind"
  },
  {
    "BRANDCODE": "ARI",
    "BRANDNAME": "Arvind"
  },
  {
    "BRANDCODE": "ARN",
    "BRANDNAME": "Arrow New York"
  },
  {
    "BRANDCODE": "ARP",
    "BRANDNAME": "Arvind Promo"
  },
  {
    "BRANDCODE": "ARR",
    "BRANDNAME": "Arrow"
  },
  {
    "BRANDCODE": "ARS",
    "BRANDNAME": "Arrow Sports"
  },
  {
    "BRANDCODE": "ARV",
    "BRANDNAME": "Arvind Store"
  },
  {
    "BRANDCODE": "ASW",
    "BRANDNAME": "Arvind Swatch"
  },
  {
    "BRANDCODE": "FM",
    "BRANDNAME": "Flying Machine"
  },
  {
    "BRANDCODE": "HAN",
    "BRANDNAME": "Hanes International"
  },
  {
    "BRANDCODE": "IZ",
    "BRANDNAME": "Izod"
  },
  {
    "BRANDCODE": "NAT",
    "BRANDNAME": "Nautica"
  },
  {
    "BRANDCODE": "SAR",
    "BRANDNAME": "Studio Arvind"
  },
  {
    "BRANDCODE": "SAT",
    "BRANDNAME": "Studio Arvind Tailored"
  },
  {
    "BRANDCODE": "THF",
    "BRANDNAME": "Tommy Hilfiger"
  },
  {
    "BRANDCODE": "UD",
    "BRANDNAME": "US DENIM & Co"
  },
  {
    "BRANDCODE": "USP",
    "BRANDNAME": "US Polo Association"
  }
]