[
  {
    "AttendanceId": 1,
    "EmployeeId": 1,
    "Employee": {
      "EmployeeId": 1,
      "FirstName": "Alok",
      "LastName": "Kumar ",
      "MobileNo": "9386601284",
      "JoiningDate": "2016-02-17T00:00:00",
      "IsWorking": true,
      "Category": 1,
      "IsTailors": false,
      "EMail": "alokkumar18111@gmail.com",
      "DateOfBirth": "0001-01-01T00:00:00",
      "AdharNumber": "483173455467",
      "PanNo": "FDVPK0626P",
      "OtherIdDetails": "N/A",
      "Address": "Shiv Pahar Dumka",
      "City": "Dumka",
      "State": "Jharkhand",
      "FatherName": "Rabindra Chandra Das",
      "HighestQualification": "",
      "Attendances": [
        {
          "AttendanceId": 1,
          "EmployeeId": 1,
          "Employee": {
            "EmployeeId": 1,
            "FirstName": "Alok",
            "LastName": "Kumar ",
            "MobileNo": "9386601284",
            "JoiningDate": "2016-02-17T00:00:00",
            "IsWorking": true,
            "Category": 1,
            "IsTailors": false,
            "EMail": "alokkumar18111@gmail.com",
            "DateOfBirth": "0001-01-01T00:00:00",
            "AdharNumber": "483173455467",
            "PanNo": "FDVPK0626P",
            "OtherIdDetails": "N/A",
            "Address": "Shiv Pahar Dumka",
            "City": "Dumka",
            "State": "Jharkhand",
            "FatherName": "Rabindra Chandra Das",
            "HighestQualification": "",
            "Attendances": [
              {
                "AttendanceId": 1,
                "EmployeeId": 1,
                "Employee": {
                  "EmployeeId": 1,
                  "FirstName": "Alok",
                  "LastName": "Kumar ",
                  "MobileNo": "9386601284",
                  "JoiningDate": "2016-02-17T00:00:00",
                  "IsWorking": true,
                  "Category": 1,
                  "IsTailors": false,
                  "EMail": "alokkumar18111@gmail.com",
                  "DateOfBirth": "0001-01-01T00:00:00",
                  "AdharNumber": "483173455467",
                  "PanNo": "FDVPK0626P",
                  "OtherIdDetails": "N/A",
                  "Address": "Shiv Pahar Dumka",
                  "City": "Dumka",
                  "State": "Jharkhand",
                  "FatherName": "Rabindra Chandra Das",
                  "HighestQualification": "",
                  "Attendances": [
                    {
                      "AttendanceId": 1,
                      "EmployeeId": 1,
                      "Employee": {
                        "EmployeeId": 1,
                        "FirstName": "Alok",
                        "LastName": "Kumar ",
                        "MobileNo": "9386601284",
                        "JoiningDate": "2016-02-17T00:00:00",
                        "IsWorking": true,
                        "Category": 1,
                        "IsTailors": false,
                        "EMail": "alokkumar18111@gmail.com",
                        "DateOfBirth": "0001-01-01T00:00:00",
                        "AdharNumber": "483173455467",
                        "PanNo": "FDVPK0626P",
                        "OtherIdDetails": "N/A",
                        "Address": "Shiv Pahar Dumka",
                        "City": "Dumka",
                        "State": "Jharkhand",
                        "FatherName": "Rabindra Chandra Das",
                        "HighestQualification": "",
                        "Attendances": [
                          {
                            "AttendanceId": 1,
                            "EmployeeId": 1,
                            "Employee": {
                              "EmployeeId": 1,
                              "FirstName": "Alok",
                              "LastName": "Kumar ",
                              "MobileNo": "9386601284",
                              "JoiningDate": "2016-02-17T00:00:00",
                              "IsWorking": true,
                              "Category": 1,
                              "IsTailors": false,
                              "EMail": "alokkumar18111@gmail.com",
                              "DateOfBirth": "0001-01-01T00:00:00",
                              "AdharNumber": "483173455467",
                              "PanNo": "FDVPK0626P",
                              "OtherIdDetails": "N/A",
                              "Address": "Shiv Pahar Dumka",
                              "City": "Dumka",
                              "State": "Jharkhand",
                              "FatherName": "Rabindra Chandra Das",
                              "HighestQualification": "",
                              "Attendances": [
                                {
                                  "AttendanceId": 1,
                                  "EmployeeId": 1,
                                  "Employee": {
                                    "EmployeeId": 1,
                                    "FirstName": "Alok",
                                    "LastName": "Kumar ",
                                    "MobileNo": "9386601284",
                                    "JoiningDate": "2016-02-17T00:00:00",
                                    "IsWorking": true,
                                    "Category": 1,
                                    "IsTailors": false,
                                    "EMail": "alokkumar18111@gmail.com",
                                    "DateOfBirth": "0001-01-01T00:00:00",
                                    "AdharNumber": "483173455467",
                                    "PanNo": "FDVPK0626P",
                                    "OtherIdDetails": "N/A",
                                    "Address": "Shiv Pahar Dumka",
                                    "City": "Dumka",
                                    "State": "Jharkhand",
                                    "FatherName": "Rabindra Chandra Das",
                                    "HighestQualification": "",
                                    "Attendances": [
                                      {
                                        "AttendanceId": 1,
                                        "EmployeeId": 1,
                                        "Employee": {
                                          "EmployeeId": 1,
                                          "FirstName": "Alok",
                                          "LastName": "Kumar ",
                                          "MobileNo": "9386601284",
                                          "JoiningDate": "2016-02-17T00:00:00",
                                          "IsWorking": true,
                                          "Category": 1,
                                          "IsTailors": false,
                                          "EMail": "alokkumar18111@gmail.com",
                                          "DateOfBirth": "0001-01-01T00:00:00",
                                          "AdharNumber": "483173455467",
                                          "PanNo": "FDVPK0626P",
                                          "OtherIdDetails": "N/A",
                                          "Address": "Shiv Pahar Dumka",
                                          "City": "Dumka",
                                          "State": "Jharkhand",
                                          "FatherName": "Rabindra Chandra Das",
                                          "HighestQualification": "",
                                          "Attendances": [
                                            {
                                              "AttendanceId": 1,
                                              "EmployeeId": 1,
                                              "Employee": {
                                                "EmployeeId": 1,
                                                "FirstName": "Alok",
                                                "LastName": "Kumar ",
                                                "MobileNo": "9386601284",
                                                "JoiningDate": "2016-02-17T00:00:00",
                                                "IsWorking": true,
                                                "Category": 1,
                                                "IsTailors": false,
                                                "EMail": "alokkumar18111@gmail.com",
                                                "DateOfBirth": "0001-01-01T00:00:00",
                                                "AdharNumber": "483173455467",
                                                "PanNo": "FDVPK0626P",
                                                "OtherIdDetails": "N/A",
                                                "Address": "Shiv Pahar Dumka",
                                                "City": "Dumka",
                                                "State": "Jharkhand",
                                                "FatherName": "Rabindra Chandra Das",
                                                "HighestQualification": "",
                                                "Attendances": [
                                                  {
                                                    "AttendanceId": 1,
                                                    "EmployeeId": 1,
                                                    "Employee": {
                                                      "EmployeeId": 1,
                                                      "FirstName": "Alok",
                                                      "LastName": "Kumar ",
                                                      "MobileNo": "9386601284",
                                                      "JoiningDate": "2016-02-17T00:00:00",
                                                      "IsWorking": true,
                                                      "Category": 1,
                                                      "IsTailors": false,
                                                      "EMail": "alokkumar18111@gmail.com",
                                                      "DateOfBirth": "0001-01-01T00:00:00",
                                                      "AdharNumber": "483173455467",
                                                      "PanNo": "FDVPK0626P",
                                                      "OtherIdDetails": "N/A",
                                                      "Address": "Shiv Pahar Dumka",
                                                      "City": "Dumka",
                                                      "State": "Jharkhand",
                                                      "FatherName": "Rabindra Chandra Das",
                                                      "HighestQualification": "",
                                                      "Attendances": [
                                                        {
                                                          "AttendanceId": 1,
                                                          "EmployeeId": 1,
                                                          "Employee": {
                                                            "EmployeeId": 1,
                                                            "FirstName": "Alok",
                                                            "LastName": "Kumar ",
                                                            "MobileNo": "9386601284",
                                                            "JoiningDate": "2016-02-17T00:00:00",
                                                            "IsWorking": true,
                                                            "Category": 1,
                                                            "IsTailors": false,
                                                            "EMail": "alokkumar18111@gmail.com",
                                                            "DateOfBirth": "0001-01-01T00:00:00",
                                                            "AdharNumber": "483173455467",
                                                            "PanNo": "FDVPK0626P",
                                                            "OtherIdDetails": "N/A",
                                                            "Address": "Shiv Pahar Dumka",
                                                            "City": "Dumka",
                                                            "State": "Jharkhand",
                                                            "FatherName": "Rabindra Chandra Das",
                                                            "HighestQualification": "",
                                                            "Attendances": [
                                                              {
                                                                "AttendanceId": 1,
                                                                "EmployeeId": 1,
                                                                "Employee": {
                                                                  "EmployeeId": 1,
                                                                  "FirstName": "Alok",
                                                                  "LastName": "Kumar ",
                                                                  "MobileNo": "9386601284",
                                                                  "JoiningDate": "2016-02-17T00:00:00",
                                                                  "IsWorking": true,
                                                                  "Category": 1,
                                                                  "IsTailors": false,
                                                                  "EMail": "alokkumar18111@gmail.com",
                                                                  "DateOfBirth": "0001-01-01T00:00:00",
                                                                  "AdharNumber": "483173455467",
                                                                  "PanNo": "FDVPK0626P",
                                                                  "OtherIdDetails": "N/A",
                                                                  "Address": "Shiv Pahar Dumka",
                                                                  "City": "Dumka",
                                                                  "State": "Jharkhand",
                                                                  "FatherName": "Rabindra Chandra Das",
                                                                  "HighestQualification": "",
                                                                  "Attendances": [
                                                                    {
                                                                      "AttendanceId": 1,
                                                                      "EmployeeId": 1,
                                                                      "Employee": {
                                                                        "EmployeeId": 1,
                                                                        "FirstName": "Alok",
                                                                        "LastName": "Kumar ",
                                                                        "MobileNo": "9386601284",
                                                                        "JoiningDate": "2016-02-17T00:00:00",
                                                                        "IsWorking": true,
                                                                        "Category": 1,
                                                                        "IsTailors": false,
                                                                        "EMail": "alokkumar18111@gmail.com",
                                                                        "DateOfBirth": "0001-01-01T00:00:00",
                                                                        "AdharNumber": "483173455467",
                                                                        "PanNo": "FDVPK0626P",
                                                                        "OtherIdDetails": "N/A",
                                                                        "Address": "Shiv Pahar Dumka",
                                                                        "City": "Dumka",
                                                                        "State": "Jharkhand",
                                                                        "FatherName": "Rabindra Chandra Das",
                                                                        "HighestQualification": "",
                                                                        "Attendances": [
                                                                          {
                                                                            "AttendanceId": 1,
                                                                            "EmployeeId": 1,
                                                                            "Employee": {
                                                                              "EmployeeId": 1,
                                                                              "FirstName": "Alok",
                                                                              "LastName": "Kumar ",
                                                                              "MobileNo": "9386601284",
                                                                              "JoiningDate": "2016-02-17T00:00:00",
                                                                              "IsWorking": true,
                                                                              "Category": 1,
                                                                              "IsTailors": false,
                                                                              "EMail": "alokkumar18111@gmail.com",
                                                                              "DateOfBirth": "0001-01-01T00:00:00",
                                                                              "AdharNumber": "483173455467",
                                                                              "PanNo": "FDVPK0626P",
                                                                              "OtherIdDetails": "N/A",
                                                                              "Address": "Shiv Pahar Dumka",
                                                                              "City": "Dumka",
                                                                              "State": "Jharkhand",
                                                                              "FatherName": "Rabindra Chandra Das",
                                                                              "HighestQualification": "",
                                                                              "Attendances": [
                                                                                {
                                                                                  "AttendanceId": 1,
                                                                                  "EmployeeId": 1,
                                                                                  "Employee": {
                                                                                    "EmployeeId": 1,
                                                                                    "FirstName": "Alok",
                                                                                    "LastName": "Kumar ",
                                                                                    "MobileNo": "9386601284",
                                                                                    "JoiningDate": "2016-02-17T00:00:00",
                                                                                    "IsWorking": true,
                                                                                    "Category": 1,
                                                                                    "IsTailors": false,
                                                                                    "EMail": "alokkumar18111@gmail.com",
                                                                                    "DateOfBirth": "0001-01-01T00:00:00",
                                                                                    "AdharNumber": "483173455467",
                                                                                    "PanNo": "FDVPK0626P",
                                                                                    "OtherIdDetails": "N/A",
                                                                                    "Address": "Shiv Pahar Dumka",
                                                                                    "City": "Dumka",
                                                                                    "State": "Jharkhand",
                                                                                    "FatherName": "Rabindra Chandra Das",
                                                                                    "HighestQualification": "",
                                                                                    "Attendances": [
                                                                                      {
                                                                                        "AttendanceId": 1,
                                                                                        "EmployeeId": 1,
                                                                                        "Employee": {
                                                                                          "EmployeeId": 1,
                                                                                          "FirstName": "Alok",
                                                                                          "LastName": "Kumar ",
                                                                                          "MobileNo": "9386601284",
                                                                                          "JoiningDate": "2016-02-17T00:00:00",
                                                                                          "IsWorking": true,
                                                                                          "Category": 1,
                                                                                          "IsTailors": false,
                                                                                          "EMail": "alokkumar18111@gmail.com",
                                                                                          "DateOfBirth": "0001-01-01T00:00:00",
                                                                                          "AdharNumber": "483173455467",
                                                                                          "PanNo": "FDVPK0626P",
                                                                                          "OtherIdDetails": "N/A",
                                                                                          "Address": "Shiv Pahar Dumka",
                                                                                          "City": "Dumka",
                                                                                          "State": "Jharkhand",
                                                                                          "FatherName": "Rabindra Chandra Das",
                                                                                          "HighestQualification": "",
                                                                                          "Attendances": [
                                                                                            {
                                                                                              "AttendanceId": 1,
                                                                                              "EmployeeId": 1,
                                                                                              "Employee": {
                                                                                                "EmployeeId": 1,
                                                                                                "FirstName": "Alok",
                                                                                                "LastName": "Kumar ",
                                                                                                "MobileNo": "9386601284",
                                                                                                "JoiningDate": "2016-02-17T00:00:00",
                                                                                                "IsWorking": true,
                                                                                                "Category": 1,
                                                                                                "IsTailors": false,
                                                                                                "EMail": "alokkumar18111@gmail.com",
                                                                                                "DateOfBirth": "0001-01-01T00:00:00",
                                                                                                "AdharNumber": "483173455467",
                                                                                                "PanNo": "FDVPK0626P",
                                                                                                "OtherIdDetails": "N/A",
                                                                                                "Address": "Shiv Pahar Dumka",
                                                                                                "City": "Dumka",
                                                                                                "State": "Jharkhand",
                                                                                                "FatherName": "Rabindra Chandra Das",
                                                                                                "HighestQualification": "",
                                                                                                "Attendances": [
                                                                                                  {
                                                                                                    "AttendanceId": 1,
                                                                                                    "EmployeeId": 1,
                                                                                                    "Employee": {
                                                                                                      "EmployeeId": 1,
                                                                                                      "FirstName": "Alok",
                                                                                                      "LastName": "Kumar ",
                                                                                                      "MobileNo": "9386601284",
                                                                                                      "JoiningDate": "2016-02-17T00:00:00",
                                                                                                      "IsWorking": true,
                                                                                                      "Category": 1,
                                                                                                      "IsTailors": false,
                                                                                                      "EMail": "alokkumar18111@gmail.com",
                                                                                                      "DateOfBirth": "0001-01-01T00:00:00",
                                                                                                      "AdharNumber": "483173455467",
                                                                                                      "PanNo": "FDVPK0626P"