[
  {
    "BankDepositId": 3,
    "OnDate": "2019-12-12T07:04:49",
    "BankAccountId": 7,
    "Account": {
      "BankAccountId": 7,
      "BankId": 2,
      "Account": "Shalini_ICICI-063001504395",
      "BranchName": "Dumka",
      "AccountType": 0
    },
    "ChequeNo": "na",
    "InNameOf": "Shalini_ICICI",
    "Amount": 10000.0000,
    "PayMode": 1,
    "Details": "",
    "Remarks": "Testing",
    "IsInHouse": true,
    "StoreId": 1,
    "Store": {
      "StoreId": 1,
      "StoreCode": "JH0006",
      "StoreName": "Aprajita Retails",
      "Address": "Bhagalpur Road Dumka",
      "City": "Dumka",
      "PinCode": "814101",
      "PhoneNo": "06434-224461",
      "StoreManagerName": "Alok Kumar",
      "StoreManagerPhoneNo": "",
      "PanNo": "AJHPA7396P",
      "GSTNO": "20AJHPA739P1zv",
      "NoOfEmployees": 9,
      "OpeningDate": "2016-02-17T00:00:00",
      "Status": true,
      "EntryStatus": 0,
      "IsReadOnly": false
    }
  },
  {
    "BankDepositId": 6,
    "OnDate": "2019-12-19T07:08:58",
    "BankAccountId": 9,
    "Account": {
      "BankAccountId": 9,
      "BankId": 3,
      "Account": "Bandhan_CurrentAcc-10170001063385",
      "BranchName": "Dumka",
      "AccountType": 1
    },
    "ChequeNo": "na",
    "InNameOf": "Bandhan_CurrentAcc",
    "Amount": 28000.0000,
    "PayMode": 1,
    "Details": "CASH DEPOSIT Edit, Match with original data",
    "Remarks": "Testing",
    "IsInHouse": true,
    "StoreId": 1,
    "Store": {
      "StoreId": 1,
      "StoreCode": "JH0006",
      "StoreName": "Aprajita Retails",
      "Address": "Bhagalpur Road Dumka",
      "City": "Dumka",
      "PinCode": "814101",
      "PhoneNo": "06434-224461",
      "StoreManagerName": "Alok Kumar",
      "StoreManagerPhoneNo": "",
      "PanNo": "AJHPA7396P",
      "GSTNO": "20AJHPA739P1zv",
      "NoOfEmployees": 9,
      "OpeningDate": "2016-02-17T00:00:00",
      "Status": true,
      "EntryStatus": 0,
      "IsReadOnly": false
    }
  },
  {
    "BankDepositId": 7,
    "OnDate": "2020-01-22T07:11:51",
    "BankAccountId": 3,
    "Account": {
      "BankAccountId": 3,
      "BankId": 5,
      "Account": "AmitKumar_BOB\t-31310100005502",
      "BranchName": "Dumka",
      "AccountType": 0
    },
    "ChequeNo": "na",
    "InNameOf": "AmitKumar_BOB",
    "Amount": 8000.0000,
    "PayMode": 1,
    "Details": "",
    "Remarks": "Testing",
    "IsInHouse": true,
    "StoreId": 1,
    "Store": {
      "StoreId": 1,
      "StoreCode": "JH0006",
      "StoreName": "Aprajita Retails",
      "Address": "Bhagalpur Road Dumka",
      "City": "Dumka",
      "PinCode": "814101",
      "PhoneNo": "06434-224461",
      "StoreManagerName": "Alok Kumar",
      "StoreManagerPhoneNo": "",
      "PanNo": "AJHPA7396P",
      "GSTNO": "20AJHPA739P1zv",
      "NoOfEmployees": 9,
      "OpeningDate": "2016-02-17T00:00:00",
      "Status": true,
      "EntryStatus": 0,
      "IsReadOnly": false
    }
  },
  {
    "BankDepositId": 8,
    "OnDate": "2020-02-18T07:13:24",
    "BankAccountId": 6,
    "Account": {
      "BankAccountId": 6,
      "BankId": 2,
      "Account": "AprajitaRetails_ICICI-63005500372",
      "BranchName": "Dumka",
      "AccountType": 1
    },
    "ChequeNo": "na",
    "InNameOf": "AprajitaRetails_ICICI",
    "Amount": 197500.0000,
    "PayMode": 1,
    "Details": "",
    "Remarks": "Testing",
    "IsInHouse": true,
    "StoreId": 1,
    "Store": {
      "StoreId": 1,
      "StoreCode": "JH0006",
      "StoreName": "Aprajita Retails",
      "Address": "Bhagalpur Road Dumka",
      "City": "Dumka",
      "PinCode": "814101",
      "PhoneNo": "06434-224461",
      "StoreManagerName": "Alok Kumar",
      "StoreManagerPhoneNo": "",
      "PanNo": "AJHPA7396P",
      "GSTNO": "20AJHPA739P1zv",
      "NoOfEmployees": 9,
      "OpeningDate": "2016-02-17T00:00:00",
      "Status": true,
      "EntryStatus": 0,
      "IsReadOnly": false
    }
  },
  {
    "BankDepositId": 9,
    "OnDate": "2020-02-19T07:14:57",
    "BankAccountId": 6,
    "Account": {
      "BankAccountId": 6,
      "BankId": 2,
      "Account": "AprajitaRetails_ICICI-63005500372",
      "BranchName": "Dumka",
      "AccountType": 1
    },
    "ChequeNo": "na",
    "InNameOf": "AprajitaRetails_ICICI",
    "Amount": 4000.0000,
    "PayMode": 1,
    "Details": "cash deposit",
    "Remarks": "Testing",
    "IsInHouse": true,
    "StoreId": 1,
    "Store": {
      "StoreId": 1,
      "StoreCode": "JH0006",
      "StoreName": "Aprajita Retails",
      "Address": "Bhagalpur Road Dumka",
      "City": "Dumka",
      "PinCode": "814101",
      "PhoneNo": "06434-224461",
      "StoreManagerName": "Alok Kumar",
      "StoreManagerPhoneNo": "",
      "PanNo": "AJHPA7396P",
      "GSTNO": "20AJHPA739P1zv",
      "NoOfEmployees": 9,
      "OpeningDate": "2016-02-17T00:00:00",
      "Status": true,
      "EntryStatus": 0,
      "IsReadOnly": false
    }
  },
  {
    "BankDepositId": 10,
    "OnDate": "2020-05-14T07:16:18",
    "BankAccountId": 2,
    "Account": {
      "BankAccountId": 2,
      "BankId": 2,
      "Account": "ICICI Saving-063001502791",
      "BranchName": "Dumka",
      "AccountType": 0
    },
    "ChequeNo": "na",
    "InNameOf": "ICICI_Sav_2791",
    "Amount": 11000.0000,
    "PayMode": 1,
    "Details": "",
    "Remarks": "Testing",
    "IsInHouse": true,
    "StoreId": 1,
    "Store": {
      "StoreId": 1,
      "StoreCode": "JH0006",
      "StoreName": "Aprajita Retails",
      "Address": "Bhagalpur Road Dumka",
      "City": "Dumka",
      "PinCode": "814101",
      "PhoneNo": "06434-224461",
      "StoreManagerName": "Alok Kumar",
      "StoreManagerPhoneNo": "",
      "PanNo": "AJHPA7396P",
      "GSTNO": "20AJHPA739P1zv",
      "NoOfEmployees": 9,
      "OpeningDate": "2016-02-17T00:00:00",
      "Status": true,
      "EntryStatus": 0,
      "IsReadOnly": false
    }
  },
  {
    "BankDepositId": 11,
    "OnDate": "2020-06-09T07:17:52",
    "BankAccountId": 2,
    "Account": {
      "BankAccountId": 2,
      "BankId": 2,
      "Account": "ICICI Saving-063001502791",
      "BranchName": "Dumka",
      "AccountType": 0
    },
    "ChequeNo": "NA",
    "InNameOf": "ICICI_Sav_2791",
    "Amount": 37000.0000,
    "PayMode": 1,
    "Details": "",
    "Remarks": "Testing",
    "IsInHouse": true,
    "StoreId": 1,
    "Store": {
      "StoreId": 1,
      "StoreCode": "JH0006",
      "StoreName": "Aprajita Retails",
      "Address": "Bhagalpur Road Dumka",
      "City": "Dumka",
      "PinCode": "814101",
      "PhoneNo": "06434-224461",
      "StoreManagerName": "Alok Kumar",
      "StoreManagerPhoneNo": "",
      "PanNo": "AJHPA7396P",
      "GSTNO": "20AJHPA739P1zv",
      "NoOfEmployees": 9,
      "OpeningDate": "2016-02-17T00:00:00",
      "Status": true,
      "EntryStatus": 0,
      "IsReadOnly": false
    }
  },
  {
    "BankDepositId": 12,
    "OnDate": "2020-06-18T07:20:24",
    "BankAccountId": 5,
    "Account": {
      "BankAccountId": 5,
      "BankId": 4,
      "Account": "AmitKumar_PNB-4492000100013840",
      "BranchName": "Dumka",
      "AccountType": 0
    },
    "ChequeNo": "NA",
    "InNameOf": "AmitKumar_PNB",
    "Amount": 20000.0000,
    "PayMode": 1,
    "Details": "",
    "Remarks": "Testing",
    "IsInHouse": true,
    "StoreId": 1,
    "Store": {
      "StoreId": 1,
      "StoreCode": "JH0006",
      "StoreName": "Aprajita Retails",
      "Address": "Bhagalpur Road Dumka",
      "City": "Dumka",
      "PinCode": "814101",
      "PhoneNo": "06434-224461",
      "StoreManagerName": "Alok Kumar",
      "StoreManagerPhoneNo": "",
      "PanNo": "AJHPA7396P",
      "GSTNO": "20AJHPA739P1zv",
      "NoOfEmployees": 9,
      "OpeningDate": "2016-02-17T00:00:00",
      "Status": true,
      "EntryStatus": 0,
      "IsReadOnly": false
    }
  },
  {
    "BankDepositId": 13,
    "OnDate": "2020-06-18T07:20:24",
    "BankAccountId": 11,
    "Account": {
      "BankAccountId": 11,
      "BankId": 1,
      "Account": "SBI_OD-37604947464",
      "BranchName": "LIC Dumka",
      "AccountType": 3
    },
    "ChequeNo": "NA",
    "InNameOf": "SBI_OD",
    "Amount": 20000.0000,
    "PayMode": 1,
    "Details": "",
    "Remarks": "Testing",
    "IsInHouse": true,
    "StoreId": 1,
    "Store": {
      "StoreId": 1,
      "StoreCode": "JH0006",
      "StoreName": "Aprajita Retails",
      "Address": "Bhagalpur Road Dumka",
      "City": "Dumka",
      "PinCode": "814101",
      "PhoneNo": "06434-224461",
      "StoreManagerName": "Alok Kumar",
      "StoreManagerPhoneNo": "",
      "PanNo": "AJHPA7396P",
      "GSTNO": "20AJHPA739P1zv",
      "NoOfEmployees": 9,
      "OpeningDate": "2016-02-17T00:00:00",
      "Status": true,
      "EntryStatus": 0,
      "IsReadOnly": false
    }
  },
  {
    "BankDepositId": 14,
    "OnDate": "2020-06-29T07:23:04",
    "BankAccountId": 9,
    "Account": {
      "BankAccountId": 9,
      "BankId": 3,
      "Account": "Bandhan_CurrentAcc-10170001063385",
      "BranchName": "Dumka",
      "AccountType": 1
    },
    "ChequeNo": "NA",
    "InNameOf": "Bandhan_CurrentAcc",
    "Amount": 22000.0000,
    "PayMode": 1,
    "Details": "",
    "Remarks": "Testing",
    "IsInHouse": true,
    "StoreId": 1,
    "Store": {
      "StoreId": 1,
      "StoreCode": "JH0006",
      "StoreName": "Aprajita Retails",
      "Address": "Bhagalpur Road Dumka",
      "City": "Dumka",
      "PinCode": "814101",
      "PhoneNo": "06434-224461",
      "StoreManagerName": "Alok Kumar",
      "StoreManagerPhoneNo": "",
      "PanNo": "AJHPA7396P",
      "GSTNO": "20AJHPA739P1zv",
      "NoOfEmployees": 9,
      "OpeningDate": "2016-02-17T00:00:00",
      "Status": true,
      "EntryStatus": 0,
      "IsReadOnly": false
    }
  },
  {
    "BankDepositId": 15,
    "OnDate": "2020-07-09T07:24:20",
    "BankAccountId": 9,
    "Account": {
      "BankAccountId": 9,
      "BankId": 3,
      "Account": "Bandhan_CurrentAcc-10170001063385",
      "BranchName": "Dumka",
      "AccountType": 1
    },
    "ChequeNo": "NA",
    "InNameOf": "Bandhan_CurrentAcc",
    "Amount": 7500.0000,
    "PayMode": 1,
    "Details": "CASH DEPOSIT",
    "Remarks": "Testing",
    "IsInHouse": true,
    "StoreId": 1,
    "Store": {
      "StoreId": 1,
      "StoreCode": "JH0006",
      "StoreName": "Aprajita Retails",
      "Address": "Bhagalpur Road Dumka",
      "City": "Dumka",
      "PinCode": "814101",
      "PhoneNo": "06434-224461",
      "StoreManagerName": "Alok Kumar",
      "StoreManagerPhoneNo": "",
      "PanNo": "AJHPA7396P",
      "GSTNO": "20AJHPA739P1zv",
      "NoOfEmployees": 9,
      "OpeningDate": "2016-02-17T00:00:00",
      "Status": true,
      "EntryStatus": 0,
      "IsReadOnly": false
    }
  },
  {
    "BankDepositId": 16,
    "OnDate": "2020-09-30T07:26:20",
    "BankAccountId": 6,
    "Account": {
      "BankAccountId": 6,
      "BankId": 2,
      "Account": "AprajitaRetails_ICICI-63005500372",
      "BranchName": "Dumka",
      "AccountType": 1
    },
    "ChequeNo": "NA",
    "InNameOf": "AprajitaRetails_ICICI",
    "Amount": 500.0000,
    "PayMode": 1,
    "Details": "",
    "Remarks": "Testing",
    "IsInHouse": true,
    "StoreId": 1,
    "Store": {
      "StoreId": 1,
      "StoreCode": "JH0006",
      "StoreName": "Aprajita Retails",
      "Address": "Bhagalpur Road Dumka",
      "City": "Dumka",
      "PinCode": "814101",
      "PhoneNo": "06434-224461",
      "StoreManagerName": "Alok Kumar",
      "StoreManagerPhoneNo": "",
      "PanNo": "AJHPA7396P",
      "GSTNO": "20AJHPA739P1zv",
      "NoOfEmployees": 9,
      "OpeningDate": "2016-02-17T00:00:00",
      "Status": true,
      "EntryStatus": 0,
      "IsReadOnly": false
    }
  },
  {
    "BankDepositId": 17,
    "OnDate": "2020-10-03T07:28:40",
    "BankAccountId": 9,
    "Account": {
      "BankAccountId": 9,
      "BankId": 3,
      "Account": "Bandhan_CurrentAcc-10170001063385",
      "BranchName": "Dumka",
      "AccountType": 1
    },
    "ChequeNo": "NA",
    "InNameOf": "Bandhan_CurrentAcc",
    "Amount": 2000.0000,
    "PayMode": 1,
    "Details": "CASH DEPOSIT",
    "Remarks": "Testing",
    "IsInHouse": true,
    "StoreId": 1,
    "Store": {
      "StoreId": 1,
      "StoreCode": "JH0006",
      "StoreName": "Aprajita Retails",
      "Address": "Bhagalpur Road Dumka",
      "City": "Dumka",
      "PinCode": "814101",
      "PhoneNo": "06434-224461",
      "StoreManagerName": "Alok Kumar",
      "StoreManagerPhoneNo": "",
      "PanNo": "AJHPA7396P",
      "GSTNO": "20AJHPA739P1zv",
      "NoOfEmployees": 9,
      "OpeningDate": "2016-02-17T00:00:00",
      "Status": true,
      "EntryStatus": 0,
      "IsReadOnly": false
    }
  },
  {
    "BankDepositId": 18,
    "OnDate": "2020-10-06T07:30:38",
    "BankAccountId": 6,
    "Account": {
      "BankAccountId": 6,
      "BankId": 2,
      "Account": "AprajitaRetails_ICICI-63005500372",
      "BranchName": "Dumka",
      "AccountType": 1
    },
    "ChequeNo": "NA",
    "InNameOf": "GOPI CHOURASIA",
    "Amount": 110000.0000,
    "PayMode": 1,
    "Details": "CASH DEPOSIT",
    "Remarks": "RECEIVED GOPI CHOURASIA",
    "IsInHouse": true,
    "StoreId": 1,
    "Store": {
      "StoreId": 1,
      "StoreCode": "JH0006",
      "StoreName": "Aprajita Retails",
      "Address": "Bhagalpur Road Dumka",
      "City": "Dumka",
      "PinCode": "814101",
      "PhoneNo": "06434-224461",
      "StoreManagerName": "Alok Kumar",
      "StoreManagerPhoneNo": "",
      "PanNo": "AJHPA7396P",
      "GSTNO": "20AJHPA739P1zv",
      "NoOfEmployees": 9,
      "OpeningDate": "2016-02-17T00:00:00",
      "Status": true,
      "EntryStatus": 0,
      "IsReadOnly": false
    }
  },
  {
    "BankDepositId": 19,
    "OnDate": "2020-09-10T07:33:26",
    "BankAccountId": 7,
    "Account": {
      "BankAccountId": 7,
      "BankId": 2,
      "Account": "Shalini_ICICI-063001504395",
      "BranchName": "Dumka",
      "AccountType": 0
    },
    "ChequeNo": "NA",
    "InNameOf": "Shalini_ICICI",
    "Amount": 15000.0000,
    "PayMode": 1,
    "Details": "CASH DEPOSIT",
    "Remarks": "CASH DEPOSIT",
    "IsInHouse": true,
    "StoreId": 1,
    "Store": {
      "StoreId": 1,
      "StoreCode": "JH0006",
      "StoreName": "Aprajita Retails",
      "Address": "Bhagalpur Road Dumka",
      "City": "Dumka",
      "PinCode": "814101",
      "PhoneNo": "06434-224461",
      "StoreManagerName": "Alok Kumar",
      "StoreManagerPhoneNo": "",
      "PanNo": "AJHPA7396P",
      "GSTNO": "20AJHPA739P1zv",
      "NoOfEmployees": 9,
      "OpeningDate": "2016-02-17T00:00:00",
      "Status": true,
      "EntryStatus": 0,
      "IsReadOnly": false
    }
  },
  {
    "BankDepositId": 20,
    "OnDate": "2020-10-11T07:36:55",
    "BankAccountId": 6,
    "Account": {
      "BankAccountId": 6,
      "BankId": 2,
      "Account": "AprajitaRetails_ICICI-63005500372",
      "BranchName": "Dumka",
      "AccountType": 1
    },
    "ChequeNo": "NA",
    "InNameOf": "AprajitaRetails_ICICI",
    "Amount": 1443.0000,
    "PayMode": 1,
    "Details": "fund transfer",
    "Remarks": "fund transfer num:-9726",
    "IsInHouse": true,
    "StoreId": 1,
    "Store": {
      "StoreId": 1,
      "StoreCode": "JH0006",
      "StoreName": "Aprajita Retails",
      "Address": "Bhagalpur Road Dumka",
      "City": "Dumka",
      "PinCode": "814101",
      "PhoneNo": "06434-224461",
      "StoreManagerName": "Alok Kumar",
      "StoreManagerPhoneNo": "",
      "PanNo": "AJHPA7396P",
      "GSTNO": "20AJHPA739P1zv",
      "NoOfEmployees": 9,
      "OpeningDate": "2016-02-17T00:00:00",
      "Status": true,
      "EntryStatus": 0,
      "IsReadOnly": false
    }
  },
  {
    "BankDepositId": 21,
    "OnDate": "2020-10-19T07:39:41",
    "BankAccountId": 6,
    "Account": {
      "BankAccountId": 6,
      "BankId": 2,
      "Account": "AprajitaRetails_ICICI-63005500372",
      "BranchName": "Dumka",
      "AccountType": 1
    },
    "ChequeNo": "NA",
    "InNameOf": "AprajitaRetails_ICICI",
    "Amount": 50000.0000,
    "PayMode": 1,
    "Details": "CASH DEPOSIT",
    "Remarks": "Cash Deposit",
    "IsInHouse": true,
    "StoreId": 1,
    "Store": {
      "StoreId": 1,
      "StoreCode": "JH0006",
      "StoreName": "Aprajita Retails",
      "Address": "Bhagalpur Road Dumka",
      "City": "Dumka",
      "PinCode": "814101",
      "PhoneNo": "06434-224461",
      "StoreManagerName": "Alok Kumar",
      "StoreManagerPhoneNo": "",
      "PanNo": "AJHPA7396P",
      "GSTNO": "20AJHPA739P1zv",
      "NoOfEmployees": 9,
      "OpeningDate": "2016-02-17T00:00:00",
      "Status": true,
      "EntryStatus": 0,
      "IsReadOnly": false
    }
  },
  {
    "BankDepositId": 22,
    "OnDate": "2020-12-28T07:41:43",
    "BankAccountId": 6,
    "Account": {
      "BankAccountId": 6,
      "BankId": 2,
      "Account": "AprajitaRetails_ICICI-63005500372",
      "BranchName": "Dumka",
      "AccountType": 1
    },
    "ChequeNo": "NA",
    "InNameOf": "AprajitaRetails_ICICI",
    "Amount": 500000.0000,
    "PayMode": 1,
    "Details": "",
    "Remarks": "cash by sushil kumar jhunjhunwala ",
    "IsInHouse": true,
    "StoreId": 1,
    "Store": {
      "StoreId": 1,
      "StoreCode": "JH0006",
      "StoreName": "Aprajita Retails",
      "Address": "Bhagalpur Road Dumka",
      "City": "Dumka",
      "PinCode": "814101",
      "PhoneNo": "06434-224461",
      "StoreManagerName": "Alok Kumar",
      "StoreManagerPhoneNo": "",
      "PanNo": "AJHPA7396P",
      "GSTNO": "20AJHPA739P1zv",
      "NoOfEmployees": 9,
      "OpeningDate": "2016-02-17T00:00:00",
      "Status": true,
      "EntryStatus": 0,
      "IsReadOnly": false
    }
  },
  {
    "BankDepositId": 23,
    "OnDate": "2021-03-25T07:22:50",
    "BankAccountId": 2,
    "Account": {
      "BankAccountId": 2,
      "BankId": 2,
      "Account": "ICICI Saving-063001502791",
      "BranchName": "Dumka",
      "AccountType": 0
    },
    "ChequeNo": "NA",
    "InNameOf": "ICICI Saving-2791",
    "Amount": 6198.0000,
    "PayMode": 1,
    "Details": "A/C 2791 by Google Pay",
    "Remarks": "A/C 2791 by Google Pay",
    "IsInHouse": true,
    "StoreId": 1,
    "Store": {
      "StoreId": 1,
      "StoreCode": "JH0006",
      "StoreName": "Aprajita Retails",
      "Address": "Bhagalpur Road Dumka",
      "City": "Dumka",
      "PinCode": "814101",
      "PhoneNo": "06434-224461",
      "StoreManagerName": "Alok Kumar",
      "StoreManagerPhoneNo": "",
      "PanNo": "AJHPA7396P",
      "GSTNO": "20AJHPA739P1zv",
      "NoOfEmployees": 9,
      "OpeningDate": "2016-02-17T00:00:00",
      "Status": true,
      "EntryStatus": 0,
      "IsReadOnly": false
    }
  },
  {
    "BankDepositId": 25,
    "OnDate": "2021-03-01T07:29:43",
    "BankAccountId": 9,
    "Account": {
      "BankAccountId": 9,
      "BankId": 3,
      "Account": "Bandhan_CurrentAcc-10170001063385",
      "BranchName": "Dumka",
      "AccountType": 1
    },
    "ChequeNo": "NA",
    "InNameOf": "Bandhan_CurrentAcc",
    "Amount": 40000.0000,
    "PayMode": 1,
    "Details": "Bandhan_CurrentAcc",
    "Remarks": "Bank Deposit",
    "IsInHouse": true,
    "StoreId": 1,
    "Store": {
      "StoreId": 1,
      "StoreCode": "JH0006",
      "StoreName": "Aprajita Retails",
      "Address": "Bhagalpur Road Dumka",
      "City": "Dumka",
      "PinCode": "814101",
      "PhoneNo": "06434-224461",
      "StoreManagerName": "Alok Kumar",
      "StoreManagerPhoneNo": "",
      "PanNo": "AJHPA7396P",
      "GSTNO": "20AJHPA739P1zv",
      "NoOfEmployees": 9,
      "OpeningDate": "2016-02-17T00:00:00",
      "Status": true,
      "EntryStatus": 0,
      "IsReadOnly": false
    }
  },
  {
    "BankDepositId": 26,
    "OnDate": "2021-02-24T07:31:56",
    "BankAccountId": 9,
    "Account": {
      "BankAccountId": 9,
      "BankId": 3,
      "Account": "Bandhan_CurrentAcc-10170001063385",
      "BranchName": "Dumka",
      "AccountType": 1
    },
    "ChequeNo": "NA",
    "InNameOf": "Bandhan_CurrentAcc",
    "Amount": 35000.0000,
    "PayMode": 1,
    "Details": "Bandhan_CurrentAcc",
    "Remarks": "Bank Deposit",
    "IsInHouse": true,
    "StoreId": 1,
    "Store": {
      "StoreId": 1,
      "StoreCode": "JH0006",
      "StoreName": "Aprajita Retails",
      "Address": "Bhagalpur Road Dumka",
      "City": "Dumka",
      "PinCode": "814101",
      "PhoneNo": "06434-224461",
      "StoreManagerName": "Alok Kumar",
      "StoreManagerPhoneNo": "",
      "PanNo": "AJHPA7396P",
      "GSTNO": "20AJHPA739P1zv",
      "NoOfEmployees": 9,
      "OpeningDate": "2016-02-17T00:00:00",
      "Status": true,
      "EntryStatus": 0,
      "IsReadOnly": false
    }
  },
  {
    "BankDepositId": 27,
    "OnDate": "2021-02-19T07:34:07",
    "BankAccountId": 9,
    "Account": {
      "BankAccountId": 9,
      "BankId": 3,
      "Account": "Bandhan_CurrentAcc-10170001063385",
      "BranchName": "Dumka",
      "AccountType": 1
    },
    "ChequeNo": "NA",
    "InNameOf": "Bandhan_CurrentAcc",
    "Amount": 50000.0000,
    "PayMode": 1,
    "Details": "Bandhan_CurrentAcc",
    "Remarks": "Bank Deposit",
    "IsInHouse": true,
    "StoreId": 1,
    "Store": {
      "StoreId": 1,
      "StoreCode": "JH0006",
      "StoreName": "Aprajita Retails",
      "Address": "Bhagalpur Road Dumka",
      "City": "Dumka",
      "PinCode": "814101",
      "PhoneNo": "06434-224461",
      "StoreManagerName": "Alok Kumar",
      "StoreManagerPhoneNo": "",
      "PanNo": "AJHPA7396P",
      "GSTNO": "20AJHPA739P1zv",
      "NoOfEmployees": 9,
      "OpeningDate": "2016-02-17T00:00:00",
      "Status": true,
      "EntryStatus": 0,
      "IsReadOnly": false
    }
  },
  {
    "BankDepositId": 28,
    "OnDate": "2021-02-19T07:35:22",
    "BankAccountId": 1,
    "Account": {
      "BankAccountId": 1,
      "BankId": 1,
      "Account": "SBI_CC-37604947464",
      "BranchName": "LIC Dumka",
      "AccountType": 2
    },
    "ChequeNo": "NA",
    "InNameOf": "SBI_CC-7464",
    "Amount": 25000.0000,
    "PayMode": 1,
    "Details": "SBI_CC-7464",
    "Remarks": "Bank Deposit",
    "IsInHouse": true,
    "StoreId": 1,
    "Store": {
      "StoreId": 1,
      "StoreCode": "JH0006",
      "StoreName": "Aprajita Retails",
      "Address": "Bhagalpur Road Dumka",
      "City": "Dumka",
      "PinCode": "814101",
      "PhoneNo": "06434-224461",
      "StoreManagerName": "Alok Kumar",
      "StoreManagerPhoneNo": "",
      "PanNo": "AJHPA7396P",
      "GSTNO": "20AJHPA739P1zv",
      "NoOfEmployees": 9,
      "OpeningDate": "2016-02-17T00:00:00",
      "Status": true,
      "EntryStatus": 0,
      "IsReadOnly": false
    }
  }
]