[
  {
    "EmployeeId": 1,
    "FirstName": "Alok",
    "LastName": "Kumar ",
    "MobileNo": "9386601284",
    "JoiningDate": "2016-02-17T00:00:00",
    "IsWorking": true,
    "Category": 1,
    "IsTailors": false,
    "EMail": "alokkumar18111@gmail.com",
    "DateOfBirth": "0001-01-01T00:00:00",
    "AdharNumber": "483173455467",
    "PanNo": "FDVPK0626P",
    "OtherIdDetails": "N/A",
    "Address": "Shiv Pahar Dumka",
    "City": "Dumka",
    "State": "Jharkhand",
    "FatherName": "Rabindra Chandra Das",
    "HighestQualification": "",
    "StoreId": 1,
    "Store": {
      "StoreId": 1,
      "StoreCode": "JH0006",
      "StoreName": "Aprajita Retails",
      "Address": "Bhagalpur Road Dumka",
      "City": "Dumka",
      "PinCode": "814101",
      "PhoneNo": "06434-224461",
      "StoreManagerName": "Alok Kumar",
      "StoreManagerPhoneNo": "",
      "PanNo": "AJHPA7396P",
      "GSTNO": "20AJHPA739P1zv",
      "NoOfEmployees": 9,
      "OpeningDate": "2016-02-17T00:00:00",
      "Status": true,
      "EntryStatus": 0,
      "IsReadOnly": false
    },
    "UserId": "AmitKumar",
    "EntryStatus": 0,
    "IsReadOnly": true
  },
  {
    "EmployeeId": 2,
    "FirstName": "Sanjeev",
    "LastName": "Mishra ",
    "MobileNo": "7903665080",
    "JoiningDate": "2016-02-17T00:00:00",
    "IsWorking": true,
    "Category": 0,
    "IsTailors": false,
    "EMail": "SK.sanjeev098@gmail.com",
    "DateOfBirth": "0001-01-01T00:00:00",
    "AdharNumber": "724472219858",
    "PanNo": "FLLPM9271C.",
    "OtherIdDetails": "N/A",
    "Address": "Shivpahar Road Shantinagar Dumka.",
    "City": "Dumka",
    "State": "Jharkhand",
    "FatherName": "Ramesh Prasad Mishra",
    "HighestQualification": "",
    "StoreId": 1,
    "Store": {
      "StoreId": 1,
      "StoreCode": "JH0006",
      "StoreName": "Aprajita Retails",
      "Address": "Bhagalpur Road Dumka",
      "City": "Dumka",
      "PinCode": "814101",
      "PhoneNo": "06434-224461",
      "StoreManagerName": "Alok Kumar",
      "StoreManagerPhoneNo": "",
      "PanNo": "AJHPA7396P",
      "GSTNO": "20AJHPA739P1zv",
      "NoOfEmployees": 9,
      "OpeningDate": "2016-02-17T00:00:00",
      "Status": true,
      "EntryStatus": 0,
      "IsReadOnly": false
    },
    "UserId": "AmitKumar",
    "EntryStatus": 0,
    "IsReadOnly": true
  },
  {
    "EmployeeId": 3,
    "FirstName": "Mukesh",
    "LastName": "Mandal ",
    "MobileNo": "8757747454",
    "JoiningDate": "2016-02-17T00:00:00",
    "IsWorking": true,
    "Category": 0,
    "IsTailors": false,
    "EMail": "mukeshmondal386@gmail.com",
    "DateOfBirth": "0001-01-01T00:00:00",
    "AdharNumber": "725703718377",
    "PanNo": "BHGPM4424A",
    "OtherIdDetails": "N/A",
    "Address": "New Bandh Para Dumka",
    "City": "Dumka",
    "State": "Jharkhand",
    "FatherName": "Madno Sodnan Mandal",
    "HighestQualification": "",
    "StoreId": 1,
    "Store": {
      "StoreId": 1,
      "StoreCode": "JH0006",
      "StoreName": "Aprajita Retails",
      "Address": "Bhagalpur Road Dumka",
      "City": "Dumka",
      "PinCode": "814101",
      "PhoneNo": "06434-224461",
      "StoreManagerName": "Alok Kumar",
      "StoreManagerPhoneNo": "",
      "PanNo": "AJHPA7396P",
      "GSTNO": "20AJHPA739P1zv",
      "NoOfEmployees": 9,
      "OpeningDate": "2016-02-17T00:00:00",
      "Status": true,
      "EntryStatus": 0,
      "IsReadOnly": false
    },
    "UserId": "AmitKumar",
    "EntryStatus": 0,
    "IsReadOnly": true
  },
  {
    "EmployeeId": 4,
    "FirstName": "Amit",
    "LastName": "Kumar ",
    "MobileNo": "9831213339",
    "JoiningDate": "2015-10-01T00:00:00",
    "IsWorking": true,
    "Category": 3,
    "IsTailors": false,
    "EMail": "amitnarayansah@gmail.com",
    "DateOfBirth": "0001-01-01T00:00:00",
    "AdharNumber": "498622083832",
    "PanNo": "AJHPA7396P",
    "OtherIdDetails": "N/A",
    "Address": "Next to SBI ATM , Police Line Road, Dumk",
    "City": "DUMKA",
    "State": "JHARKHAND",
    "FatherName": "Udit Narayan Sah",
    "HighestQualification": "",
    "StoreId": 1,
    "Store": {
      "StoreId": 1,
      "StoreCode": "JH0006",
      "StoreName": "Aprajita Retails",
      "Address": "Bhagalpur Road Dumka",
      "City": "Dumka",
      "PinCode": "814101",
      "PhoneNo": "06434-224461",
      "StoreManagerName": "Alok Kumar",
      "StoreManagerPhoneNo": "",
      "PanNo": "AJHPA7396P",
      "GSTNO": "20AJHPA739P1zv",
      "NoOfEmployees": 9,
      "OpeningDate": "2016-02-17T00:00:00",
      "Status": true,
      "EntryStatus": 0,
      "IsReadOnly": false
    },
    "UserId": "AmitKumar",
    "EntryStatus": 0,
    "IsReadOnly": true
  },
  {
    "EmployeeId": 5,
    "FirstName": "Saurabh",
    "LastName": "Turi ",
    "MobileNo": "8252385485",
    "JoiningDate": "2020-02-24T00:00:00",
    "IsWorking": false,
    "Category": 2,
    "IsTailors": false,
    "EMail": "",
    "DateOfBirth": "0001-01-01T00:00:00",
    "AdharNumber": "577167214813",
    "PanNo": "",
    "OtherIdDetails": "N/A",
    "Address": "Rasikpur Kurwa Dumka.",
    "City": "Dumka",
    "State": "Jharkhand",
    "FatherName": "Durga Turi",
    "HighestQualification": "",
    "StoreId": 1,
    "Store": {
      "StoreId": 1,
      "StoreCode": "JH0006",
      "StoreName": "Aprajita Retails",
      "Address": "Bhagalpur Road Dumka",
      "City": "Dumka",
      "PinCode": "814101",
      "PhoneNo": "06434-224461",
      "StoreManagerName": "Alok Kumar",
      "StoreManagerPhoneNo": "",
      "PanNo": "AJHPA7396P",
      "GSTNO": "20AJHPA739P1zv",
      "NoOfEmployees": 9,
      "OpeningDate": "2016-02-17T00:00:00",
      "Status": true,
      "EntryStatus": 0,
      "IsReadOnly": false
    },
    "UserId": "AmitKumar",
    "EntryStatus": 0,
    "IsReadOnly": true
  },
  {
    "EmployeeId": 6,
    "FirstName": "MD.",
    "LastName": "SHAUKIN AJAM ",
    "MobileNo": "9973599123",
    "JoiningDate": "2016-08-01T00:00:00",
    "IsWorking": true,
    "Category": 6,
    "IsTailors": true,
    "EMail": "mdshaukinazam@gmail.com",
    "DateOfBirth": "0001-01-01T00:00:00",
    "AdharNumber": "848299388226",
    "PanNo": "BPNA4167B",
    "OtherIdDetails": "N/A",
    "Address": "Sahokhar masjid,Sahokhar,saraia.",
    "City": "Nalanda",
    "State": "Bihar",
    "FatherName": "Md.Shakil Ahmad",
    "HighestQualification": "",
    "StoreId": 1,
    "Store": {
      "StoreId": 1,
      "StoreCode": "JH0006",
      "StoreName": "Aprajita Retails",
      "Address": "Bhagalpur Road Dumka",
      "City": "Dumka",
      "PinCode": "814101",
      "PhoneNo": "06434-224461",
      "StoreManagerName": "Alok Kumar",
      "StoreManagerPhoneNo": "",
      "PanNo": "AJHPA7396P",
      "GSTNO": "20AJHPA739P1zv",
      "NoOfEmployees": 9,
      "OpeningDate": "2016-02-17T00:00:00",
      "Status": true,
      "EntryStatus": 0,
      "IsReadOnly": false
    },
    "UserId": "AmitKumar",
    "EntryStatus": 0,
    "IsReadOnly": true
  },
  {
    "EmployeeId": 7,
    "FirstName": "MD.",
    "LastName": "HASSAN ",
    "MobileNo": "6202813683",
    "JoiningDate": "2019-10-04T00:00:00",
    "IsWorking": true,
    "Category": 6,
    "IsTailors": true,
    "EMail": "gulamhassan194@gmail.com",
    "DateOfBirth": "0001-01-01T00:00:00",
    "AdharNumber": "349355348805",
    "PanNo": "ARRPH5898P",
    "OtherIdDetails": "",
    "Address": "PARASAUNIA NEAR MAHHUA POLICE STATION .",
    "City": "Vaishali",
    "State": "BIHAR",
    "FatherName": "MD.Nasirrudin",
    "HighestQualification": "",
    "StoreId": 1,
    "Store": {
      "StoreId": 1,
      "StoreCode": "JH0006",
      "StoreName": "Aprajita Retails",
      "Address": "Bhagalpur Road Dumka",
      "City": "Dumka",
      "PinCode": "814101",
      "PhoneNo": "06434-224461",
      "StoreManagerName": "Alok Kumar",
      "StoreManagerPhoneNo": "",
      "PanNo": "AJHPA7396P",
      "GSTNO": "20AJHPA739P1zv",
      "NoOfEmployees": 9,
      "OpeningDate": "2016-02-17T00:00:00",
      "Status": true,
      "EntryStatus": 0,
      "IsReadOnly": false
    },
    "UserId": "AmitKumar",
    "EntryStatus": 0,
    "IsReadOnly": true
  },
  {
    "EmployeeId": 8,
    "FirstName": "IMTIYAZ",
    "LastName": "",
    "MobileNo": "6200968317",
    "JoiningDate": "2016-08-01T00:00:00",
    "IsWorking": true,
    "Category": 6,
    "IsTailors": true,
    "EMail": "",
    "DateOfBirth": "0001-01-01T00:00:00",
    "AdharNumber": "",
    "PanNo": "",
    "OtherIdDetails": "",
    "Address": "",
    "City": "",
    "State": "",
    "FatherName": "",
    "HighestQualification": "",
    "StoreId": 1,
    "Store": {
      "StoreId": 1,
      "StoreCode": "JH0006",
      "StoreName": "Aprajita Retails",
      "Address": "Bhagalpur Road Dumka",
      "City": "Dumka",
      "PinCode": "814101",
      "PhoneNo": "06434-224461",
      "StoreManagerName": "Alok Kumar",
      "StoreManagerPhoneNo": "",
      "PanNo": "AJHPA7396P",
      "GSTNO": "20AJHPA739P1zv",
      "NoOfEmployees": 9,
      "OpeningDate": "2016-02-17T00:00:00",
      "Status": true,
      "EntryStatus": 0,
      "IsReadOnly": false
    },
    "UserId": "AlokKumar",
    "EntryStatus": 0,
    "IsReadOnly": true
  },
  {
    "EmployeeId": 9,
    "FirstName": "IMTIYAZ(A)",
    "LastName": "",
    "MobileNo": "7258964591",
    "JoiningDate": "2020-01-17T00:00:00",
    "IsWorking": true,
    "Category": 6,
    "IsTailors": true,
    "EMail": "",
    "DateOfBirth": "0001-01-01T00:00:00",
    "AdharNumber": "",
    "PanNo": "",
    "OtherIdDetails": "",
    "Address": "",
    "City": "",
    "State": "",
    "FatherName": "",
    "HighestQualification": "",
    "StoreId": 1,
    "Store": {
      "StoreId": 1,
      "StoreCode": "JH0006",
      "StoreName": "Aprajita Retails",
      "Address": "Bhagalpur Road Dumka",
      "City": "Dumka",
      "PinCode": "814101",
      "PhoneNo": "06434-224461",
      "StoreManagerName": "Alok Kumar",
      "StoreManagerPhoneNo": "",
      "PanNo": "AJHPA7396P",
      "GSTNO": "20AJHPA739P1zv",
      "NoOfEmployees": 9,
      "OpeningDate": "2016-02-17T00:00:00",
      "Status": true,
      "EntryStatus": 0,
      "IsReadOnly": false
    },
    "UserId": "AlokKumar",
    "EntryStatus": 0,
    "IsReadOnly": true
  },
  {
    "EmployeeId": 10,
    "FirstName": "Md.",
    "LastName": "Jafar ",
    "MobileNo": "8809689906",
    "JoiningDate": "2016-05-01T00:00:00",
    "LeavingDate": "2019-10-25T00:00:00",
    "IsWorking": false,
    "Category": 6,
    "IsTailors": true,
    "EMail": "",
    "DateOfBirth": "0001-01-01T00:00:00",
    "AdharNumber": "",
    "PanNo": "",
    "OtherIdDetails": "",
    "Address": "",
    "City": "",
    "State": "",
    "FatherName": "",
    "HighestQualification": "",
    "StoreId": 1,
    "Store": {
      "StoreId": 1,
      "StoreCode": "JH0006",
      "StoreName": "Aprajita Retails",
      "Address": "Bhagalpur Road Dumka",
      "City": "Dumka",
      "PinCode": "814101",
      "PhoneNo": "06434-224461",
      "StoreManagerName": "Alok Kumar",
      "StoreManagerPhoneNo": "",
      "PanNo": "AJHPA7396P",
      "GSTNO": "20AJHPA739P1zv",
      "NoOfEmployees": 9,
      "OpeningDate": "2016-02-17T00:00:00",
      "Status": true,
      "EntryStatus": 0,
      "IsReadOnly": false
    },
    "UserId": "AlokKumar",
    "EntryStatus": 0,
    "IsReadOnly": true
  },
  {
    "EmployeeId": 11,
    "FirstName": "Geetanjali",
    "LastName": "Kumari Verma ",
    "MobileNo": "9508907911",
    "JoiningDate": "2020-09-11T00:00:00",
    "IsWorking": true,
    "Category": 4,
    "IsTailors": false,
    "EMail": "geetanjaliverma754485@gmail.com",
    "DateOfBirth": "0001-01-01T00:00:00",
    "AdharNumber": "538766592132",
    "PanNo": "",
    "OtherIdDetails": "N/A",
    "Address": "Rasikpur Kurwa Dumka.",
    "City": "DUMKA",
    "State": "Jharkhand",
    "FatherName": "Rajesh Kumar Verma",
    "HighestQualification": "",
    "StoreId": 1,
    "Store": {
      "StoreId": 1,
      "StoreCode": "JH0006",
      "StoreName": "Aprajita Retails",
      "Address": "Bhagalpur Road Dumka",
      "City": "Dumka",
      "PinCode": "814101",
      "PhoneNo": "06434-224461",
      "StoreManagerName": "Alok Kumar",
      "StoreManagerPhoneNo": "",
      "PanNo": "AJHPA7396P",
      "GSTNO": "20AJHPA739P1zv",
      "NoOfEmployees": 9,
      "OpeningDate": "2016-02-17T00:00:00",
      "Status": true,
      "EntryStatus": 0,
      "IsReadOnly": false
    },
    "UserId": "AmitKumar",
    "EntryStatus": 0,
    "IsReadOnly": true
  },
  {
    "EmployeeId": 12,
    "FirstName": "MD.",
    "LastName": "ABBAS ",
    "MobileNo": "7667781261",
    "JoiningDate": "2020-10-12T00:00:00",
    "IsWorking": true,
    "Category": 6,
    "IsTailors": true,
    "EMail": "mdabbas1271@gmail.com",
    "DateOfBirth": "0001-01-01T00:00:00",
    "AdharNumber": "813108934984",
    "PanNo": "DBLPA3291L",
    "OtherIdDetails": "",
    "Address": "MASJID GALI,KARBALA ROAD,DUDHANI,DUMKA",
    "City": "DUMKA",
    "State": "Jharkhand",
    "FatherName": "MD. HANIF",
    "HighestQualification": "",
    "StoreId": 1,
    "Store": {
      "StoreId": 1,
      "StoreCode": "JH0006",
      "StoreName": "Aprajita Retails",
      "Address": "Bhagalpur Road Dumka",
      "City": "Dumka",
      "PinCode": "814101",
      "PhoneNo": "06434-224461",
      "StoreManagerName": "Alok Kumar",
      "StoreManagerPhoneNo": "",
      "PanNo": "AJHPA7396P",
      "GSTNO": "20AJHPA739P1zv",
      "NoOfEmployees": 9,
      "OpeningDate": "2016-02-17T00:00:00",
      "Status": true,
      "EntryStatus": 0,
      "IsReadOnly": false
    },
    "UserId": "alok",
    "EntryStatus": 0,
    "IsReadOnly": true
  },
  {
    "EmployeeId": 13,
    "FirstName": "Sanjay",
    "LastName": "Rana ",
    "MobileNo": "7484865497",
    "JoiningDate": "2020-12-18T00:00:00",
    "IsWorking": false,
    "Category": 2,
    "IsTailors": false,
    "EMail": "bad86754@gmail.com",
    "DateOfBirth": "0001-01-01T00:00:00",
    "AdharNumber": "783399167839",
    "PanNo": "",
    "OtherIdDetails": "",
    "Address": "Haroraydih PS-Masaliya Dumka.",
    "City": "Dumka",
    "State": "Jharkhand",
    "FatherName": "Hiralal Rana",
    "HighestQualification": "",
    "StoreId": 1,
    "Store": {
      "StoreId": 1,
      "StoreCode": "JH0006",
      "StoreName": "Aprajita Retails",
      "Address": "Bhagalpur Road Dumka",
      "City": "Dumka",
      "PinCode": "814101",
      "PhoneNo": "06434-224461",
      "StoreManagerName": "Alok Kumar",
      "StoreManagerPhoneNo": "",
      "PanNo": "AJHPA7396P",
      "GSTNO": "20AJHPA739P1zv",
      "NoOfEmployees": 9,
      "OpeningDate": "2016-02-17T00:00:00",
      "Status": true,
      "EntryStatus": 0,
      "IsReadOnly": false
    },
    "UserId": "AmitKumar",
    "EntryStatus": 0,
    "IsReadOnly": true
  },
  {
    "EmployeeId": 14,
    "FirstName": "Amit",
    "LastName": "Thakur ",
    "MobileNo": "7061099212",
    "JoiningDate": "2021-01-04T00:00:00",
    "IsWorking": true,
    "Category": 0,
    "IsTailors": false,
    "EMail": "amitmgr985@gmail.com",
    "DateOfBirth": "0001-01-01T00:00:00",
    "AdharNumber": "293709835450",
    "PanNo": "AOQPT4061E",
    "OtherIdDetails": "",
    "Address": "Purabsarai Munger",
    "City": "Munger",
    "State": "Bihar",
    "FatherName": "Chander Dev Thakur",
    "HighestQualification": "",
    "StoreId": 1,
    "Store": {
      "StoreId": 1,
      "StoreCode": "JH0006",
      "StoreName": "Aprajita Retails",
      "Address": "Bhagalpur Road Dumka",
      "City": "Dumka",
      "PinCode": "814101",
      "PhoneNo": "06434-224461",
      "StoreManagerName": "Alok Kumar",
      "StoreManagerPhoneNo": "",
      "PanNo": "AJHPA7396P",
      "GSTNO": "20AJHPA739P1zv",
      "NoOfEmployees": 9,
      "OpeningDate": "2016-02-17T00:00:00",
      "Status": true,
      "EntryStatus": 0,
      "IsReadOnly": false
    },
    "UserId": "AmitKumar",
    "EntryStatus": 0,
    "IsReadOnly": true
  },
  {
    "EmployeeId": 15,
    "FirstName": "Timoti",
    "LastName": "Marandi ",
    "MobileNo": "8969181647",
    "JoiningDate": "2021-01-25T00:00:00",
    "LeavingDate": "2021-03-31T18:30:00",
    "IsWorking": false,
    "Category": 2,
    "IsTailors": false,
    "EMail": "Notworking@notworking.com",
    "DateOfBirth": "1999-12-31T18:30:00",
    "AdharNumber": "NA",
    "PanNo": "NA",
    "OtherIdDetails": "NA",
    "Address": "Shreepur Bazar,Sahebganj",
    "City": "Sahebganj",
    "State": "Jharkhand",
    "FatherName": "Barnabas Marandi",
    "HighestQualification": "NA",
    "StoreId": 1,
    "Store": {
      "StoreId": 1,
      "StoreCode": "JH0006",
      "StoreName": "Aprajita Retails",
      "Address": "Bhagalpur Road Dumka",
      "City": "Dumka",
      "PinCode": "814101",
      "PhoneNo": "06434-224461",
      "StoreManagerName": "Alok Kumar",
      "StoreManagerPhoneNo": "",
      "PanNo": "AJHPA7396P",
      "GSTNO": "20AJHPA739P1zv",
      "NoOfEmployees": 9,
      "OpeningDate": "2016-02-17T00:00:00",
      "Status": true,
      "EntryStatus": 0,
      "IsReadOnly": false
    },
    "UserId": "AmitKumar",
    "EntryStatus": 0,
    "IsReadOnly": true
  },
  {
    "EmployeeId": 16,
    "FirstName": "Bikash",
    "LastName": "Kumar Sah",
    "MobileNo": "1234567890",
    "JoiningDate": "2016-02-17T00:00:00",
    "LeavingDate": "2016-12-31T00:00:00",
    "IsWorking": false,
    "Category": 0,
    "IsTailors": false,
    "EMail": "test@Aprajitaretails.in",
    "DateOfBirth": "2021-02-16T00:00:00",
    "PanNo": "Pan",
    "Address": "The Arvind Store Dumka, Near Tata",
    "City": "Dumka, Jharkhand",
    "State": "Bihar",
    "FatherName": "FatherName",
    "StoreId": 1,
    "Store": {
      "StoreId": 1,
      "StoreCode": "JH0006",
      "StoreName": "Aprajita Retails",
      "Address": "Bhagalpur Road Dumka",
      "City": "Dumka",
      "PinCode": "814101",
      "PhoneNo": "06434-224461",
      "StoreManagerName": "Alok Kumar",
      "StoreManagerPhoneNo": "",
      "PanNo": "AJHPA7396P",
      "GSTNO": "20AJHPA739P1zv",
      "NoOfEmployees": 9,
      "OpeningDate": "2016-02-17T00:00:00",
      "Status": true,
      "EntryStatus": 0,
      "IsReadOnly": false
    },
    "UserId": "Admin",
    "EntryStatus": 0,
    "IsReadOnly": false
  },
  {
    "EmployeeId": 20,
    "FirstName": "Aman",
    "LastName": "Kumar",
    "MobileNo": " 1234567890",
    "JoiningDate": "2021-04-02T00:00:00",
    "IsWorking": true,
    "Category": 2,
    "IsTailors": false,
    "EMail": "Amankumar@gmail.com",
    "DateOfBirth": "2000-01-01T00:00:00",
    "AdharNumber": "NA",
    "PanNo": "NA",
    "OtherIdDetails": "N/A",
    "Address": "Bhaglpur Road Dumka",
    "City": "Dumka",
    "State": "Jharkhand",
    "StoreId": 1,
    "Store": {
      "StoreId": 1,
      "StoreCode": "JH0006",
      "StoreName": "Aprajita Retails",
      "Address": "Bhagalpur Road Dumka",
      "City": "Dumka",
      "PinCode": "814101",
      "PhoneNo": "06434-224461",
      "StoreManagerName": "Alok Kumar",
      "StoreManagerPhoneNo": "",
      "PanNo": "AJHPA7396P",
      "GSTNO": "20AJHPA739P1zv",
      "NoOfEmployees": 9,
      "OpeningDate": "2016-02-17T00:00:00",
      "Status": true,
      "EntryStatus": 0,
      "IsReadOnly": false
    },
    "UserId": "Admin",
    "EntryStatus": 0,
    "IsReadOnly": false
  }
]