[
  {
    "StoreId": 1,
    "StoreCode": "JH0006",
    "StoreName": "Aprajita Retails",
    "Address": "Bhagalpur Road Dumka",
    "City": "Dumka",
    "PinCode": "814101",
    "PhoneNo": "06434-224461",
    "StoreManagerName": "Alok Kumar",
    "StoreManagerPhoneNo": "",
    "PanNo": "AJHPA7396P",
    "GSTNO": "20AJHPA739P1zv",
    "NoOfEmployees": 9,
    "OpeningDate": "2016-02-17T00:00:00",
    "Status": true,
    "EntryStatus": 0,
    "IsReadOnly": false
  },
  {
    "StoreId": 2,
    "StoreCode": "JHC0014",
    "StoreName": "Aprajita Retails Jamshedpur",
    "Address": "Sakchi",
    "City": "Jamshedpur",
    "PinCode": "810101",
    "PhoneNo": "06434224461",
    "StoreManagerName": "Somnath Mukherjee",
    "StoreManagerPhoneNo": "",
    "PanNo": "AJHPA7396P",
    "GSTNO": "20AJHPA7396P1PZ",
    "NoOfEmployees": 0,
    "OpeningDate": "2017-09-14T18:30:00",
    "Status": false,
    "EntryStatus": 0,
    "IsReadOnly": false
  }
]